file_id,lowlevel.dynamic_complexity,lowlevel.loudness_ebu128.integrated,melody.pitch_range,melody.direction,melody.duration_weighted_mean_pitch_height,melody.diff_abs_mean,melody.diff_abs_std,melody.hist_interval_0,melody.hist_interval_1,melody.hist_interval_2,melody.hist_interval_3,melody.hist_interval_4,melody.hist_interval_5,melody.hist_interval_6,melody.hist_interval_7,melody.hist_interval_8,melody.hist_interval_9,melody.hist_interval_10,melody.hist_interval_11,rhythm.beats_loudness.mean,rhythm.beats_loudness.stdev,rhythm.bpm,rhythm.bpm_histogram_first_peak_bpm,rhythm.bpm_histogram_first_peak_weight,rhythm.bpm_histogram_second_peak_bpm,rhythm.bpm_histogram_second_peak_weight,rhythm.danceability,rhythm.onset_rate,timbre.mfcc_mean_0,timbre.mfcc_mean_1,timbre.mfcc_mean_2,timbre.mfcc_mean_3,timbre.mfcc_mean_4,timbre.mfcc_mean_5,timbre.mfcc_mean_6,timbre.mfcc_mean_7,timbre.mfcc_mean_8,timbre.mfcc_mean_9,timbre.mfcc_mean_10,timbre.mfcc_mean_11,timbre.mfcc_std_0,timbre.mfcc_std_1,timbre.mfcc_std_2,timbre.mfcc_std_3,timbre.mfcc_std_4,timbre.mfcc_std_5,timbre.mfcc_std_6,timbre.mfcc_std_7,timbre.mfcc_std_8,timbre.mfcc_std_9,timbre.mfcc_std_10,timbre.mfcc_std_11,timbre.delta_mfcc_mean_0,timbre.delta_mfcc_mean_1,timbre.delta_mfcc_mean_2,timbre.delta_mfcc_mean_3,timbre.delta_mfcc_mean_4,timbre.delta_mfcc_mean_5,timbre.delta_mfcc_mean_6,timbre.delta_mfcc_mean_7,timbre.delta_mfcc_mean_8,timbre.delta_mfcc_mean_9,timbre.delta_mfcc_mean_10,timbre.delta_mfcc_mean_11,timbre.delta_mfcc_std_0,timbre.delta_mfcc_std_1,timbre.delta_mfcc_std_2,timbre.delta_mfcc_std_3,timbre.delta_mfcc_std_4,timbre.delta_mfcc_std_5,timbre.delta_mfcc_std_6,timbre.delta_mfcc_std_7,timbre.delta_mfcc_std_8,timbre.delta_mfcc_std_9,timbre.delta_mfcc_std_10,timbre.delta_mfcc_std_11,lowlevel.melbands_flatness_db.mean,lowlevel.melbands_flatness_db.stdev,lowlevel.melbands_kurtosis.mean,lowlevel.melbands_kurtosis.stdev,lowlevel.melbands_skewness.mean,lowlevel.melbands_skewness.stdev,lowlevel.melbands_spread.mean,lowlevel.melbands_spread.stdev,lowlevel.spectral_centroid.mean,lowlevel.spectral_centroid.stdev,lowlevel.spectral_complexity.mean,lowlevel.spectral_complexity.stdev,lowlevel.spectral_contrast_coeffs.mean_0,lowlevel.spectral_contrast_coeffs.mean_1,lowlevel.spectral_contrast_coeffs.mean_2,lowlevel.spectral_contrast_coeffs.mean_3,lowlevel.spectral_contrast_coeffs.mean_4,lowlevel.spectral_contrast_coeffs.mean_5,lowlevel.spectral_contrast_coeffs.stdev_0,lowlevel.spectral_contrast_coeffs.stdev_1,lowlevel.spectral_contrast_coeffs.stdev_2,lowlevel.spectral_contrast_coeffs.stdev_3,lowlevel.spectral_contrast_coeffs.stdev_4,lowlevel.spectral_contrast_coeffs.stdev_5,lowlevel.spectral_contrast_valleys.mean_0,lowlevel.spectral_contrast_valleys.mean_1,lowlevel.spectral_contrast_valleys.mean_2,lowlevel.spectral_contrast_valleys.mean_3,lowlevel.spectral_contrast_valleys.mean_4,lowlevel.spectral_contrast_valleys.mean_5,lowlevel.spectral_contrast_valleys.stdev_0,lowlevel.spectral_contrast_valleys.stdev_1,lowlevel.spectral_contrast_valleys.stdev_2,lowlevel.spectral_contrast_valleys.stdev_3,lowlevel.spectral_contrast_valleys.stdev_4,lowlevel.spectral_contrast_valleys.stdev_5,lowlevel.spectral_flux.mean,lowlevel.spectral_flux.stdev,lowlevel.zerocrossingrate.mean,lowlevel.zerocrossingrate.stdev,harmony.chromagram_mean_0,harmony.chromagram_mean_1,harmony.chromagram_mean_2,harmony.chromagram_mean_3,harmony.chromagram_mean_4,harmony.chromagram_mean_5,harmony.chromagram_mean_6,harmony.chromagram_mean_7,harmony.chromagram_mean_8,harmony.chromagram_mean_9,harmony.chromagram_mean_10,harmony.chromagram_mean_11,harmony.chromagram_std_0,harmony.chromagram_std_1,harmony.chromagram_std_2,harmony.chromagram_std_3,harmony.chromagram_std_4,harmony.chromagram_std_5,harmony.chromagram_std_6,harmony.chromagram_std_7,harmony.chromagram_std_8,harmony.chromagram_std_9,harmony.chromagram_std_10,harmony.chromagram_std_11,lowlevel.pitch_salience.mean,lowlevel.pitch_salience.stdev,tonal.chords_histogram_0,tonal.chords_histogram_1,tonal.chords_histogram_2,tonal.chords_histogram_3,tonal.chords_histogram_4,tonal.chords_histogram_5,tonal.chords_histogram_6,tonal.chords_histogram_7,tonal.chords_histogram_8,tonal.chords_histogram_9,tonal.chords_histogram_10,tonal.chords_histogram_11,tonal.chords_histogram_12,tonal.chords_histogram_13,tonal.chords_histogram_14,tonal.chords_histogram_15,tonal.chords_histogram_16,tonal.chords_histogram_17,tonal.chords_histogram_18,tonal.chords_histogram_19,tonal.chords_histogram_20,tonal.chords_histogram_21,tonal.chords_histogram_22,tonal.chords_histogram_23,tonal.key_krumhansl.key_0,tonal.key_krumhansl.key_1,tonal.key_krumhansl.key_2,tonal.key_krumhansl.key_3,tonal.key_krumhansl.key_4,tonal.key_krumhansl.key_5,tonal.key_krumhansl.key_6,tonal.key_krumhansl.key_7,tonal.key_krumhansl.key_8,tonal.key_krumhansl.key_9,tonal.key_krumhansl.key_10,tonal.key_krumhansl.key_11,tonal.key_krumhansl.scale,tonal.key_krumhansl.strength,youtube_id,care,harm,fairness,cheating,loyalty,betrayal,authority,subversion,purity,degradation
t_sRjqjaexs,1.6947660446166992,-5.2380805015563965,6.915908900380871,0.0071942446043165,72.18518518518516,6.071942446043166,5.097100724455883,0.4,0.8,0.4,0.4,0.28,0.48,0.32,0.44,0.44,0.24,0.36,1.0,0.0343118943274021,0.0137710524722933,111.19367218017578,112.0,0.65625,103.0,0.1592920422554016,1.008117914199829,3.1746182441711426,70.40320507576168,16.031731089307026,24.659698978231557,-5.953145980027924,14.20998487978334,4.66160715879518,7.10375597126705,2.7966086173692624,3.329291366622112,2.420264954371863,1.931344835474838,-2.620754993507044,11.64177837522942,17.518134256074486,12.255816340785138,9.475582575683298,11.081562760795562,8.624207143682039,8.440649455956052,8.235381618256916,7.778879582142874,6.986081376458755,6.789508035752925,6.717190346744968,1.1396761519245827e-05,-0.0007447712496973,0.0003320388482088,9.077253059841813e-05,0.0006653796613549,0.0007518961745363,0.0001757191899207,-5.091494007202444e-05,0.0001450114535987,0.0002187604812522,0.0004533809785167,0.0005773249885034,1.610379647772241,2.0559986728374198,1.581387713323133,1.453075534448447,1.5856405317225808,1.4006852101396097,1.346992674597668,1.3619666945807212,1.2809854162854093,1.180427006355497,1.1422088336515928,1.1383875443548463,0.1491962522268295,0.0489778518676757,13.86825466156006,43.32547378540039,2.811018943786621,1.7687493562698364,31.62071990966797,13.90377140045166,1912.107421875,479.205322265625,35.18080520629883,11.080001831054688,-0.70538104,-0.7943307,-0.7885454,-0.81609285,-0.802036,-0.723072,0.060137678,0.051793642,0.04430228,0.032354537,0.024418548,0.046943914,-6.1851115,-6.1643376,-6.6979523,-7.099578,-6.54193,-9.55873,0.70248055,0.78536296,0.8089224,0.78219473,0.7371579,1.1721746,0.1073058173060417,0.0408957637846469,0.0825430527329444,0.0278296880424022,0.6689598881584784,0.6367550189736997,0.6115338126000129,0.5247980048068089,0.6135303801063124,0.5800413439231306,0.4636084645388311,0.5944242322621129,0.6632541129142315,0.6653892055413342,0.5146807542084408,0.5186139882464649,0.2189343777520646,0.2043714079161859,0.1761087245884012,0.1698037940095094,0.2183280769162451,0.2015244596635862,0.1621611841204749,0.2055811160047561,0.1993123496895743,0.2168178105694314,0.2005294281060412,0.1751885320689949,0.643975555896759,0.0951796993613243,2.729885,0.0,0.0,0.0,0.0,8.836206,14.511495,4.525862,1.3649426,0.0,4.525862,0.57471263,1.795977,0.28735632,9.123563,10.272988,0.93390805,13.146552,0.0,1.0775862,0.0,1.9396552,21.479885,2.8735633,0.0,0.0,0.0,0.0,0.0,0.0,0.0,0.0,1.0,0.0,0.0,0.0,1,0.4670557379722595,t_sRjqjaexs,0,1,0,0,0,1,0,1,0,0
Kky-NPNGOd0,5.906697750091553,-17.887123107910156,4.769341237370516,0.0139860139860139,54.41666889775374,3.4825174825174825,3.307869715374257,0.5681818181818182,0.9772727272727272,1.0,0.3181818181818182,0.1818181818181818,0.4318181818181818,0.0227272727272727,0.5227272727272727,0.1590909090909091,0.6590909090909091,0.7954545454545454,0.8636363636363636,0.0263916570693254,0.0285146664828062,141.06344604492188,140.0,0.4285714626312256,120.0,0.013157894834876,1.0430505275726318,2.667898178100586,60.91089154000736,27.17670692879325,18.93768577750509,13.177270809526892,5.057855404092181,2.888268698157757,2.594925511771338,0.7390561156821197,1.1779202805806626,1.0718558007963894,-0.7070074332547953,-0.8890690286953906,19.7083090242135,16.428193212038924,14.342741793011408,10.771944471769483,10.454141523585513,8.872039758726215,6.780078614011375,7.064876249084582,7.919483637508437,6.9966658558571,6.862350626387689,6.301576602409175,-0.0002509487981611,-0.0001415478473991,4.012801080684733e-06,7.663749974341746e-05,8.290509604457603e-05,8.702638604687401e-05,7.499431738337958e-05,4.865440365856309e-05,4.568523138803876e-05,3.614199203712819e-05,5.721262115398983e-06,1.8189470619071665e-05,1.4326841883640034,1.20181973172667,1.1893772967394676,0.9451874637695036,1.005121538138569,0.9507504933584172,0.8028181357961541,0.8036000834058586,0.836948199784143,0.7609399529512058,0.7717363220307074,0.7168444835630621,0.2663338780403137,0.0785500556230545,17.649837493896484,70.21855926513672,2.7321572303771973,1.8523404598236084,13.010298728942873,13.318093299865724,771.29052734375,846.7369995117188,9.834181785583496,6.979383945465088,-0.70816797,-0.741648,-0.7610868,-0.79173446,-0.7917238,-0.79066956,0.074013025,0.068055734,0.06989744,0.058814734,0.049378164,0.045563757,-7.160457,-7.446484,-8.431742,-8.705887,-9.231033,-11.704181,1.7621319,1.7859275,1.7704073,1.7629149,1.7802875,1.7682273,0.0463813990354537,0.0490825735032558,0.0374289602041244,0.0413462370634079,0.6268118512448634,0.2750574948551934,0.475652969967224,0.2420403735693068,0.3662054762001606,0.3197217380408295,0.2202963376540169,0.5824556674982069,0.1628260610261415,0.2331574163960937,0.1319314698873103,0.3249487880016513,0.3440805805089982,0.2069218679350123,0.3027575038721948,0.1758373065957441,0.2381739038130602,0.2596535796013279,0.1559420249728376,0.2817290337980558,0.1290421212710561,0.1930249687329308,0.1094375794786497,0.2244970500858455,0.5787698030471802,0.1106705218553543,48.199905,5.2581716,23.282804,0.0,0.4973946,0.07105637,0.0,0.0,0.0,0.118427284,0.47370914,0.09474183,0.0,0.0,0.0,0.6631928,0.0,0.1657982,0.023685457,0.828991,0.0,9.33207,8.124112,2.8659403,0.0,1.0,0.0,0.0,0.0,0.0,0.0,0.0,0.0,0.0,0.0,0.0,0,0.9025549292564392,Kky-NPNGOd0,0,1,0,1,0,0,0,0,0,0
btD-RtHjrrE,4.132512092590332,-10.646621704101562,5.652056475185592,0.0520361990950226,63.1120988005499,3.678733031674208,3.620073525695693,0.7972972972972973,0.527027027027027,1.0,0.4729729729729729,0.2702702702702703,0.4189189189189189,0.0675675675675675,0.4324324324324324,0.2162162162162162,0.3108108108108108,0.7837837837837838,0.6756756756756757,0.0557094700634479,0.0560848377645015,119.49319458007812,120.0,0.2820513248443603,172.0,0.0267857145518064,1.2859938144683838,3.46451997756958,55.32065645814049,28.345530147712296,18.56106159431427,13.097644379622414,6.064210182315987,4.05137511133767,1.657238850282864,1.5489075829149397,-0.9947810071189992,-2.421375303179508,-0.5077436328723438,1.5011980014430693,15.746066033777328,17.29739081215975,13.107913232622836,8.840909839802055,10.08070969594053,8.028608277480414,8.730166601520214,9.20994529448842,7.882081296468381,7.78090216064137,7.853567255487785,8.263372324487221,-5.952504816235053e-05,-4.518165821925967e-05,-6.222020467242478e-06,5.678593653531628e-05,0.0001223414029944,0.000161888289895,0.0001637783202609,0.0001425107858562,0.0001220530507739,0.000110934717058,9.742944217605938e-05,6.996814588721137e-05,1.7323139865852462,2.035481605530486,1.2753234183213165,1.0193983524884342,1.0534836736731217,0.9953720748941296,1.0409333858309235,0.9861879098018578,0.9891303468005164,0.9348947733152771,0.9019388601311306,0.9229560814613568,0.2215680927038192,0.0704959332942962,36.64269256591797,62.95260238647461,3.9002487659454346,2.903069257736206,24.153276443481445,30.51540756225586,1286.592529296875,1060.064697265625,12.344274520874023,9.008471488952637,-0.712918,-0.71722853,-0.7386398,-0.7737228,-0.7916882,-0.80143464,0.09749675,0.08240252,0.08208448,0.06945594,0.04577619,0.035326287,-6.82395,-7.1593246,-8.224081,-8.519342,-8.14978,-9.475868,1.3679417,1.095829,1.2842261,1.3006566,1.1821109,1.1231834,0.0930458456277847,0.079270988702774,0.1043807119131088,0.0966374427080154,0.5911808638936283,0.3968647430451065,0.5429158285667418,0.3566360261078176,0.516492331420166,0.2879226058860984,0.3757501622316472,0.5428551743980139,0.3032409640856517,0.5016621441532992,0.2458628568602512,0.5367418753044882,0.3287898523505007,0.270738192960025,0.2775066770733992,0.2330366722719732,0.2820422239253941,0.1847148712845684,0.2292143430001583,0.2752175742390165,0.1779092268548786,0.2886127793365416,0.1685345439915847,0.277866100771982,0.485797107219696,0.1242475435137748,38.44551,4.1883726,13.148573,0.0,1.4586372,0.16670139,1.9795791,0.0,0.0,0.0,0.0,0.0,0.0,0.0,0.06251302,1.5003126,0.0,0.29172745,0.4167535,6.6263804,2.0212545,11.439883,3.8758075,14.3779955,0.0,0.0,0.0,0.0,0.0,0.0,0.0,0.0,1.0,0.0,0.0,0.0,0,0.6637964248657227,btD-RtHjrrE,1,0,0,1,0,0,0,0,0,0
vD7NIP8OcAA,4.082354545593262,-10.622302055358888,4.597575862254452,-0.0189035916824196,65.80597661972674,3.368620037807184,3.121702522683381,0.5432098765432098,0.925925925925926,0.6172839506172839,0.4444444444444444,0.3950617283950617,0.5185185185185185,0.2345679012345679,0.2962962962962963,0.2716049382716049,0.5925925925925926,0.691358024691358,1.0,0.034909687936306,0.0190242733806371,90.87291717529295,91.0,0.1518438458442688,86.0,0.0043196543119847,1.188078761100769,4.713719844818115,71.02392327462276,18.789365225073123,11.752515282226035,9.998703520820332,0.5248891202337985,-5.185614647754271,-2.413144084247184,0.513785093115606,-3.999918414899552,-6.958752458127355,-3.007401078694725,2.1808547274663708,18.691841494978263,16.753079481884388,12.66192601482764,10.469139837228155,10.247346773820054,9.89229149358581,9.48727858526011,8.53193764729225,8.571743216311761,9.119650028986918,8.777818167029173,9.033239344624358,-0.000899256277807,-0.0003532962740786,-0.0002591735212626,-0.0002132931143364,-7.960315179459231e-05,-1.6943053885388715e-05,-6.622400235791361e-05,-2.5469697553164e-05,5.569823571216664e-05,8.276065041917059e-05,6.532545060223917e-05,2.5297499296862426e-05,2.2002744682333626,2.0976873678242565,1.4630107884263417,1.457034840428267,1.3028448037116185,1.2710117849182887,1.2135085486207298,1.1117893016153868,1.11253804191725,1.1209294266703669,1.0864502341360205,1.076573408382039,0.2054570019245147,0.0748793855309486,16.308870315551758,30.17313003540039,2.5913031101226807,1.7629117965698242,20.18727302551269,17.101377487182617,1085.1275634765625,693.7293090820312,14.847543716430664,8.296453475952148,-0.68746805,-0.7065956,-0.7396612,-0.76286757,-0.781504,-0.771658,0.099894255,0.0926812,0.069007196,0.060230218,0.048212428,0.036447857,-7.064475,-6.8906417,-7.857844,-8.042952,-8.2733345,-10.501553,1.3352882,1.3014975,1.2715268,1.2756313,1.3084427,1.3907286,0.0780820399522781,0.0530283004045486,0.056924995034933,0.0439142808318138,0.6708178884942628,0.3147428004710516,0.3763566606708695,0.544332920330457,0.4089513009745805,0.5604757799474989,0.4580516381591166,0.5690131862425022,0.3733894182144047,0.4067067666880355,0.4325119895081612,0.4246889165051101,0.2682409632258262,0.1860965867191721,0.2076745859562121,0.2559667215357932,0.2060161699485937,0.2810121122795308,0.2302553029794683,0.2497608412854599,0.2065210799342323,0.2340644601351131,0.230500470146361,0.2381763466079846,0.529512882232666,0.1276389509439468,49.50121,9.159613,0.45344618,2.1160822,1.9498186,15.522975,0.64993954,1.8591294,0.5743652,0.7406288,3.113664,0.39298669,0.0,0.0,0.27206773,0.07557437,0.8917775,1.5870616,1.1638452,0.15114874,0.06045949,0.0,4.6553807,5.108827,0.0,0.0,0.0,0.0,0.0,0.0,0.0,0.0,0.0,0.0,1.0,0.0,1,0.5865695476531982,vD7NIP8OcAA,0,0,0,0,0,0,0,0,1,0
q5sQHWfRI60,4.36821985244751,-11.01365566253662,6.382746410272004,0.0170454545454545,67.03936304273114,3.5923295454545454,3.4579451045303267,0.65,0.9,1.0,0.48,0.19,0.62,0.14,0.57,0.31,0.39,1.0,0.79,0.0402405261993408,0.0337477438151836,79.97604370117188,80.0,0.0616622567176818,117.0,0.1236263737082481,1.0835744142532349,2.7507660388946533,55.24938222273002,15.812288953049014,16.817565415687437,6.070459466384003,5.320783317303654,4.594976883214031,3.628266153815505,4.033737108637586,1.0196772299470975,3.7563863469878775,0.2635990573761853,-3.1394018774993686,10.686620251331284,10.595386981838212,9.595536892894168,8.877092548888722,8.007463393995163,7.817446548914806,7.343104846859149,7.596015383900915,7.404211968397528,7.331311073392813,7.354974217450377,7.461461529829772,-0.0004004429265762,-0.0003044689077181,-0.0002642190592943,-1.6395093500557596e-05,8.20544374888139e-07,-7.908728303361728e-05,-2.230224252107097e-05,-7.008624643650558e-05,-0.0001924111045113,-1.938398366735148e-05,1.1563291516368908e-05,-0.0001079349673569,1.057299246412859,1.0575939580018527,1.0100164842167505,0.9708662059397352,0.9674382623915412,0.9463957443860525,0.9075949188675572,0.9173686392486732,0.928733882871438,0.8821736748549407,0.8523854318855071,0.8664948406982088,0.20390684902668,0.0766351372003555,9.628705978393556,14.731139183044434,2.2131521701812744,1.3704094886779783,24.890369415283203,19.76041603088379,1522.8934326171875,1403.123779296875,20.68146133422852,13.38338565826416,-0.7188319,-0.73161244,-0.7311172,-0.7692015,-0.7617315,-0.7335535,0.077595405,0.07385754,0.07980048,0.059910644,0.060435697,0.062350813,-7.0240264,-7.3470917,-8.061019,-8.295904,-8.287048,-11.467015,2.9273443,2.864853,2.840121,2.852563,2.911259,2.568345,0.072610355913639,0.0535284094512462,0.0594550296664238,0.0633537843823432,0.5851522354998837,0.3033913423611678,0.502927282814206,0.2576200870836814,0.4232701294302582,0.4774792972454314,0.2534147641143047,0.4159601808520835,0.2218967803060265,0.4716328351986224,0.3795967120112043,0.3341593038995538,0.2566510600143926,0.1540925541636693,0.2799230550666394,0.137453837173194,0.2471176896524216,0.2734897458631141,0.1310366993208414,0.258346233991016,0.1324886476122514,0.2565448530394414,0.2373027005084385,0.1674693443075052,0.5448963046073914,0.0996609851717948,21.689451,15.782494,20.587635,0.081616,1.32626,0.25505,1.183432,0.27545398,0.14282799,0.061211996,0.0,0.0,0.37747398,0.0,0.0,0.28565598,0.0,1.520098,0.214242,0.68353397,0.0,12.650479,6.080392,16.802692,0.0,0.0,0.0,0.0,0.0,0.0,0.0,1.0,0.0,0.0,0.0,0.0,0,0.777526319026947,q5sQHWfRI60,0,0,0,0,0,0,1,0,0,0
6BnVVTJqL7w,3.781949758529663,-26.141958236694336,5.97123376931245,0.0,69.92826391273347,4.497422680412371,4.235039594588582,0.7962962962962963,0.6666666666666666,0.8148148148148148,0.7222222222222222,0.3703703703703703,0.6666666666666666,0.2037037037037037,0.2962962962962963,0.3888888888888889,0.4259259259259259,1.0,0.8333333333333334,0.0607283525168895,0.030330516397953,106.09415435791016,105.0,0.3135135173797607,0.0,0.0,1.6324656009674072,4.4282755851745605,49.669940291420666,3.919312763689812,8.215705077683827,7.035333458218879,6.593178937910779,5.754098886477612,4.4613395917068015,1.857398384105004,1.9384271812029976,3.207611581126419,2.5611832282162608,4.199602425159278,23.73377508014749,22.05195580342177,19.70637211324229,15.82173966364122,15.271385578882432,13.736802905392414,13.209649693638216,11.733506454655478,11.198406814658332,10.014630385264043,9.849621069322556,9.836180696871931,-5.096446683346254e-05,0.0002566235469273,0.0002453589995249,0.0002604302412561,0.0001886299987462,0.0002015532772162,0.0001630251614973,0.0001680185645209,0.0001190598615741,0.0001105803676358,6.14908395237449e-05,-5.020271046611903e-05,2.5228614518360546,2.138591889706619,2.0032420389404813,1.752212783568422,1.6608189118051402,1.4440510459076936,1.3805148842564252,1.3849803363707434,1.3305658959636146,1.2333645013598364,1.2060055012216968,1.230144300783775,0.1818099319934845,0.0879040583968162,22.61612892150879,57.19270324707031,2.947709560394287,2.817492961883545,34.257537841796875,29.97404670715332,1887.96142578125,881.1376953125,18.97054672241211,13.072521209716797,-0.72415894,-0.7447554,-0.7362534,-0.76593906,-0.78386694,-0.79460686,0.11635057,0.08527202,0.08896345,0.0711628,0.048797052,0.040893078,-7.5885015,-7.296367,-7.7432156,-7.779872,-7.607953,-9.526169,1.9077032,1.3049474,1.2907499,1.2748839,1.2221664,1.2285646,0.1034856662154197,0.0777801871299743,0.0993206053972244,0.0818525105714798,0.7402594605921913,0.4784372658696855,0.5231912237670647,0.4613867817110317,0.512114029001464,0.5578504967372775,0.3576148647189425,0.5283334264603088,0.5086423179142431,0.7097133051840245,0.6508554129817485,0.6663487130421764,0.2528672706007359,0.2139382663316073,0.2167706632740615,0.2142277854736833,0.2233082975303942,0.2554740545410696,0.1719073457251184,0.2309145343877566,0.2157660271381883,0.2280101740772829,0.2410482844602416,0.2635223871418507,0.4929566979408264,0.1574999243021011,45.59894,4.0150013,11.5155525,0.55151117,0.7059343,0.0,0.0,0.06618134,2.183984,0.7279947,0.0,0.0,0.0,0.0,0.0,4.4120893,1.7427752,1.4559894,0.0,0.17648357,0.0,5.7577763,8.250607,12.839179,0.0,0.0,0.0,0.0,0.0,0.0,0.0,0.0,0.0,1.0,0.0,0.0,0,0.8520999550819397,6BnVVTJqL7w,1,0,0,0,0,0,0,0,1,0
x01ZVRPxAhM,3.0010793209075928,-7.493061065673828,4.430122440432446,0.0254041570438799,76.5033526308076,4.087759815242494,3.251102185470541,0.3684210526315789,0.8070175438596491,0.8421052631578947,0.8070175438596491,0.5789473684210527,0.4561403508771929,0.2105263157894736,1.0,0.4210526315789473,0.6140350877192983,0.6842105263157895,0.8070175438596491,0.0300959590822458,0.0133639005944132,140.32154846191406,140.0,0.322992742061615,133.0,0.0107526881620287,1.2580240964889526,3.5105197429656982,49.95576145252754,-5.775521117193386,17.18564656469705,9.142224425169092,3.472946846359448,2.489619945307886,5.746318203044968,3.0555049758707296,7.48005422582447,0.1085513122646318,-0.3158955403821886,1.2627361936689934,16.469376460085275,15.89696975682284,14.81665523944066,10.044576586827196,10.55546515705996,9.681221989791576,9.177032335650916,9.11835575610693,9.538053056877244,8.989173699404105,8.416486279648062,8.337417561297682,-0.0008513267706198,0.0001570327081302,-0.0006044228499279,-7.248088105397988e-05,-4.645564018123857e-05,-5.020134596492193e-05,-4.6701376740646335e-05,-9.516703570672828e-05,-0.0002281853901149,4.979458876949548e-06,-0.0001771145000642,-0.0002364086339201,1.7194645103875164,1.831294309374624,1.6563608010740043,1.3768096121919402,1.3734951086531308,1.4030213479275726,1.333934819382974,1.3240483748706149,1.3482539920418328,1.291423056305314,1.18997078004426,1.2561389696090328,0.0993982180953025,0.0441181547939777,3.0338287353515625,7.562265872955322,1.3512598276138306,1.1037518978118896,54.466285705566406,23.539655685424805,2285.647705078125,662.0803833007812,28.371829986572266,12.541463851928713,-0.74315333,-0.78489745,-0.77331495,-0.77030873,-0.77782655,-0.7490571,0.064761266,0.0638991,0.06207969,0.060103655,0.05209455,0.04118494,-6.9869184,-6.8948603,-7.3108,-7.1971035,-7.0920076,-9.429341,1.4575626,1.401108,1.4066714,1.4480006,1.4682,1.3898622,0.0838360264897346,0.0385777428746223,0.1098184213042259,0.0412465669214725,0.8174392636039421,0.4768039446358847,0.5549342117653371,0.444782986648152,0.4973206610814973,0.4621030844905399,0.3727183073640434,0.6496116111567334,0.461321455584203,0.5476095132409049,0.5326551782396848,0.593594692232029,0.2105549598167478,0.1664379750462718,0.2263599204511832,0.1946800956050285,0.1966331433888304,0.2175557611506402,0.1408658904937226,0.2230830665065568,0.1676858814028614,0.2094975250996326,0.1936080603186713,0.1943287019076565,0.6109937429428101,0.1000802740454673,58.981804,0.6775068,14.382501,0.48393342,0.07742935,0.07742935,0.0,0.0,0.0,0.0,0.0,0.0,0.3290747,0.0,0.0,1.1807976,0.0,5.7104144,0.0,1.955091,0.29036003,1.4324429,13.00813,1.4130856,0.0,0.0,0.0,0.0,1.0,0.0,0.0,0.0,0.0,0.0,0.0,0.0,0,0.889775276184082,x01ZVRPxAhM,1,0,0,0,0,0,0,0,0,0
oG3jsvKsPgE,2.2140378952026367,-4.7453718185424805,4.783195148383605,-0.0241935483870967,76.49482168873122,4.403225806451613,3.617652408539473,0.4342105263157895,0.8026315789473685,0.4736842105263157,0.5394736842105263,0.2631578947368421,0.7105263157894737,0.3421052631578947,0.631578947368421,0.2894736842105263,0.4210526315789473,0.618421052631579,1.0,0.0363206379115581,0.0145367281511425,96.6398468017578,98.0,0.3949191570281982,92.0,0.0203619915992021,0.994900643825531,2.85539174079895,64.28991854664747,-18.27402300319607,27.73297225410364,14.214411539206273,11.481533374175036,16.62636228052536,14.766553406160837,6.682024401159514,3.737235705369131,10.378804795282246,9.549878495513632,-0.7966466076123786,12.2952612401985,12.04046311059946,9.626971438213475,9.559139985616753,8.329635261743388,8.65406566545401,8.222521253761846,8.075631322309633,7.995272211312374,7.24346214463238,7.253601740883978,7.142466302554396,-0.0008705057910525,0.0003856489781811,-0.0004167419337616,-3.623891492257024e-05,-0.0001144153014904,-0.0002069327264238,-0.000220802276835,-0.0001747999152189,-7.712017799292459e-05,-9.724368410598522e-05,-0.0001404692414594,-2.037399275935906e-05,1.7721742843830746,1.6446798355315484,1.3262044701461246,1.2969326375646928,1.2201874510447055,1.293306451575872,1.225858931041041,1.2653047534111426,1.1762080812550455,1.1675949283246911,1.1441732731766563,1.124632894959113,0.1691413819789886,0.0669362396001815,6.3475661277771,11.84420680999756,2.106457471847534,1.381738543510437,39.39767074584961,18.77431297302246,1919.9124755859373,499.9188232421875,34.69703674316406,12.23630714416504,-0.7478126,-0.7885965,-0.78611195,-0.77535486,-0.7824129,-0.7613269,0.060979676,0.055292282,0.046096496,0.038486235,0.02894559,0.029502187,-6.3042326,-6.838498,-6.720021,-6.634636,-6.834757,-9.9146385,0.8573478,0.8116446,0.85327464,0.8431375,1.0474936,1.3505166,0.1047916039824485,0.0385807007551193,0.0682929456233978,0.0254661105573177,0.6560171559942043,0.5970830168042571,0.5305383690758605,0.4595686135860983,0.379453045205859,0.5064068269932407,0.3426291481619717,0.3665230730108839,0.454549258503211,0.3700455364398025,0.6222666082084284,0.5577236921751904,0.1981260017789421,0.2204640431418455,0.18592085060143,0.1774295651996068,0.1613855001592914,0.224433756202348,0.1411561629599935,0.1364130463264562,0.1953802558106622,0.1417827303552586,0.2642593643220282,0.2068652701112279,0.5623732805252075,0.1125996634364128,28.78533,6.8977118,12.213997,7.7388964,8.226784,3.0282638,0.4037685,6.1742935,0.0,10.514805,0.08411844,5.7368774,0.0,0.5047106,0.5888291,0.0,0.0,0.0,1.884253,0.050471064,0.35329744,1.5141319,2.5740242,2.7254374,0.0,0.0,0.0,0.0,0.0,0.0,0.0,0.0,0.0,0.0,0.0,1.0,1,0.5396201610565186,oG3jsvKsPgE,1,0,1,0,1,0,0,0,0,0
y4-9pyBMv7c,2.473010778427124,-10.333827018737791,8.009108413943077,0.0556660039761431,69.6725059781295,5.461232604373757,5.364820618618191,0.63,1.0,0.4,0.27,0.22,0.38,0.34,0.27,0.22,0.24,0.39,0.67,0.0645846202969551,0.0323184318840503,79.9332275390625,80.0,0.0315186381340026,75.0,0.0028571428265422,1.9278100728988647,6.071502208709717,55.751206712390456,28.2277617035545,20.516657967535888,14.417277027980152,11.21995386256832,10.799412940388931,9.989289264493989,10.61287076608561,10.426518843990303,9.341336711205312,7.817121205045109,6.32864470731182,18.601609368325413,14.80868715916651,16.029618314812318,13.1280939778503,11.157227413967336,10.40392272935486,9.724823053204974,9.42719104656527,9.690542793425138,9.122684511889467,7.448510264003445,7.818990756704951,-0.0003219493411537,2.8848700772760728e-05,0.0002429003565106,0.0001439927551124,-1.6944712878534092e-05,-2.19309718490893e-05,9.073453777822832e-05,-8.5351139766276e-05,-6.892676111440202e-05,-4.1253364592892016e-05,2.911789543245167e-06,1.208592141036734e-05,2.679583271730905,2.012340187226577,2.0841087615766174,1.639283516082667,1.5695685214155766,1.50272232196582,1.4807433369278002,1.4565077693380422,1.5755937013329848,1.4497144874475023,1.239821585182467,1.2777201397995366,0.2883840799331665,0.0985751375555992,56.938232421875,77.87602996826172,5.274141788482666,3.299078226089477,15.65406608581543,17.611536026000977,1290.624755859375,848.9481811523438,12.25777816772461,9.395052909851074,-0.74049866,-0.758965,-0.76429164,-0.7930195,-0.7953431,-0.7819054,0.07358672,0.07251767,0.070930354,0.05647812,0.050877046,0.056175113,-6.6471004,-7.1648397,-7.954096,-8.238071,-8.121126,-10.278533,0.6170239,0.70198125,0.80775505,0.8187558,1.0140804,1.233068,0.0999038144946098,0.0810347720980644,0.0423860140144825,0.0347974821925163,0.6982257594862347,0.6840159805218886,0.6766417763421427,0.6717374886051639,0.550401879743982,0.5122261923672589,0.4734394178923861,0.5016605752857065,0.3916375710863648,0.3360863327662262,0.2929725693880103,0.2623845730739351,0.2340161809499629,0.2544888564203414,0.2733566528043789,0.2544760885384833,0.2590125514437102,0.2551281486976219,0.2460284459653297,0.2344040966482267,0.1976227297152284,0.1703527244660058,0.1476123253079782,0.1485886367666673,0.34575155377388,0.1456594318151474,30.896309,0.21089631,0.4920914,1.6168717,0.228471,0.7029877,0.4745167,20.210896,2.0210896,8.927944,4.639719,0.19332162,0.017574692,0.0,0.05272408,0.05272408,1.4938488,1.7926186,0.14059754,0.0,0.0,0.0,11.335676,14.499122,1.0,0.0,0.0,0.0,0.0,0.0,0.0,0.0,0.0,0.0,0.0,0.0,1,0.6315187215805054,y4-9pyBMv7c,0,1,0,0,1,0,0,0,0,1
6aJz_woWYQo,3.486215829849243,-13.918848991394045,5.60817100484919,-0.0305810397553516,67.70704367265976,3.874617737003058,4.357797092118544,0.7121212121212122,0.6818181818181818,0.2575757575757575,0.4393939393939394,0.2575757575757575,0.2575757575757575,0.3181818181818182,0.2575757575757575,0.2878787878787879,0.1969696969696969,0.2878787878787879,1.0,0.0263223145157098,0.0108087686821818,121.53070831298828,120.0,0.508090615272522,112.0,0.0155763244256377,1.0799504518508911,3.954313039779663,83.87297585085275,5.827637573710307,30.270778612972364,-9.256462182217858,1.39493063897978,5.138288320253186,-8.568982927440809,3.077565041017442,-3.525258021592416,-3.665280990077243,1.934530282107644,-5.291387309949239,18.778165742623344,18.614903400029,20.98705234548148,15.99317283352073,12.682699587122258,11.987405971894336,11.567253010849912,12.025633699149576,11.587001828115609,9.33503573733264,9.008603863445233,9.076882635748394,-0.0016572259060448,-0.0003339300385346,-7.159324699245366e-05,0.0001422375867457,-4.74968906631428e-05,0.0001598399455962,0.000365016735171,4.808065890361573e-05,0.0001452188314854,2.3883201956659863e-05,-4.253978076740727e-05,0.0001396758591228,1.7905612028947708,1.5138826546729085,1.5702014503261532,1.4503598118686731,1.290534091558371,1.2359857390183122,1.2645973112402111,1.199072380343705,1.225521623087234,1.1984254775777308,1.1006481890646054,1.1501426410292044,0.1818287074565887,0.0505679547786712,8.260353088378906,13.122709274291992,2.1910107135772705,1.270074725151062,28.676782608032227,18.89056205749512,1652.6622314453125,644.2174072265625,19.95794105529785,8.533013343811035,-0.7038502,-0.7296613,-0.7622228,-0.77638113,-0.7396031,-0.7777165,0.07541424,0.070270695,0.060096603,0.060219724,0.0614532,0.036726594,-6.9829855,-6.727566,-7.501343,-7.8515387,-7.627795,-10.583889,1.0902743,1.0886291,1.0767922,1.056527,1.0945231,1.0448973,0.0678812712430954,0.0306927915662527,0.0592716783285141,0.0347421318292617,0.6099630757701273,0.3755454036235674,0.4371899236141092,0.3569444577490989,0.4822842489548008,0.558105470449404,0.2761929374554844,0.412546507680446,0.3573884036067632,0.4959940984334888,0.4981523604711111,0.4216824685826923,0.2796913882832217,0.1800450629485705,0.2342234222794378,0.185329458179611,0.2202918557325765,0.2737629853835356,0.1675980543712232,0.2434821825228616,0.1929490655039023,0.2247635689375953,0.2584969953856379,0.2275409522788811,0.6127572059631348,0.1130210682749748,35.933876,3.6542923,22.302784,0.2900232,0.0,0.0,0.0,0.0,4.5823665,0.0,0.0,0.0,0.0,0.0,0.0,0.17401393,0.0,2.0011601,0.0,1.4791183,0.20301624,3.5962877,21.229698,4.5533643,0.0,0.0,0.0,0.0,0.0,0.0,0.0,0.0,0.0,1.0,0.0,0.0,0,0.86427241563797,6aJz_woWYQo,0,1,0,1,0,1,0,0,0,0
y6HOPoHk5-A,4.054422855377197,-13.534072875976562,6.663058810197337,0.0600414078674948,66.91729910490807,3.9544513457556936,4.389663637704788,0.6293103448275862,1.0,0.3362068965517241,0.1551724137931034,0.2155172413793103,0.1206896551724138,0.1120689655172413,0.146551724137931,0.1293103448275862,0.2155172413793103,0.293103448275862,0.8103448275862069,0.0412045121192932,0.0482127629220485,163.1667022705078,161.0,0.0246914029121398,167.0,0.3118880987167358,1.2571051120758057,4.995293617248535,39.073108492751246,2.406313972620547,7.840412389407904,4.515728054971133,-8.510808746271799,-7.427674517853553,-3.517250811610472,-4.497217562392362,-1.636394155470271,3.1572597477371045,4.80994809389823,4.4507408359392535,20.610908137984325,18.227365586732653,17.817911911607077,14.50288061807994,13.54169747482701,13.334278427354343,10.8858615211826,10.273776381238168,10.72038158869116,9.044236589796473,8.800307864197013,8.600373399118041,0.0002430532194744,-3.724659294425171e-05,0.0001125716588561,-8.811446193484264e-06,-0.0002213015058932,-0.0001024867692374,1.6414468502972497e-06,-8.101777080119625e-05,-0.0001113282206622,9.205378236550856e-07,3.60058815373508e-05,-9.362048871988222e-05,2.368923689213545,2.115120625787844,1.890804655823036,1.6617592271571795,1.5785466049700174,1.522522139856807,1.3588068444318502,1.3096235213640153,1.2683388182193382,1.1587969815927082,1.2194215821020504,1.21818156059325,0.2093659490346908,0.0919076949357986,15.845377922058104,49.33906555175781,2.3062005043029785,2.2928121089935303,27.07075309753418,23.988067626953125,1457.5323486328125,729.3816528320312,15.46972942352295,10.39613437652588,-0.6903643,-0.7009901,-0.7660981,-0.77230203,-0.7641312,-0.7962689,0.111345686,0.09979709,0.07774608,0.06252799,0.060290128,0.049127225,-8.209241,-7.17197,-7.8678393,-7.7619896,-8.198673,-10.566432,1.4975104,1.1491128,1.2012826,1.2694159,1.2593305,1.6416422,0.0930454656481742,0.0726526379585266,0.09418585896492,0.0756505951285362,0.7892587630618837,0.552723113611383,0.5089200678647203,0.4660333060702289,0.3242734125623477,0.317605542129663,0.345490257787812,0.4150895247018713,0.3559756563307711,0.3672881781699522,0.4124587186226229,0.4725503818004367,0.2307139144835335,0.261714057038662,0.2790338536399298,0.2541360356047589,0.1840125608536318,0.189509397424112,0.1886288438504306,0.2070328931550364,0.195181718381148,0.2030100031053311,0.2286556418467639,0.2274882049916789,0.5358667373657227,0.1486713737249374,39.785324,1.1261657,2.4986804,0.86222064,0.0,10.698575,3.836002,7.0737286,0.22875242,0.3519268,6.5458384,0.7038536,1.5132853,0.33433047,0.0,0.47510117,0.33433047,2.2875242,0.985395,0.33433047,0.6510646,0.21115609,8.323069,10.839345,1.0,0.0,0.0,0.0,0.0,0.0,0.0,0.0,0.0,0.0,0.0,0.0,1,0.5588583946228027,y6HOPoHk5-A,0,1,0,0,0,0,1,0,0,1
2suF95oF0vs,2.365022659301758,-9.905404090881348,7.723095918245109,-0.0185528756957328,56.991984884646,5.408163265306122,4.533569711149161,0.8095238095238095,0.7142857142857143,0.9523809523809524,0.5238095238095238,0.4126984126984127,1.0,0.4761904761904761,0.746031746031746,0.5238095238095238,0.7619047619047619,0.7619047619047619,0.873015873015873,0.0445024669170379,0.0217852927744388,110.94985961914062,110.0,0.4956896305084228,115.0,0.0165631473064422,1.175445318222046,4.6708855628967285,86.86083726734333,22.88586076839882,21.094065669933176,9.052286938355468,7.936694561077692,7.204297597289651,4.67782470623181,2.794481019312688,-0.1963366070225294,2.159801139226464,2.3161955114639365,0.3319740079680819,16.909283274571045,17.723640638108748,17.186093491447497,13.598255848497107,12.101175254297296,11.219223116663196,10.835874382014566,9.72173882886712,9.81867262990394,9.061182649550643,8.9037954335759,8.52556378545699,-0.0005305770194623,-0.0002545579008997,-0.0001480830711758,-0.0001490071444666,-0.0001251554546507,-4.990940302850344e-05,3.446651599560176e-05,7.16439628406933e-05,3.680939901508776e-05,-3.8753806753342367e-05,-1.5871275122484613e-05,1.956531295621466e-05,1.9132759323071973,2.00522086440658,1.833088532692165,1.5930637430795551,1.5279562221560157,1.472792263825501,1.4952029430948506,1.3525085971516546,1.3242933727878137,1.266397036652437,1.251432345024726,1.199720686489023,0.2087748646736145,0.0570845939218997,17.489320755004883,20.98148536682129,2.945736885070801,1.859483003616333,20.045543670654297,18.993501663208008,1237.007568359375,1295.314697265625,19.53499984741211,8.937588691711426,-0.69768745,-0.7586782,-0.77182895,-0.7951538,-0.79563755,-0.78247905,0.068712406,0.06984793,0.065627776,0.056066442,0.045729797,0.036741883,-6.5069027,-6.7194967,-7.4688787,-7.839082,-7.7416663,-10.231553,2.6745183,2.6299644,2.5582526,2.5031848,2.518523,2.2961047,0.098935380578041,0.0451331809163093,0.0599037520587444,0.0628314763307571,0.6247592353287474,0.4167238155825112,0.4499897208876247,0.453173210254845,0.3851974902487529,0.5131887215015845,0.4236415061231192,0.5774153280448014,0.4531821968830336,0.3814922891672427,0.5072051848255692,0.3373511581582365,0.2706528507329293,0.1745703449007309,0.2029173505205943,0.2099150077970222,0.172377015128987,0.2526536231448696,0.1864861819745992,0.2377119875006265,0.2062462084240728,0.1765027079272892,0.2925866320086431,0.1727234286322327,0.6131351590156555,0.0915792137384414,10.683912,6.8391213,29.11056,8.55776,7.7604537,11.605245,0.05315379,4.2877393,1.8249469,12.774628,0.30120483,1.7363572,0.4075124,0.0,0.0,0.1771793,0.10630758,0.017717931,0.035435863,0.0,0.035435863,0.37207654,2.5868177,0.7264351,0.0,0.0,0.0,0.0,0.0,1.0,0.0,0.0,0.0,0.0,0.0,0.0,1,0.6312161684036255,2suF95oF0vs,0,0,0,0,0,0,0,1,0,0
o3kfgSWgkoQ,5.173786640167236,-13.333950996398926,6.109614490173092,0.0647887323943662,65.22641136434238,4.357746478873239,4.373919567896884,0.7916666666666666,0.9583333333333334,1.0,0.8125,0.4166666666666667,0.4791666666666667,0.2708333333333333,0.4166666666666667,0.1666666666666666,0.5208333333333334,0.8125,0.75,0.0621584020555019,0.0551003254950046,110.9923324584961,110.0,0.4522821307182312,105.0,0.0040983604267239,1.528429388999939,4.584542751312256,45.69336156447778,22.80452619257593,13.12874550504075,6.714341410450748,3.437071453987705,2.887007740488893,4.74912644410954,6.770495495645563,5.5660682915398505,3.6503061562069457,3.770970589724288,2.816960137217934,22.814471447031156,17.741832906129726,13.670530544978368,13.311579348090069,11.796924361623494,12.278050327074585,9.497913610057411,9.018463036685167,8.051400637133987,8.201321022209772,8.321216646061421,8.576687060098754,-0.0007666137396299,-0.0004916486358323,-0.000102325209752,-0.0001458018858849,6.475561647007072e-05,-0.0001231655459743,-4.606278055749183e-05,1.4873061196048828e-05,0.0002238712916762,0.0001849324443615,0.0002783557575272,0.0002303151245413,2.8885392449253686,2.457333345157014,1.584807223736652,1.634378803355187,1.3558815039887409,1.5320035725449417,1.2063016489406193,1.1880078394361198,1.1595660518413626,1.1228512376271853,1.1573730429157645,1.1134392952396772,0.2507655024528503,0.1193442493677139,57.31868362426758,107.60891723632812,4.573512554168701,3.8679473400115967,19.73137664794922,23.619415283203125,1277.4735107421875,949.147216796875,10.706062316894531,10.982789993286133,-0.71278685,-0.7470225,-0.7290269,-0.76861894,-0.76513845,-0.729391,0.1057929,0.09491914,0.111290924,0.09234023,0.08189841,0.08730099,-7.6354265,-7.531256,-8.710962,-9.054795,-8.846865,-11.186894,1.9051511,1.6460502,1.7281342,1.6918242,1.7505984,1.9531877,0.1044453904032707,0.093748040497303,0.0582285448908805,0.0505610480904579,0.7535921195737992,0.5698516447116191,0.5333641865317172,0.5058374482664905,0.4471122050914222,0.4793896742589351,0.3413690096490374,0.382363274305971,0.6257151454767446,0.6943036174672136,0.6932518490592493,0.6088274906562322,0.2281647832447529,0.2246620358939618,0.2080581913682177,0.2260563770228952,0.2085646106876691,0.2448342511430118,0.1845608702060053,0.2090856143726873,0.2286586983339214,0.2470150954484013,0.2374914758102372,0.1983583693223587,0.4720877707004547,0.1599389165639877,21.14576,28.10091,15.39944,4.80028,3.5038543,9.302733,0.99859846,2.7505255,1.8395234,0.26278907,0.08759636,0.70077085,0.052557815,0.8934828,0.0,2.6103714,0.070077084,2.0497546,2.5052557,0.0,0.7883672,0.14015417,1.5241766,0.47302032,0.0,0.0,0.0,0.0,0.0,0.0,0.0,0.0,0.0,1.0,0.0,0.0,1,0.5574474930763245,o3kfgSWgkoQ,1,0,0,0,0,0,0,0,0,0
W06cAjS8H7s,5.478626251220703,-17.134368896484375,6.15137686838844,-0.0945945945945946,59.99855445418728,3.864864864864865,4.265272477352744,1.0,0.4729729729729729,0.3513513513513513,0.2027027027027027,0.2027027027027027,0.4054054054054054,0.1081081081081081,0.4054054054054054,0.1756756756756756,0.2837837837837837,0.4324324324324324,0.9594594594594594,0.0346373468637466,0.0300659108906984,142.26251220703125,144.0,0.4231311678886413,136.0,0.0206611566245555,0.9678817391395568,2.454528331756592,66.66735415298382,24.11857365643154,9.099103630505564,8.10014061615046,7.33537237717444,4.583752261803562,1.0048355466195016,2.2190781365594305,3.2447343866676053,0.2349156630557025,-0.434940894700289,0.6581243776175745,15.52264168377806,10.066646202098744,11.131647004226275,9.214724877284114,7.787496970230786,8.420529230369342,7.820334938650355,6.987568116828266,8.074947645943176,7.634235945605969,6.640626985853856,6.283510652762763,-0.0001646417670152,-0.0001152341847036,-5.441910517238441e-05,-3.0797897625358763e-06,2.547747166518177e-05,3.0103761623306983e-05,1.988298913077856e-05,7.726681617460096e-06,3.4255397864887268e-06,9.68564085218629e-06,2.2541447765587456e-05,3.4981924869641256e-05,1.281776188645766,1.0450797991469625,1.0481585116334569,0.9783037447085898,0.925292085981113,0.9190315951983326,0.8899048914485536,0.853757206479008,0.882558778409732,0.83968278974314,0.8184389712540405,0.7976957124616443,0.2600031197071075,0.0518051721155643,10.172009468078612,16.13825798034668,2.127246379852295,1.407456636428833,14.009403228759766,10.025683403015137,753.3661499023438,450.0274353027344,12.32095432281494,6.5853047370910645,-0.71035916,-0.7247303,-0.74015963,-0.7829206,-0.79321295,-0.7696674,0.07060497,0.09078432,0.06741592,0.050607745,0.039980233,0.035641342,-6.8667,-7.0299745,-7.775418,-8.262565,-8.603158,-11.723066,1.2780292,1.2346344,1.2591791,1.18606,1.1878173,1.1226702,0.0615174472332,0.0466218814253807,0.0334730297327041,0.0306550972163677,0.5948046651340665,0.311763919817087,0.3700403050689424,0.2362629410644506,0.2997073853362198,0.4927700690802112,0.2320521455657263,0.4791712109568941,0.272471592965827,0.3479655929381169,0.2813173514475042,0.2757868082894402,0.2501807672952847,0.2128455629769658,0.2176235796714682,0.1722396880084713,0.2002754905281309,0.2257774499399638,0.1655126451818929,0.2699466271779043,0.1856920025845257,0.2147877684503094,0.1959338773272213,0.1635718632398109,0.5356600284576416,0.1020115986466407,21.449057,3.5924528,24.392452,0.06037736,7.381132,0.81509435,1.9924529,0.0,1.735849,0.04528302,0.1509434,0.25660378,0.0,0.0,0.0,0.3018868,2.2792454,11.426415,0.0,3.6226416,0.09056604,6.9886794,6.8377357,6.581132,0.0,0.0,0.0,0.0,0.0,0.0,0.0,0.0,0.0,0.0,1.0,0.0,0,0.8832054734230042,W06cAjS8H7s,1,0,0,0,0,0,0,0,0,0
XL-r_zxKG88,3.7544782161712646,-7.134878158569336,5.744816624755559,0.0869565217391304,71.59317420010157,3.887959866220736,4.266516854761958,0.4855072463768116,1.0,0.3768115942028985,0.2246376811594203,0.181159420289855,0.2753623188405797,0.1304347826086956,0.2028985507246377,0.181159420289855,0.217391304347826,0.4492753623188406,0.6086956521739131,0.0359192974865436,0.0216741450130939,82.30345916748047,82.0,0.0223880410194396,167.0,0.1040816307067871,1.3639358282089231,4.377354621887207,41.30202863367041,13.976803744174513,14.04828180340932,7.668798369638409,6.579261333336167,9.079158345798648,7.287587458414181,3.2083814138167464,5.542994090764567,2.7540636870477893,3.425209143470106,4.27577827903491,19.989362739002583,24.20950146807051,17.335207293743135,18.17251534625544,13.264698452430276,15.58501881224946,13.174709208621994,11.737837678948306,11.908998982116294,11.580736434761596,11.296282733911529,13.388653957253496,0.0002216010649194,0.0001644421977686,7.229909968782853e-05,7.486018792994518e-05,-5.6593287651823976e-05,5.706858633823885e-06,7.512231382327107e-05,0.0001737115501398,6.5741187355501e-05,5.113582870649453e-05,4.09344848506805e-05,4.660911098038135e-05,2.9209162916529907,2.83295916658995,2.085393588300952,2.0878159715720725,1.7574839887951177,1.897793214421383,1.8058163807553664,1.61539773916676,1.6394014576398253,1.5524938793720895,1.562342751517184,1.667996888486278,0.173781007528305,0.0666627064347267,17.72017478942871,42.8549919128418,2.516233444213867,2.7478275299072266,40.05848693847656,32.541160583496094,2022.7572021484373,903.8753662109376,12.900208473205566,9.299734115600586,-0.73570764,-0.69963783,-0.7302695,-0.77143097,-0.7773656,-0.7401205,0.071080126,0.113855414,0.10655441,0.079644896,0.06016397,0.047872517,-7.480882,-7.739386,-8.026409,-8.041353,-7.5766864,-9.733359,0.9903358,0.95957106,1.0413202,0.9618676,0.90777266,0.87729156,0.0964246913790702,0.060379683971405,0.1006175354123115,0.0565734468400478,0.603095316708,0.3826368390439228,0.3791240270917266,0.3681956727247286,0.3538197091744202,0.5206849891898252,0.359951163698933,0.4108401548399779,0.4513076968137087,0.3586884645103192,0.5342184948952051,0.3118369092413817,0.314654562310119,0.2642111635942505,0.2745714673113613,0.2640765798327227,0.2380164627351441,0.2968055560365292,0.2275447257809408,0.2452483226212826,0.3039908300138114,0.2157545982695899,0.3258623826225852,0.2022834761892094,0.5134514570236206,0.1311542242765426,10.970531,0.62459964,15.134529,1.8417681,1.1210762,0.08007687,0.44843048,0.016015375,0.048046123,0.048046123,0.016015375,0.8327995,0.1921845,0.20819987,0.0,3.4433055,2.610506,3.9397821,0.768738,38.549007,3.1069827,2.1460602,7.511211,6.342088,0.0,0.0,0.0,0.0,0.0,0.0,0.0,0.0,0.0,0.0,1.0,0.0,0,0.5897340178489685,XL-r_zxKG88,0,1,0,0,0,0,1,0,0,0
2_KjQ6U_9Zo,4.076725006103516,-10.543745040893556,4.611087265596046,0.0095785440613026,61.00365055387708,3.1398467432950192,3.0439913766987905,0.4625,1.0,0.825,0.525,0.4,0.3625,0.225,0.25,0.225,0.375,0.9,0.975,0.0857288241386413,0.0485175363719463,82.95675659179688,83.0,0.0142045021057128,78.0,0.0028328611515462,1.628175139427185,5.5924835205078125,51.69414505834678,25.95603011104426,18.049316774706032,11.355810580291925,11.203942356730431,5.217649177899066,1.9078779057271549,1.6022109316838606,0.7652418704840317,-0.9429855104030102,-1.3949804138521695,-2.418300046762275,22.44968170663736,18.71715946965956,17.70794057902039,14.443601343405494,12.211295358196196,11.239268793054524,10.658841216565625,9.84286929732623,9.200702596954388,8.842792834727002,8.329279680406039,8.296818032419015,-0.0005943908968371,-0.0003044363837256,-0.0001729199076893,-0.0001534602561443,-0.0001360463229249,-4.911774581947759e-05,1.9619899479858797e-05,2.0395749764700128e-05,2.7986553122639385e-05,7.747845261378127e-05,0.000140600151909,0.0001435057927903,2.348031129557303,2.151620664072915,1.6844987748293063,1.5177318900242835,1.3487000311707644,1.3233807353874514,1.2132795518981332,1.1625778405856817,1.1168774190117516,1.1034018432921011,1.0593288560529712,1.0650241834952132,0.2466258406639099,0.1124465391039848,56.05978775024414,122.73937225341795,4.4028401374816895,3.762996196746826,22.12079429626465,29.279733657836918,1264.4410400390625,896.43603515625,11.15369987487793,9.46848964691162,-0.664805,-0.7029804,-0.7493338,-0.78923243,-0.79654676,-0.7681036,0.09259575,0.099426605,0.092057414,0.06494984,0.046854384,0.044298653,-7.2048945,-7.721186,-8.323619,-8.451276,-8.046142,-10.2797165,1.0756932,1.0508845,1.0561686,1.024077,1.0851047,1.1367437,0.1022054925560951,0.0839303955435752,0.0666668266057968,0.0566753670573234,0.7458337818966606,0.7050975924121698,0.5403294616431856,0.6105462223326701,0.5102470493963237,0.5977713130709337,0.4727182668254531,0.4305723776870641,0.4595726339866692,0.3882716899378104,0.4927871751047845,0.6080023842087924,0.2675517616598033,0.26179186313066,0.2401187499417691,0.2526652203231907,0.2301814109698398,0.2388693725224877,0.220316032196691,0.2036887697701631,0.2215386121657309,0.2000255674548597,0.2511847144971542,0.2340935228004036,0.4920822381973266,0.1808319091796875,19.28081,11.203469,11.546802,15.684857,6.6498013,4.8608603,1.2829779,6.920853,0.10842067,1.2106975,0.7228045,1.1564872,3.1261294,1.2649078,0.7047344,0.036140226,0.162631,0.054210335,0.12649079,0.37947235,5.999277,2.2949042,3.3429706,1.8792917,0.0,0.0,0.0,0.0,0.0,0.0,0.0,0.0,0.0,0.0,0.0,1.0,1,0.6936765909194946,2_KjQ6U_9Zo,1,0,0,0,1,0,0,0,0,0
nUs6x-v2A0k,4.667138576507568,-15.320651054382324,6.560481884481665,-0.0199004975124378,63.660073312386935,4.890547263681592,4.505161241282625,0.4827586206896552,0.4827586206896552,0.8620689655172413,0.4482758620689655,0.6551724137931034,0.5862068965517241,0.0344827586206896,1.0,0.3793103448275862,0.5517241379310345,0.6896551724137931,0.7586206896551724,0.0328685566782951,0.0175887253135442,122.04010772705078,123.0,0.4720670580863952,117.0,0.0498687662184238,1.051140069961548,3.691330671310425,71.04416596385813,-3.5344674518330064,17.874082967275175,7.288359504282744,0.3064762481771729,2.281884093186,-0.567618937259443,-4.469593672866737,0.7030375279086708,6.423517986456751,-1.5292661054035417,-5.508668598641748,16.27234172102484,14.172745649548862,15.063256959255993,10.30568682132416,11.186423480047242,9.879796590524176,9.26305275162654,9.112605279597847,9.595181241875038,8.540124271249711,8.158967699768995,7.684101088180701,-0.0004853329886579,-0.0001887371401684,-0.0002836903970306,8.485272638550413e-05,-7.288383338073187e-05,-3.423745706060159e-05,-0.0001123587321978,-2.322381317280937e-05,0.0001765777542883,0.0001069314315075,9.411946382060764e-05,-0.0001218298185766,1.4546491025395565,1.4537505658632002,1.4617813274615947,1.2500226634307765,1.4364490005337514,1.18152744323613,1.2034077507325625,1.1663724995842697,1.1495075344592238,1.0993628019677957,1.03302634052872,1.074100108562218,0.1531654596328735,0.0473641790449619,6.291686058044434,24.07611656188965,1.67885160446167,1.525087594985962,34.9714469909668,21.27385139465332,1660.7421875,764.1865234375,22.46083068847656,10.01728057861328,-0.70834804,-0.75281197,-0.745706,-0.76301557,-0.78130674,-0.7745773,0.07194892,0.07266995,0.074784935,0.058232315,0.044198703,0.037898168,-7.101357,-6.8575654,-7.60064,-7.613911,-7.5418434,-10.343005,1.702774,1.7005539,1.6574527,1.6550982,1.6276841,1.6049155,0.0726045295596122,0.0467670559883117,0.0775981098413467,0.0458747893571853,0.7952966562256665,0.3315834985101806,0.4635216527412357,0.293059038722959,0.4781989744716195,0.410065966457643,0.296270663205218,0.6855142644841975,0.2947336946307456,0.2747624582107593,0.2133301769823611,0.3040109393267694,0.255357222448984,0.1723371979113402,0.2107227176868331,0.1381712583672751,0.2087224299319042,0.2173494934302509,0.1443696768458101,0.2317388185380086,0.1783283428117448,0.1441589969064342,0.1005819258211994,0.1528874159274395,0.5981073975563049,0.0891845524311065,58.138966,0.5892463,20.795483,0.0,0.0,0.0,0.0,0.0,0.0,0.0,0.0,0.0,0.0,0.0,0.0,3.6582372,0.90842134,3.1426468,0.0,1.8659465,0.0,0.024551928,10.532777,0.343727,1.0,0.0,0.0,0.0,0.0,0.0,0.0,0.0,0.0,0.0,0.0,0.0,0,0.8638705015182495,nUs6x-v2A0k,1,0,0,0,0,0,0,0,0,0
ESth5epfjJ8,2.0024044513702397,-8.44979476928711,5.892807724698976,0.0316091954022988,73.73929233181305,4.531609195402299,4.088339283883534,0.3617021276595745,1.0,0.7021276595744681,0.4893617021276595,0.4680851063829787,0.7872340425531915,0.2765957446808511,0.5957446808510638,0.574468085106383,0.723404255319149,0.6170212765957447,0.8085106382978723,0.0426487438380718,0.0168153867125511,136.42677307128906,136.0,0.3040685653686523,144.0,0.0236220471560955,1.1760575771331787,3.819528579711914,64.19271906796014,-16.715177339201155,29.132808413386734,19.412145998333692,3.838775438103424,12.426096553841862,6.511302087170742,4.695333829725489,6.05232145935346,2.8629348478637118,5.564381535131617,1.422166491068251,13.810198451016005,13.241681945554548,13.180931820453669,10.680429441594391,9.553657121961374,8.3401842286639,8.172919988995426,7.687838316558565,7.486490535152579,7.029746637603529,7.296297765379768,7.350591104567917,-0.001103762198046,0.0005204829507819,-0.0004425590920636,-0.0003763474623267,3.2955740039292228e-06,-0.0002267843367956,-1.914975677600982e-05,1.452332454734445e-05,-0.0001047644549218,2.527743880449611e-05,3.929650189576421e-05,7.569464453613185e-05,1.503506092979504,1.5118760334484704,1.4831654486784571,1.240347144526543,1.373075055850781,1.1858291645922987,1.1945620057178534,1.1285536202675863,1.1117692467197142,1.077992424894524,1.0622728202982217,1.0900706011498102,0.1512574553489685,0.0482677891850471,5.49668025970459,23.73708724975586,1.7741591930389404,1.4612802267074585,45.50822448730469,21.527244567871094,2050.058349609375,949.3226928710938,31.03272819519043,9.553974151611328,-0.7514101,-0.79235566,-0.76171476,-0.75537354,-0.74703133,-0.7865796,0.06134914,0.057431817,0.0643732,0.046195343,0.04948208,0.03440136,-6.547619,-6.882869,-7.255851,-7.004224,-7.27439,-9.81378,2.1511822,2.1049478,2.0693753,2.0970953,2.0636907,1.931228,0.0933277234435081,0.0495914779603481,0.0894838646054267,0.054152064025402,0.7174641711186837,0.4301263824519178,0.4857758480182616,0.5157949716674749,0.3614476469508331,0.4451134383947954,0.3045734312019993,0.449811351050321,0.5525878666347278,0.5779475891391237,0.600270081569096,0.4908485662100798,0.2610058895741298,0.1908632649212386,0.2176114194548828,0.2462818686279448,0.141147360077802,0.1910844715154366,0.1423650968548604,0.1817860576014541,0.233096132937045,0.2101075035091554,0.2275576574522053,0.1812609292599346,0.5561919808387756,0.1022282913327217,29.582989,8.815029,1.734104,1.8786128,5.0371594,4.149463,1.4037985,8.4227915,0.867052,4.7481422,0.6193229,1.4037985,0.020644097,1.3418663,0.20644096,0.08257639,0.28901735,0.0,0.0,0.26837325,0.020644097,0.0,18.744839,10.363336,0.0,0.0,0.0,0.0,1.0,0.0,0.0,0.0,0.0,0.0,0.0,0.0,1,0.6009176969528198,ESth5epfjJ8,0,0,0,0,0,0,0,0,0,0
kXfQgLqam2g,5.2507004737854,-11.08380126953125,9.308169500926102,0.0238095238095238,59.823963576720686,4.3992673992674,5.358051643276137,0.7142857142857143,1.0,0.5714285714285714,0.3571428571428571,0.2857142857142857,0.1836734693877551,0.2755102040816326,0.2346938775510204,0.2653061224489796,0.2346938775510204,0.5,0.9489795918367347,0.0403283163905143,0.0263026673346757,92.12908172607422,92.0,0.088050365447998,98.0,0.0082135526463389,1.4029165506362915,5.120883464813232,37.48576953953539,21.41383479709529,7.05612852188105,1.4597439719653376,0.1483677847385713,0.7564860804127314,1.217731221774689,2.2621590088653774,2.701310258814149,4.580286884759071,3.3699767930670186,2.917056627246267,26.996321819467934,19.373966588161316,19.077569618155135,16.201734855428466,15.340027616079272,13.953895434270413,11.79494085513944,11.26272829479485,10.819016272969476,9.451848842200269,8.800540244383125,8.2342747980589,5.379226408526535e-05,3.817797563582199e-05,-3.207245407372615e-05,-5.215735324757373e-05,-2.1233100161382845e-05,-9.96883593841096e-06,1.27714533186841e-05,4.37829184523352e-05,5.88750700737397e-05,6.833928074920565e-05,8.286952121418843e-06,-1.022707276836973e-05,3.490779416968295,2.4211128728470475,2.1860091148045133,1.789222603450905,1.7940842588178032,1.606167471105248,1.4171917247606147,1.3687698764886478,1.3593040031058397,1.2267505706991608,1.164267178540498,1.1388697941388075,0.2343779951333999,0.1236844435334205,53.77073669433594,139.886474609375,3.723954916000366,4.479790210723877,30.9016056060791,43.25606155395508,1570.6644287109375,1231.3592529296875,8.397032737731934,8.504432678222656,-0.6839301,-0.74279344,-0.7848621,-0.8176231,-0.810683,-0.7851244,0.10041987,0.11792236,0.096067056,0.059513386,0.04549225,0.041227497,-8.310135,-7.6379676,-8.479562,-8.866239,-8.33917,-10.501134,1.6312286,1.3645346,1.3540413,1.2471337,1.3254822,1.561228,0.0963402763009071,0.0853974372148513,0.0872614309191703,0.0832232162356376,0.704126012808908,0.6056599236587037,0.5582035029656148,0.4944192366024273,0.4552419746080003,0.4314212274693287,0.3916069687647749,0.4411315108611168,0.37510722835799,0.5103875074425017,0.5804866806247105,0.6181494971467693,0.2568323078291937,0.2671127524046183,0.2590106650112264,0.2312707278971917,0.2304095396088252,0.2495265035374767,0.2117075327104954,0.2440704126605161,0.2257876283464411,0.2400510370947706,0.2485607710069121,0.2484745303913389,0.547664225101471,0.18886399269104,6.4007015,9.177261,3.2149642,2.0020459,1.8559111,3.1418967,7.7305274,17.229286,19.801256,2.6742656,2.221248,1.1252375,0.4968581,0.8768084,0.7160602,4.50095,2.6596522,2.133567,1.2713722,1.0229431,1.5636417,0.62837934,4.559404,2.995762,0.0,0.0,0.0,0.0,0.0,0.0,0.0,0.0,1.0,0.0,0.0,0.0,1,0.699042558670044,kXfQgLqam2g,0,1,0,0,1,0,0,0,0,0
AqZt1nRnTN8,3.1306240558624268,-10.615900039672852,9.894055487553905,0.0171232876712328,69.90320218443587,5.916095890410959,5.790416133966855,1.0,0.8602150537634409,0.5053763440860215,0.4408602150537634,0.2258064516129032,0.6344086021505376,0.2258064516129032,0.5913978494623656,0.3655913978494624,0.4408602150537634,0.4193548387096774,0.5698924731182796,0.0513445734977722,0.017478559166193,149.4967041015625,148.0,0.4397810101509094,126.0,0.0063006300479173,1.2323744297027588,4.56397819519043,71.92150230535425,13.304621258515292,21.27442073779516,7.740190576900623,5.166974969328478,10.130951262670736,8.744568744086706,0.8275208489889728,1.2510693711535184,4.11532703749619,0.6298964158409988,-3.4616389659389286,16.615924998922843,13.951437056533877,14.544236348348106,11.140039373665722,9.335587740222955,10.609861755938024,9.101991573321513,8.287258924459014,8.624502694557105,8.0844643158163,7.718687957691968,7.45973273878015,-0.0002301803645904,9.036470158256828e-05,5.948582940856604e-05,-5.828739430106653e-06,6.929227701324183e-05,6.429750854360767e-05,-1.2951504603695032e-05,-2.3960978594514136e-05,1.3896834877154274e-05,-6.287022483263506e-06,-2.034012891499264e-05,5.18074830962436e-05,1.814451807380732,1.5284434116993386,1.561855534787194,1.33199538373606,1.269631187198865,1.4038576361167678,1.3045171699160614,1.2055357888421692,1.186931427063068,1.217451133602856,1.1999329644727887,1.170065605251508,0.1861249059438705,0.061197891831398,12.69515895843506,18.03032112121582,2.6814892292022705,1.6966112852096558,26.238391876220703,18.015644073486328,1468.366455078125,617.1922607421875,21.050445556640625,10.465571403503418,-0.7104854,-0.7879699,-0.7720945,-0.7858811,-0.79086024,-0.75565964,0.07533749,0.0623788,0.059683476,0.042334355,0.036905456,0.048483294,-6.549959,-6.6640034,-7.2763205,-7.51722,-7.4207726,-10.323554,1.0528617,0.9646058,0.9732989,0.94906044,1.0323818,1.4218831,0.0917076468467712,0.0527714602649211,0.0680212154984474,0.0413794256746768,0.7132557133752352,0.4882649167903442,0.5200668855108274,0.5998943538735477,0.4990232984712915,0.6530912609141613,0.4658860646438533,0.5597051601708265,0.4116351215030118,0.4005649408325798,0.6525214464144442,0.5895969687978277,0.2202735437534868,0.1588783291167483,0.1706088479339256,0.2432388509066868,0.1575011463745788,0.2532707906806201,0.1663715869443276,0.220406947589205,0.1827859723529289,0.1465521229847353,0.2408154765264099,0.170761862301697,0.5899580717086792,0.1047673299908638,23.535511,3.1933644,13.540694,0.47693107,7.5790567,0.3317781,3.908761,0.4043546,0.0,0.020736132,0.7465008,0.05184033,0.0,0.0,0.0311042,6.728875,0.3317781,3.75324,0.0,5.795749,0.9642302,18.558838,9.237947,0.8087092,1.0,0.0,0.0,0.0,0.0,0.0,0.0,0.0,0.0,0.0,0.0,0.0,0,0.7666287422180176,AqZt1nRnTN8,0,0,0,0,1,0,0,1,0,0
Dd153XhslyE,3.027599573135376,-8.865058898925781,5.157056826069615,0.0656934306569343,77.19334904261784,4.383211678832117,3.963686799279594,0.3525641025641026,1.0,0.5192307692307693,0.3782051282051282,0.3525641025641026,0.2948717948717949,0.2692307692307692,0.2948717948717949,0.2948717948717949,0.3076923076923077,0.358974358974359,0.8461538461538461,0.0299355834722518,0.0164676941931247,130.04522705078125,129.0,0.2727273106575012,120.0,0.0044444445520639,1.3738837242126465,3.748659610748291,41.57840109758746,14.354757981600835,37.03441377059416,5.340234835683064,2.775391801158849,7.870744709299119,10.231406920855694,2.418562960543225,7.656724946599335,6.060356562217595,5.530351030265543,-0.6850347598038553,14.950101492430187,13.846334346189275,12.783735963640437,10.88221650036258,11.21165122425087,10.46311414985516,9.071129517135962,8.51074089322164,7.782464952891672,7.983469459274745,8.102313950102735,8.022127472171599,-0.0004066137918651,-0.0002052554005647,-0.0003960852305865,-0.0001332381519398,1.281223335333993e-05,-0.0001378231769827,-0.0001019139143872,1.1595547873154638e-05,-4.530111422564522e-05,-3.995207125590183e-05,-1.764384667954976e-05,3.0187289756368876e-05,1.829943059854887,1.6466349055519889,1.6028601052615103,1.5167103045799992,1.5187471571507152,1.5777037300712249,1.4313320986812514,1.3253272563298073,1.2941647832870071,1.2762951166914065,1.257604966791199,1.2178627913972302,0.1548273712396621,0.071342334151268,14.965885162353516,36.3253288269043,2.8100521564483643,2.2321114540100098,46.138031005859375,30.583459854125977,2402.346923828125,1075.8492431640625,25.465057373046875,13.921520233154297,-0.74267936,-0.816363,-0.80892307,-0.7881812,-0.7909347,-0.71421784,0.06813983,0.057374563,0.05503152,0.054887567,0.05030541,0.054891285,-6.9177604,-7.0442233,-7.796007,-7.683799,-7.0874844,-10.115617,2.1867023,2.1966758,2.1107574,2.0990334,2.161599,2.033123,0.0961080491542816,0.0483650602400302,0.1105137690901756,0.0648387372493743,0.8615529476972668,0.7432318683206423,0.6512003110680616,0.5969867217908263,0.6164444837111361,0.499037327256464,0.3948503502511357,0.4730986334407479,0.617420812682999,0.4748670520548181,0.6235393929520664,0.7553566274203631,0.15791255883408,0.1547724460484521,0.1745924996736459,0.1918525908190245,0.1996138587943337,0.1586265733094365,0.1255594391935736,0.1535396822572022,0.1555971020898294,0.1383146911969082,0.1798554833264411,0.1803783337976806,0.5799285173416138,0.140497475862503,2.896183,10.753008,3.3268974,8.064755,0.2970444,1.3069954,0.0,0.6683499,32.83826,12.564979,0.63864547,0.31189662,0.1485222,0.0,0.3564533,2.9852962,7.767711,6.0597057,1.2030299,0.68320215,0.8614288,0.11881776,4.321996,1.8268231,0.0,0.0,0.0,0.0,0.0,0.0,0.0,0.0,0.0,1.0,0.0,0.0,1,0.5663796663284302,Dd153XhslyE,0,1,1,0,0,0,0,0,0,0
G23D0IUuvxY,3.625422477722168,-6.106382369995117,7.313808057173288,0.1156812339331619,70.38225611108275,4.650385604113111,4.445746195448283,0.5074626865671642,1.0,0.9701492537313432,0.2537313432835821,0.5373134328358209,0.2835820895522388,0.2238805970149253,0.2537313432835821,0.208955223880597,0.208955223880597,0.5373134328358209,0.8208955223880597,0.0467291921377182,0.0234584473073482,140.82244873046875,140.0,0.3847619295120239,133.0,0.0397830009460449,1.024219274520874,3.0420138835906982,69.15984663404333,3.856123419530919,16.57160592122515,3.460101591816936,6.614314486961496,7.669313189383684,7.029035895362066,4.698704564013467,5.048045927236226,6.600158307115311,3.220792885012921,-1.1671506917208532,12.663942942462278,12.594293353418903,12.639965079717353,10.108282885848949,9.558718342861823,9.857048124649346,9.43600161675796,10.126360344735073,9.82254821174756,10.130487817684283,8.467166994823176,8.572510941586545,-0.0010290705400664,-7.699127493211888e-05,-0.0002153808374153,2.5422908327198865e-05,3.765661442114645e-06,6.513949649704048e-05,1.823740606362221e-05,9.72875754609017e-05,-1.172541857431904e-05,-4.0643263939272406e-05,2.019645242301396e-05,1.3037685018636666e-05,1.5279702517552949,1.6245265109211393,1.4062207168434908,1.2695942013024692,1.2960420575191096,1.2506687603647204,1.225819063856704,1.243165255460063,1.2020162710642113,1.2219808271179056,1.1236844180105996,1.062868668054166,0.1850739121437072,0.0762141793966293,7.439222812652588,12.579669952392578,1.980778455734253,1.5460542440414429,27.851905822753903,13.85434627532959,1606.2218017578125,511.0032958984375,29.73146247863769,12.616503715515137,-0.7299926,-0.7514645,-0.7438027,-0.7785723,-0.7905614,-0.7459178,0.07295761,0.07565663,0.07273446,0.04519481,0.03636009,0.05555272,-6.667217,-6.590971,-7.109868,-7.2822804,-7.300415,-10.203036,1.7537779,1.3251464,1.2458667,1.455739,1.9976178,1.9824152,0.107662059366703,0.0586626753211021,0.0635247156023979,0.0270091257989406,0.6685606515683706,0.4717638176154199,0.4765614535841566,0.4396869976586485,0.3222209468420604,0.3589800452353485,0.3062847234982353,0.3233536164871267,0.639746226897709,0.447987091490601,0.4748450279803794,0.4152013476858065,0.2253446341307594,0.2025044856953384,0.2507688909459005,0.2048597418339715,0.1352303208762155,0.1958114861059086,0.1445118179086726,0.1455614505540717,0.3016515667389565,0.1768243585727581,0.1970501380016845,0.1676713500940126,0.5130622386932373,0.1121910512447357,3.716745,0.0,1.1150235,3.716745,4.968701,0.19561815,0.0,2.0735524,0.058685444,1.271518,1.1345853,1.3497653,2.7190924,2.2887323,6.670579,23.884977,27.48435,8.118154,0.17605634,2.1713614,1.4280125,0.58685446,3.7363067,1.1345853,0.0,0.0,0.0,0.0,1.0,0.0,0.0,0.0,0.0,0.0,0.0,0.0,0,0.652927577495575,G23D0IUuvxY,0,1,0,0,0,0,0,1,0,0
eVI-XiqvnYU,3.214245319366455,-8.362836837768555,6.216853822277567,-0.0026455026455026,68.30456343349671,4.671957671957672,4.5598091111891375,1.0,0.5423728813559322,0.711864406779661,0.8135593220338984,0.3220338983050847,0.2711864406779661,0.0,0.3559322033898305,0.3389830508474576,0.7288135593220338,0.8135593220338984,0.5084745762711864,0.0316574685275554,0.0168342981487512,97.07263946533205,98.0,0.4183380603790283,92.0,0.0716112554073333,1.0797362327575684,5.092304706573486,65.12537958953214,10.72026363274785,17.216069602382714,10.321058379060233,14.333321620244236,2.051305860098698,-0.6669408253082094,0.4618507982021619,-0.0375499393086085,-2.612566101451955,-6.690240731328881,-7.420524782274658,13.132465253703067,12.261224546488654,9.818166444564843,9.839839435014964,8.784609754411793,7.847860181460893,8.031768013113853,8.176110949882766,8.305889724911301,8.039660039582044,7.477852395334774,7.663017022749363,-0.0006240261309933,8.865154556457908e-05,5.273916100936157e-05,-3.071987502364424e-05,5.8416960081442574e-05,0.0002763497790409,0.0002965593280636,0.0002410245394817,0.0002717957906334,0.0003884596021742,0.000446339467563,0.0003787914799732,1.6803726959846026,1.5376706430278246,1.3119603619565845,1.3237280583632736,1.2022099897998433,1.1693871791089925,1.1615977517532523,1.1703407441530287,1.1930986468232392,1.13507494810456,1.0826425577510734,1.0923075178394557,0.1529481559991836,0.0816554650664329,14.644787788391112,51.765079498291016,2.5381922721862797,1.6714775562286377,33.25041580200195,18.034927368164062,1701.2647705078125,578.2462158203125,22.591760635375977,9.934000968933104,-0.6991425,-0.73025763,-0.75336266,-0.76445216,-0.78166944,-0.7621624,0.07383445,0.07739563,0.068040125,0.060287356,0.045217276,0.031911094,-6.761305,-6.9386597,-7.5024366,-7.633683,-7.3830185,-9.639924,0.9232081,0.97691333,1.0756141,1.087506,1.1396073,1.1765633,0.0766593143343925,0.0477887876331806,0.0894075557589531,0.043530024588108,0.7160605520336227,0.2866023729919952,0.31263779345042,0.2879049761253038,0.5498139854110563,0.5182297177853249,0.3227567370986713,0.7028444346652962,0.2524176580364907,0.3342753694022243,0.2101452309226555,0.3214230268187596,0.1977480767379468,0.1435331170564232,0.1413390145518648,0.1501517236014512,0.2119884518380703,0.248660563279356,0.1550472945625996,0.1938773354212802,0.1297380454425249,0.1978992109817796,0.0989064593326651,0.1374783452306132,0.5432668924331665,0.1190045177936554,79.510704,2.4082568,1.6628441,0.0,0.0,0.0,0.89831805,0.0,0.0,0.0,0.0,0.0,0.0,0.0,0.0,0.13379204,0.0,2.9243119,0.0,0.0,0.5351682,0.4204893,10.149082,1.3570336,0.0,1.0,0.0,0.0,0.0,0.0,0.0,0.0,0.0,0.0,0.0,0.0,0,0.7698371410369873,eVI-XiqvnYU,0,1,0,0,0,0,0,1,0,0
abn6Nr62kQQ,2.410510778427124,-13.75758171081543,7.358837609345138,0.0345679012345679,60.45637636283215,4.997530864197531,4.818943465697705,0.7307692307692307,0.903846153846154,0.7692307692307693,0.7307692307692307,0.6153846153846154,0.6730769230769231,0.2884615384615384,0.5384615384615384,0.25,0.4615384615384615,0.8269230769230769,1.0,0.0949210375547409,0.0670661777257919,110.62838745117188,110.0,0.3860911726951599,157.0,0.0286975726485252,1.6247879266738892,4.901233196258545,53.93989454398976,36.41385405287587,19.66878737565855,13.882953740839222,9.9132491520016,10.642788269318745,8.582169051730018,8.705561639912327,5.912510905820349,6.261713062243219,5.591907855174707,6.464284817188486,16.183852422779278,11.787473737514516,13.239299254666587,10.900589181377788,9.835903951297787,9.281670590677418,8.585430972030352,8.27749132595285,8.05930584364922,7.854619015096136,7.441163064248645,7.184289682761026,-0.0012174611956318,-0.0009821191328873,-0.0005370774499716,-0.0003694310368829,-0.0001002777514683,-2.8922204827101188e-05,-1.1191819129370524e-05,-1.3435685768682128e-05,1.687871029670961e-05,-0.0002139876381993,-0.000148723502607,-0.0001831747204696,1.8414899232585809,1.5452590130845756,1.4637531806390485,1.2618065570977524,1.2200344041935212,1.1856455060464266,1.0886614734225502,1.163155335417169,1.1055491557325154,1.00195393679226,0.9700062069891638,0.9595382946278987,0.2646324038505554,0.1155039966106414,95.5107192993164,162.5738067626953,6.327436923980713,4.747502326965332,22.128969192504883,31.95366096496582,1547.232421875,1850.06494140625,12.932615280151367,10.03148365020752,-0.7251469,-0.7458202,-0.759008,-0.8006836,-0.7863102,-0.78232336,0.08208266,0.08360631,0.0830647,0.060012996,0.06103373,0.056920383,-6.8465505,-7.4657516,-8.511965,-8.877798,-8.71928,-9.873504,3.5982149,3.5027332,3.3799422,3.3248985,3.3915117,3.2593067,0.1361245959997177,0.0940866246819496,0.1099020913243293,0.1047029793262481,0.7093348057521038,0.5298969284022778,0.6700061476800562,0.4742670703027208,0.4311005808534204,0.417924138169107,0.3483295349106143,0.3964745543951516,0.3272874097183861,0.3867549324503287,0.6469105393184181,0.5666642193582594,0.2750229883922568,0.2425670039978491,0.2701574140600835,0.2305068135810134,0.2155440849602593,0.2014717543987059,0.1915330844073008,0.2059541641675567,0.1903275793905377,0.2139940349905484,0.2916475031620678,0.2530479264686636,0.4351430535316467,0.1945603042840957,14.655993,5.2410903,6.7848296,0.0,1.048218,0.34305316,14.4844675,0.0,0.0,0.13340957,0.0,0.0,0.0,1.6580904,0.19058509,0.095292546,0.0,0.15246807,0.019058509,8.385744,0.7432819,13.43625,13.264723,19.363445,0.0,0.0,0.0,0.0,0.0,0.0,0.0,1.0,0.0,0.0,0.0,0.0,0,0.6737111210823059,abn6Nr62kQQ,0,0,1,0,0,0,0,1,0,0
Om1NNvJikHg,4.616711139678955,-19.054536819458008,4.887166690079813,0.0837696335078534,52.37706432105544,3.4153577661431065,3.402376967001312,0.5169491525423728,1.0,0.5254237288135594,0.3050847457627119,0.2542372881355932,0.2288135593220339,0.1779661016949152,0.2033898305084746,0.3135593220338983,0.3474576271186441,0.3135593220338983,0.6694915254237288,0.0316020660102367,0.0354034192860126,147.55288696289062,148.0,0.6018518209457397,140.0,0.0962099134922027,1.1558622121810913,3.6550309658050537,46.85566247887287,30.95008696019666,18.29637997106544,10.827913914859488,7.5177546794040495,4.157027933904196,0.8871194870583258,-0.8579487663108967,-1.9621364252869675,-1.8516887911284243,-1.3926883713025389,-0.7745960481813889,20.12027266528264,10.25666863062915,10.84977200086258,10.103176988352844,7.728622477090428,7.684928575652033,7.627700427586944,7.043562303052355,6.964527285159485,6.813880085354552,6.619119275047047,6.085071344600664,-0.0002097023884693,-0.0001337232071748,-0.0001129990117711,-6.248239496778317e-05,-7.889889501789691e-06,3.1946677394600043e-05,4.60315664335297e-05,3.8864571012231455e-05,4.839808463183453e-05,4.273188336356748e-05,3.9727137919450574e-05,-1.4983547023255035e-05,1.6807692648914574,1.002316769879987,1.02370648729619,0.9394248495590188,0.8089779401017881,0.848774366065142,0.8782172941261271,0.8363429416962335,0.7861259846081552,0.7585920384821438,0.7517135885523176,0.7140521654586266,0.3242332935333252,0.0760884806513786,14.390482902526855,16.877159118652344,2.438990831375122,1.4239461421966553,10.11941909790039,14.435761451721191,625.957275390625,551.0947875976562,9.346434593200684,4.481851100921631,-0.69727516,-0.71660715,-0.74600786,-0.7779194,-0.78755206,-0.79682386,0.089347966,0.08120957,0.064404234,0.052518923,0.048553042,0.041744836,-6.822577,-7.1119056,-8.247488,-9.088205,-9.206782,-12.000755,1.0044589,1.003993,1.02633,0.8966149,0.9874401,0.8751333,0.0620887242257595,0.0474661737680435,0.0265734195709228,0.0383893437683582,0.5655524557828902,0.5532661795563605,0.5567965487040831,0.4212192461578094,0.4286755672028567,0.3278788964360916,0.5189757422734362,0.5063468804020966,0.2741837144009149,0.2652564602206877,0.2537938699940974,0.3584416715192492,0.2771775539966209,0.2711525205974212,0.2938638468283835,0.2578092558103164,0.2561666332897029,0.211574164000677,0.3022326705273283,0.2867748569659229,0.18270390514209,0.1926578688395251,0.1929649372366604,0.2169661419401866,0.5367148518562317,0.1386510729789734,37.707047,0.94186425,17.992855,2.1597922,3.2802858,0.06495615,0.17862943,3.1178954,0.32478076,0.24358559,12.114323,0.0,0.09743423,0.0,0.06495615,0.0,0.24358559,3.393959,0.0,0.19486846,0.0,16.20656,0.0,1.672621,1.0,0.0,0.0,0.0,0.0,0.0,0.0,0.0,0.0,0.0,0.0,0.0,0,0.7906718254089355,Om1NNvJikHg,0,0,0,0,0,0,0,1,0,0
DWbbNn6LAx4,3.0424909591674805,-8.15612506866455,7.332045689544646,0.0457516339869281,70.53993201359727,5.447712418300654,4.868084469373646,0.3508771929824561,1.0,0.4385964912280701,0.3684210526315789,0.3859649122807017,0.3157894736842105,0.2982456140350877,0.4385964912280701,0.3859649122807017,0.175438596491228,0.4035087719298245,0.8070175438596491,0.0453892089426517,0.0247105192393064,137.4603729248047,136.0,0.4963768124580383,129.0,0.0388349518179893,1.138989806175232,4.633220672607422,56.40873991918814,16.791148709515433,16.98631961577495,8.353056254770868,8.673568097764225,3.70320994179631,1.869886481362711,4.227909506059609,4.628220466922882,1.944806070573932,2.367983426726682,1.3202729733707668,24.664354060057253,20.47429503057266,16.108654907781638,14.219926894541384,12.159540271211608,10.637924185924414,10.29125926575701,9.704778449685715,9.414364658714314,8.934762072569734,9.336326569686795,8.130445554992779,-0.000172365362964,-0.000193081070617,-0.0002474217317523,-3.4783166637857026e-05,7.650244611707746e-05,0.0001994501382904,0.0001596937504891,-1.2112890356938488e-05,7.126262188345284e-05,2.458495403663073e-05,7.31421901808584e-05,9.589470251256506e-06,2.967354681382932,2.5575086660607784,2.0182565826812944,1.8046120432984951,1.700510678767498,1.5264016311314603,1.480889488246365,1.5108830686729655,1.4486889179545943,1.4457005321480203,1.4011848296622254,1.3176677040700626,0.1742295175790786,0.0958927199244499,24.78686141967773,104.6412582397461,3.1646921634674072,3.01721739768982,34.30313873291016,30.13030433654785,1989.3758544921875,1294.494140625,23.5506591796875,13.25990867614746,-0.7237645,-0.7729198,-0.7890907,-0.80498755,-0.80313444,-0.7674176,0.08485176,0.0808461,0.073508345,0.058014166,0.045474593,0.04455156,-7.03104,-7.0574856,-7.659933,-7.77649,-7.408444,-9.659567,2.6285756,2.5393364,2.488384,2.4600458,2.4774017,2.3313875,0.1101658269762992,0.0581016764044761,0.0943578332662582,0.0724819079041481,0.755313242344056,0.6634957502645036,0.4937746640914833,0.570859037231082,0.5437787900154322,0.5051465021137685,0.5284522378426405,0.5271002696092345,0.4552697346401736,0.3930655338481834,0.3750913406147793,0.4353652010711211,0.2387282454306597,0.2196189100383865,0.2021671331381627,0.235345216630597,0.2300532801849891,0.2322213973074378,0.2467744803230305,0.2114227518311774,0.1859839416411487,0.191327909689994,0.1806044383107255,0.2427123633235921,0.5540196299552917,0.1576571315526962,9.554356,6.988521,26.502363,1.0803511,0.0,0.0,0.0,1.1141121,1.0128292,24.577988,1.147873,2.0931802,1.215395,0.0,0.81026334,0.4726536,6.988521,5.1654286,3.511141,4.625253,1.0803511,0.7427414,0.0,1.3166779,0.0,0.0,0.0,0.0,0.0,1.0,0.0,0.0,0.0,0.0,0.0,0.0,1,0.6806541681289673,DWbbNn6LAx4,0,1,0,0,0,0,0,0,0,1
HOYaRq_8UdU,4.431954383850098,-14.107605934143066,9.7758000998598,-0.0329670329670329,64.46204035199257,4.596153846153846,4.756035672384165,0.2678571428571428,0.7321428571428571,0.8214285714285714,0.5357142857142857,0.2857142857142857,0.5714285714285714,0.2321428571428571,0.4107142857142857,0.1964285714285714,0.5535714285714286,1.0,0.8928571428571429,0.0336617268621921,0.0146068800240755,127.9310531616211,129.0,0.4078947305679321,123.0,0.025000000372529,1.289951205253601,3.957324504852295,54.10680467658831,15.446459337522834,27.40079956877456,11.659542308185047,6.405577481514737,8.113605135682134,3.844059492121152,3.3192305326454634,1.6195759895019004,1.7263511112534529,4.027043321445166,1.1797516958409868,15.742711602633284,17.547116280636217,15.657666806387752,13.713054342205256,11.917105201007796,9.847278261401438,10.056558401603445,9.572074621817409,8.659969242058821,7.878380501251081,8.139757484670218,7.496002176142996,-0.0005165902243968,0.0001471407080356,-0.0002168708057722,-0.0001707272538671,-0.000100171277231,-0.0002344907102182,-0.0002459802013285,-0.0001479387141705,-0.0001925686088747,-0.0001275730104996,-0.0001076426630116,-0.0001099533019112,1.6094922319085927,1.6710280313138404,1.5618625484485007,1.3722072938553334,1.4383547941613537,1.1986728346820992,1.2420648334662503,1.1337928446814003,1.0673671414652557,1.0491067287092153,1.047819414674004,0.9926167257514896,0.1967084258794784,0.0824856832623481,17.964675903320312,63.939971923828125,2.7448930740356445,2.217013120651245,30.58858108520508,23.62384605407715,1681.1009521484375,871.1383056640625,15.969700813293455,11.014768600463867,-0.7422263,-0.7594599,-0.7804757,-0.7866388,-0.768982,-0.767326,0.06493051,0.07544678,0.06679433,0.062467895,0.06560599,0.048039686,-6.9024744,-7.3995595,-8.055832,-8.110723,-7.9510365,-10.797554,1.4475349,1.5330096,1.6145284,1.6662233,1.6924886,1.6501331,0.0693616420030593,0.0559896193444728,0.0673451647162437,0.0444958917796611,0.7839425102437999,0.4418940130809048,0.5141904455843039,0.4043895255158001,0.4884305866030397,0.4494357337949514,0.4103898796933342,0.5504553689794563,0.344576583694307,0.3808460374114413,0.5196493757353979,0.6237345634101902,0.2025164209570276,0.1853473186336832,0.2392081276470723,0.1960575063120759,0.2340045526875034,0.2488907200667645,0.208959468120252,0.2398779183363779,0.1915513040909082,0.2218170654565986,0.2069947010683721,0.2123454608914493,0.5746123790740967,0.1194009557366371,30.640394,2.1674876,10.344828,2.955665,3.3497536,0.1724138,0.3448276,0.0,1.6748768,0.0,0.0,0.024630541,0.024630541,0.19704433,0.0,3.6945813,0.098522164,13.300492,0.049261082,3.596059,0.22167487,0.8374384,18.325123,7.9802957,0.0,0.0,1.0,0.0,0.0,0.0,0.0,0.0,0.0,0.0,0.0,0.0,0,0.8190298080444336,HOYaRq_8UdU,0,0,1,0,0,0,0,0,0,0
C4G2mZOfXJA,2.3024356365203857,-11.94394874572754,5.221874881114263,0.0150943396226415,71.0467639923756,4.071698113207547,3.6423285812471695,0.4594594594594595,0.8648648648648649,1.0,0.5945945945945946,0.2702702702702703,0.7837837837837838,0.1351351351351351,0.5405405405405406,0.3513513513513513,0.5135135135135135,0.7027027027027027,0.945945945945946,0.0281178802251815,0.0120100444182753,127.85369873046876,129.0,0.5059171915054321,123.0,0.0413436703383922,1.063689947128296,3.855307340621948,73.63934991175941,-18.206137741853027,30.981518992703908,5.968623990141197,-3.5640994594663247,3.93813485424554,-2.0950875951991583,4.343079533754351,-2.621885474646826,6.636138157745406,4.268281376152272,-3.483992162734149,16.069761801437572,15.27715711220038,13.48447595595792,11.38250028298898,11.013980911903666,9.355949068680872,9.72414349020464,9.683305385475157,9.20144921541615,9.181407427033587,8.680567663917534,8.079432914064878,-0.0015771836721085,0.0003188789067103,-0.000518813999886,-0.0002487021344689,-3.192875678573237e-05,-3.0075565307083765e-06,-5.04276455714616e-06,-0.0001777247982216,0.0002258035784299,0.0001871684503589,-0.0001689510175094,-0.000175699911966,1.657749882675991,1.6742577885896497,1.511526860571607,1.3825513991142988,1.3903038409826185,1.281877613118001,1.278903906991964,1.2970952652819037,1.2608571924176024,1.238053101419694,1.2075668488405815,1.1393714606267211,0.149212047457695,0.0524809323251247,4.902713298797607,30.4984073638916,1.1369366645812988,1.641545295715332,42.79263687133789,21.70224380493164,1993.4422607421875,1048.3525390625,28.67731666564941,10.537238121032717,-0.7157704,-0.75070626,-0.771873,-0.7562785,-0.7550308,-0.7773896,0.07120469,0.07734695,0.06625183,0.061752774,0.04370619,0.03736777,-7.0904737,-6.828252,-7.4149995,-7.208838,-7.328858,-10.450768,2.4076905,2.3804467,2.3242216,2.326919,2.2718143,2.0131934,0.085374504327774,0.0341532006859779,0.0873452648520469,0.0593850053846836,0.7289428026174108,0.3863944342113133,0.4751486356316819,0.3049876152148217,0.3642001174192908,0.4351491551014528,0.3651068561357785,0.6697983674584881,0.3700189345594425,0.3541243508465327,0.3819025071668258,0.4880153700174747,0.2657666790575647,0.1550001049735599,0.2492947664999014,0.1510833423395859,0.202131340970261,0.2785608891233426,0.182869714336496,0.2558840965878748,0.1694334144342786,0.1875959386019292,0.1667358229781671,0.1979314922407377,0.5928323268890381,0.1067473590373992,46.399593,3.5243409,17.723124,0.55780935,0.35496956,0.0,0.0,0.0,1.6987829,0.0,0.02535497,0.0,0.0,0.0,0.0,4.259635,0.0,6.820487,0.0,4.28499,0.6845842,2.1551723,11.282962,0.22819473,0.0,0.0,1.0,0.0,0.0,0.0,0.0,0.0,0.0,0.0,0.0,0.0,0,0.8751412630081177,C4G2mZOfXJA,0,0,1,0,0,0,1,0,0,0
mM9ZCCCl1uA,4.370537281036377,-7.319306373596191,6.192053234752277,-0.0773195876288659,67.04842232095778,3.2628865979381443,3.32562123760448,0.6272727272727273,0.5727272727272728,0.5818181818181818,0.2909090909090909,0.209090909090909,0.4181818181818181,0.1818181818181818,0.2727272727272727,0.1909090909090909,0.2909090909090909,0.6545454545454545,1.0,0.0371165759861469,0.020962469279766,128.07913208007812,129.0,0.3808218836784363,123.0,0.0143790850415825,1.1517181396484375,2.554562330245972,67.90287690257207,12.250861005665914,24.21905224044736,14.26567977223482,4.634229301164076,7.891326619980423,4.554835793535643,1.879266187539692,5.603441957334005,0.0465636589574773,-0.5666181973155803,-1.0120751285848992,12.516007718199653,13.780754435528433,13.753905895720388,9.15986515995128,10.59145789230405,8.63904573941493,9.201494731750342,8.307151537389583,8.480888118573983,8.70533787450229,7.958636914699853,7.831157358654168,3.086497771457868e-05,2.6115268668923e-05,2.6839382529430588e-05,2.01539363588148e-05,1.3526170244136268e-05,1.521176200411448e-05,1.4524289988381812e-05,1.2291258635022232e-05,1.4523323733860872e-05,1.389677958898132e-05,1.0723350019406853e-05,9.320730909225953e-06,1.2861943727863523,1.28501824285781,1.2518466313112022,1.1461042908419463,1.17651254707452,1.1047097073103225,1.0942107737973266,1.094780454209903,1.0936893016251603,1.047548813128831,1.0163776491149057,0.9879789927084208,0.1962925940752029,0.0843660607933998,12.906495094299316,26.19786071777344,2.511519432067871,1.822430968284607,27.90774345397949,19.54128837585449,1372.914306640625,772.3988037109375,20.821083068847656,11.606850624084473,-0.7162229,-0.7564912,-0.75146955,-0.7743653,-0.7836571,-0.7681535,0.07515001,0.07339539,0.07439016,0.054985203,0.04794199,0.048477374,-6.6132593,-6.986647,-7.729497,-7.7169614,-7.81408,-10.262406,1.4868426,1.6385609,1.5711646,1.6388899,1.7879771,1.7399548,0.0835950598120689,0.0490696616470813,0.0668130218982696,0.0447413101792335,0.6574059730140803,0.3908364559903122,0.421361863029545,0.4636907979702989,0.3001515360621427,0.4611712563313608,0.212474058065681,0.3578353462725829,0.4091951829372854,0.3829612741799362,0.4766680869983284,0.3479419824856415,0.2573487169594604,0.236579947250728,0.2259228363131552,0.2406775723998573,0.1623084472863862,0.2574364154069894,0.1243576725164858,0.1945974978535266,0.2528032852072877,0.220467920938849,0.2747088412777367,0.1965618563395802,0.5499973893165588,0.1061145663261413,9.95856,11.046361,22.377623,4.4677544,5.257705,8.5470085,1.023051,15.060865,1.9166019,7.200207,1.2820513,2.2921524,0.0,0.0,0.0,0.93240094,0.0,0.2978503,2.6936028,0.0,0.14245014,0.0,5.374255,0.12950014,0.0,0.0,0.0,0.0,0.0,0.0,0.0,0.0,0.0,1.0,0.0,0.0,1,0.6706809401512146,mM9ZCCCl1uA,0,0,0,0,1,0,0,0,0,0
khE-EZe6PYY,1.7565537691116333,-6.106188774108887,4.807606125324831,0.0296495956873315,71.22549197589143,3.959568733153639,3.592592532950188,0.9148936170212766,1.0,0.8723404255319149,0.6595744680851063,0.4468085106382978,0.6382978723404256,0.1914893617021276,0.7021276595744681,0.3191489361702128,0.5106382978723404,0.8723404255319149,0.7659574468085106,0.0326603800058364,0.0117919305339455,140.66104125976562,140.0,0.4067164063453674,126.0,0.0055248620919883,1.144087791442871,3.0836880207061768,81.08553295742813,-1.7304092658880583,9.933928834676852,-15.696068610084025,-1.0809511638752467,-2.8572285188356,-0.5915720429449338,2.439779424235312,4.753934758967662,4.731273076848481,5.018516904328159,3.4005415688707115,13.67930327932514,12.757470898662602,11.300861768275746,9.176614496423776,10.196040075139871,9.390476314407572,9.29082999320438,9.02860962207276,8.41908844739609,8.04641744663949,7.573308243029921,7.449317860934554,-0.0015750411860311,2.7397385840831743e-05,-2.175516949677202e-05,0.0002258912248124,4.915707771585228e-05,0.0001011393071613,5.3353709461811614e-05,-5.027555078105199e-05,-0.0001097786396223,-0.0001267524026051,-0.0001241614179752,-0.0001332635382183,1.3314136610961549,1.408638336488791,1.3640289703888462,1.207098440182664,1.2783424429449086,1.2114511231621297,1.1932736257402692,1.198856451283694,1.1593892462785067,1.1240915001641607,1.1038079324458752,1.0764001241007597,0.1464964598417282,0.0434306152164936,3.933845043182373,7.763871192932129,1.411957025527954,0.7166169285774231,30.80754852294922,18.433761596679688,1823.9443359375,1349.6435546875,30.908456802368164,10.675336837768556,-0.735399,-0.7417877,-0.74733394,-0.7951828,-0.7990168,-0.7185049,0.070535615,0.07211893,0.06133614,0.04811781,0.035690695,0.04931179,-7.1388793,-6.3782897,-7.0692897,-7.477921,-7.1623883,-10.530648,2.8853226,2.9873717,2.8907654,2.8372493,2.8956199,2.5047812,0.0829943120479583,0.0309888683259487,0.0751388296484947,0.0670642927289009,0.7865904143422793,0.4192471476850555,0.5271358360194657,0.3521372566212721,0.4565113221679101,0.3889903747626214,0.2845620166237474,0.4708442307772222,0.2755944971364939,0.4271871795266569,0.2498255262398371,0.3519239606012745,0.1844328328241354,0.1937111073171654,0.2313673927389609,0.1783639243695406,0.2083764458108586,0.2248600937475253,0.1445492423850853,0.1972827814035296,0.1460220921890295,0.2138907225168643,0.1232406572740087,0.1798714570190606,0.6261637806892395,0.0924165472388267,31.385843,1.4755733,9.870389,0.8374875,0.75772685,0.0,5.8025923,0.0,0.71784645,0.059820537,0.0997009,0.11964107,0.0,0.0,0.0,0.73778665,1.5154537,4.1674976,0.0,0.0,0.0,5.862413,22.652044,13.938186,1.0,0.0,0.0,0.0,0.0,0.0,0.0,0.0,0.0,0.0,0.0,0.0,0,0.8114974498748779,khE-EZe6PYY,1,0,0,0,0,0,0,0,0,0
ybN7DTRp2XU,6.788297653198242,-24.73374938964844,5.316610996960459,0.0028735632183908,60.09719205505983,3.5977011494252875,3.941263494575926,0.609375,0.671875,0.890625,0.40625,0.234375,0.109375,0.046875,0.1875,0.234375,0.28125,0.765625,1.0,0.0219006743282079,0.0318211652338504,123.86775207519533,123.0,0.5629629492759705,129.0,0.119815669953823,1.117664098739624,3.519839286804199,38.37743544202743,19.273064519842823,11.160901999423992,6.375326534902767,6.165115814427073,3.994412942405592,1.232677272274292,0.6600735930146923,-1.9012196247676767,-3.0660006615183675,-4.1745435252258725,-6.329905685168791,19.201585692811648,13.599223319093348,12.474093453805663,10.390535873193365,9.398889939387882,7.444557956933628,8.103172241790832,7.717958540486849,7.181868420977367,7.180376571293649,7.432069183331622,7.291538181885818,-0.0007078519069701,-0.0004364438799991,-0.0002775987783189,-0.000234016539882,-0.0001915556974577,-0.0001299901265144,-0.0001039415322299,-7.34055081190794e-05,-3.0637538623850984e-05,2.4322391631733105e-05,5.303538890196759e-05,4.59261794029891e-05,1.715416147799449,1.472785590118149,1.1546960681410423,1.0163640735240562,1.0070724258303212,0.836756084175865,0.823401078671396,0.8741568647061633,0.8091928156734713,0.7846860217183736,0.8413521653768061,0.787592906410996,0.245480939745903,0.0780790522694587,27.219877243041992,42.006683349609375,3.2765042781829834,2.547964334487915,23.539270401000977,42.01931381225586,1155.7847900390625,1161.906494140625,7.600196361541748,6.37978982925415,-0.6212062,-0.68639976,-0.72183543,-0.77158004,-0.7811605,-0.7927697,0.092003345,0.102954,0.10547466,0.08092348,0.06840928,0.058169775,-8.26731,-8.383354,-8.836636,-9.335061,-9.095393,-11.213319,1.3641299,1.3220662,1.4118965,1.4150938,1.4814166,1.5456555,0.0491922758519649,0.0568002313375473,0.0645584240555763,0.0778249278664588,0.5281954803970629,0.1913489237777353,0.2058510160424093,0.320498901914396,0.2060642397974479,0.3999097874349884,0.2260355156971233,0.3805905253175876,0.4163772925818145,0.2691406080595938,0.4556715066105951,0.3424337241784518,0.3325784186814821,0.1534651744721372,0.1732113610386276,0.2472966057661337,0.1689256738279182,0.2992171049156307,0.1863435510768963,0.2880468520366425,0.3499874799618067,0.2152947145248344,0.2827297149587676,0.2619908391533502,0.5195503234863281,0.1352822482585907,33.863586,13.510569,8.651122,0.4358248,4.1185446,0.52298975,4.183918,2.2009153,2.2227066,0.02179124,0.7191109,0.0,0.0,0.0,0.0,0.45761603,0.0,0.1089562,0.06537372,2.7456963,0.04358248,12.333841,5.9708,7.8230553,0.0,0.0,0.0,0.0,1.0,0.0,0.0,0.0,0.0,0.0,0.0,0.0,0,0.668376088142395,ybN7DTRp2XU,1,0,1,0,1,0,0,0,0,0
Qgpb_4dQdrc,4.849791526794434,-12.82303237915039,7.617924642278907,0.0655737704918032,66.66215565659269,4.678688524590164,5.029914276038364,0.8222222222222222,1.0,0.7777777777777778,0.5111111111111111,0.3555555555555555,0.4,0.4444444444444444,0.4222222222222222,0.1555555555555555,0.4222222222222222,0.4666666666666667,1.0,0.0553090311586856,0.0310356076806783,108.49366760253906,108.0,0.5328719615936279,115.0,0.0524781346321105,1.2590919733047483,3.8688747882843018,60.65636564106091,13.770502042168111,14.715602065894185,10.646993182138743,8.752863114120517,5.198913821337526,1.9041428102129188,6.392232176449261,9.679925263139133,7.122301501147838,4.596252326142608,3.10776469713474,14.711867592645202,12.93873895921303,12.372777312413826,9.191389469662264,9.918978365710077,8.888683119392592,7.882476634957104,7.297216248675667,7.728103915354696,7.534781044766396,7.237791291050643,7.276145218502608,-0.001014797965026,-0.0004295172453405,-0.0002859469315259,-0.0001050064731475,-1.0399975752564064e-05,4.259364965678678e-05,5.053130071707108e-05,-8.942569666995774e-05,-0.000206036812275,-0.0001904892938271,-0.0001537764876631,-0.0001137139770063,1.6723651957592718,1.3512865946008208,1.5564066110332626,1.2406047921043977,1.1948173427487758,1.1866255709832456,1.1012045726602515,1.0483991011475176,1.0512470309723914,1.0198775756716072,1.006549621134997,0.994373233818549,0.2001328319311142,0.0982659310102462,15.184460639953612,25.943374633789062,2.749567031860352,1.8994078636169436,24.66053009033203,16.600114822387695,1436.39501953125,606.6492309570312,21.426233291625977,11.935626983642578,-0.7299298,-0.7802785,-0.78727746,-0.81074685,-0.80333287,-0.7761971,0.07128339,0.07033687,0.060423132,0.05151735,0.043382853,0.045035247,-6.7322025,-6.864518,-7.48258,-7.6598825,-7.6150556,-10.313654,1.3490098,1.4716563,1.5846034,1.6545317,1.6397326,1.5280575,0.0929412320256233,0.07520692050457,0.0672618672251701,0.044987216591835,0.6895720707015471,0.5796078445858162,0.5354067941992736,0.5695347567415227,0.558683013153038,0.6503730581833918,0.5940084683434388,0.5243781098549509,0.2888054196887462,0.251310618347992,0.2920667146226175,0.2701711279923738,0.2109263066331046,0.2026515125271609,0.2125396712339624,0.2014590094877704,0.2098036455566128,0.2327766461588744,0.21907083141281,0.2180967377155124,0.1338110071578002,0.1154218529246462,0.1586367136504236,0.1265830754920171,0.5412731766700745,0.1236765682697296,16.535433,0.2952756,39.88681,0.0,0.44291338,0.54133856,0.88582677,0.0,0.8366142,0.27066928,0.0,2.559055,0.246063,0.46751967,0.0,0.76279527,0.0,8.1692915,2.4360237,3.198819,0.1230315,0.93503934,9.079724,12.327756,0.0,0.0,0.0,0.0,0.0,1.0,0.0,0.0,0.0,0.0,0.0,0.0,0,0.7457682490348816,Qgpb_4dQdrc,1,0,0,0,0,0,0,0,1,0
iUsq9wQ1ONY,5.380330562591553,-12.922472953796388,7.57510121676612,0.0260869565217391,69.43792425866377,5.059130434782609,5.012330806463352,0.9090909090909092,0.8831168831168831,0.8181818181818182,0.4935064935064935,0.3636363636363636,0.5584415584415584,0.2337662337662337,0.5714285714285714,0.3246753246753247,0.5324675324675324,0.7792207792207793,1.0,0.053748995065689,0.0267233084887266,110.992431640625,110.0,0.4888889193534851,101.0,0.0058651026338338,1.5231478214263916,4.185792446136475,46.515643143503794,11.673750513244132,17.50859025559533,12.825006206070682,9.60693403284755,8.227628771114057,5.952059285762744,3.569191257858205,2.059035350706387,-0.5313915111487683,-1.2406675632176165,-2.1109247623641547,15.44524861674966,15.464745262799948,12.69937506017428,10.702138641812166,10.383954339285294,8.981489690298906,8.462517034267542,8.586069849637871,8.376343552948715,7.266018011951691,7.3868532152432,7.056386460720479,-0.000364527575279,-4.835906945565328e-05,-0.0001282107241707,-8.371149730137999e-05,-7.104228423211682e-05,-3.945190261857523e-05,-7.479285372666167e-05,-4.669617176583008e-05,-1.517085303356756e-05,-1.097106087623666e-06,2.6337835602922077e-05,1.7334103017790195e-05,2.154398324118588,1.882225399097964,1.6927064910178744,1.4272542371498702,1.3640760494527733,1.2189841916109072,1.1896742275460084,1.1515110387355936,1.1654062062635795,1.070414024545249,1.0580366824351843,1.044808271651967,0.1692775040864944,0.0750846117734909,16.12144660949707,39.49032211303711,2.735560417175293,2.144125938415528,33.287254333496094,26.179004669189453,1721.549072265625,1085.3631591796875,17.491910934448242,13.507817268371582,-0.730278,-0.7909283,-0.78243935,-0.8051539,-0.79538625,-0.76689565,0.07642431,0.065976664,0.06686547,0.04987498,0.05127808,0.044013627,-7.1543665,-7.520611,-7.892072,-7.9315424,-7.909572,-10.561905,2.1311965,2.0894592,2.0837448,2.1017854,2.1166322,2.0857224,0.0837055146694183,0.0725546777248382,0.0838683024048805,0.0646973028779029,0.8066506989700181,0.532642359273251,0.5484243189223625,0.4431224841181008,0.3731297549406686,0.4698899492649661,0.3394273350141134,0.4542326060862129,0.5334944809620521,0.670972137943654,0.7031585577455324,0.5807161963986979,0.2096005384370072,0.177585255659767,0.2076681914578128,0.1708964751778697,0.1479780501974797,0.2084317647407324,0.1365655493791049,0.199485220925024,0.2131656772423869,0.242721343547519,0.240602888296048,0.1798976303660375,0.583099901676178,0.1344919949769973,18.369905,1.2288401,2.5454545,0.338558,1.7429467,0.70219433,0.2507837,0.4263323,0.8025078,0.82758623,0.075235106,0.0,0.0,0.0,0.02507837,0.012539185,0.0,3.8495297,0.17554858,32.275864,1.2789968,16.413794,10.583072,8.075235,0.0,0.0,0.0,0.0,0.0,0.0,0.0,0.0,0.0,1.0,0.0,0.0,0,0.7087513208389282,iUsq9wQ1ONY,0,1,0,0,0,0,0,0,0,0
xF15X7Qlj40,3.375411033630371,-12.939321517944336,4.160088459708555,0.0673854447439353,68.4264984559236,3.272237196765498,3.1773728502415293,1.0,0.9629629629629628,0.8703703703703703,0.3703703703703703,0.5185185185185185,0.4629629629629629,0.0925925925925925,0.5185185185185185,0.3888888888888889,0.4259259259259259,0.6296296296296297,0.6296296296296297,0.040762074291706,0.0227646883577108,87.00225830078125,88.0,0.4206548929214477,82.0,0.017326733097434,1.1558315753936768,4.091710090637207,62.71179303247419,15.853277090740134,8.036761456271636,7.319063907129133,6.907585536254662,6.393756877344675,4.298774949954823,2.7771240534525625,1.9700595844952369,-0.5902375081587841,-0.9623879837092728,-1.2051051838926734,12.216519446874958,13.795953250256398,12.133843411288744,9.347784980207193,9.721070850228498,8.833841605815834,9.229441798307915,8.442638059851152,8.566185863220694,8.437341535505858,8.56533062230109,8.267326329835047,-0.0004809552644808,-0.0006827638160549,-0.0002821598762729,-7.961597365943631e-05,-5.626665629748514e-05,6.87971729459472e-05,0.0001067856961982,-3.133084134891945e-05,-7.807675955744608e-05,-7.462327734138564e-05,-7.434430108375655e-05,-2.150944777276638e-05,1.4190284806333298,1.42218535447515,1.3463815476379448,1.2182998612255391,1.1997299622899713,1.1444870702561518,1.1468779734440446,1.0972753309793202,1.083663058134731,1.0662324973479178,1.0462373296943868,1.0182138967905112,0.1923780590295791,0.0790280774235725,11.689271926879885,26.12467384338379,2.055983781814575,1.8181228637695312,24.64845085144043,17.440879821777344,1296.5550537109375,927.9087524414062,18.57193756103516,10.943706512451172,-0.7311513,-0.73404384,-0.7154608,-0.7711052,-0.79494905,-0.77411973,0.0677986,0.078391984,0.08386974,0.061626647,0.043915603,0.041877124,-6.7017183,-6.9457583,-7.5787544,-7.9660463,-7.8775883,-10.138363,1.7902218,1.8549707,1.8852065,1.8682885,1.9069133,1.8361667,0.0861913859844207,0.0569408610463142,0.065559796988964,0.0517248399555683,0.7409060996173662,0.2661321083722046,0.4439534494774046,0.4278400394318928,0.5221807645862266,0.6038753683683908,0.3608820704213363,0.5813829801587254,0.3318905014727364,0.403915873091466,0.5095818755247559,0.3780258181600341,0.2569347461403032,0.1353125518828584,0.1889965753727063,0.1982961068197328,0.2214327280807753,0.2601223260518286,0.1647182200998939,0.2229569087812669,0.162479389795121,0.2085865239790318,0.2816750160790376,0.1705768408332387,0.5349308848381042,0.1131467819213867,27.430843,6.062614,37.071392,1.4079841,2.716581,0.16564518,0.0,1.6730164,0.08282259,0.0,0.5631936,0.016564518,1.7392745,0.7288388,0.0,0.34785488,0.0,4.4227266,0.0,3.5282426,0.0,2.74971,9.226437,0.06625807,0.0,0.0,0.0,1.0,0.0,0.0,0.0,0.0,0.0,0.0,0.0,0.0,0,0.8129491806030273,xF15X7Qlj40,0,0,1,0,0,0,0,1,0,0
AZBHP2UWbtQ,5.004459857940674,-14.56330394744873,9.111088077298792,-0.0094786729857819,62.90063520871137,5.360189573459715,5.729538327189625,0.6875,1.0,0.75,0.375,0.34375,0.46875,0.375,0.40625,0.375,0.3125,0.53125,0.96875,0.0343823358416557,0.0287892296910285,83.4380111694336,83.0,0.232876718044281,76.0,0.0263157896697521,1.171722412109375,4.364686489105225,37.46838382649022,19.326969930046403,14.393009852839397,10.863968900082298,6.52738713384874,4.974773851769048,5.534672502067339,5.330477630215751,5.352273705946738,5.791002388104014,6.296841885210837,4.539514224224098,22.077510819507555,13.872606509450904,13.33327948423277,11.964535545771824,11.983634981505402,11.456145047121336,9.406251797163671,8.563710151487946,8.676994114110641,7.749612664650784,7.906438993924213,7.945263179069444,0.0002221256760356,-0.0001113376149192,-8.088208466239849e-05,8.857875812419861e-05,0.0001577220965803,0.0001742790131966,0.0001409252535762,0.0001856348004243,0.0003053617258166,0.000310593581284,0.000148510791664,6.849367272127079e-05,2.675116619138716,1.859515210034108,1.6580351697368747,1.4640336072781468,1.521168358130825,1.5632322636475051,1.3597853308345005,1.2377840588095137,1.2415053629133015,1.077932530105114,1.1138541613073616,1.0962823097586285,0.2279701381921768,0.0758466720581054,51.04684066772461,108.51787567138672,4.493728160858154,4.183320999145508,23.99490547180176,30.812911987304688,1573.1888427734375,951.9464721679688,8.949853897094727,8.077764511108398,-0.7134982,-0.73539466,-0.7811228,-0.801195,-0.7951595,-0.77031684,0.07305759,0.12103526,0.07782837,0.05738824,0.048109647,0.034634084,-7.486684,-7.7824883,-8.343106,-8.506123,-8.138104,-10.365696,0.9768831,1.1327325,1.0743206,1.0781159,0.8224765,1.0241966,0.0748445987701416,0.0595899522304534,0.0648852959275245,0.0534109473228454,0.5978761127523852,0.5859118154770824,0.5276416553230611,0.507336460773011,0.5351199278940846,0.5123187088351663,0.5529062056862322,0.5433564708868135,0.4474215245170055,0.4575042405988149,0.3723336843461358,0.5113168138275023,0.2984519203850224,0.2903087837465857,0.2736445360863563,0.2558882413873235,0.2640766344361563,0.2252086987294403,0.235480455796529,0.2581846337888183,0.2229654582455141,0.2735347976220547,0.1762789394063808,0.2643275370571834,0.4689661264419555,0.1655601859092712,1.9632415,0.54302424,0.0,0.0,0.5012531,0.25062656,1.7126149,2.3809524,0.45948204,1.6290727,15.831244,19.172932,29.991646,2.2974102,7.560568,0.9189641,1.5037594,7.64411,1.6290727,2.2974102,0.83542186,0.041771095,0.041771095,0.7936508,0.0,0.0,0.0,0.0,0.0,1.0,0.0,0.0,0.0,0.0,0.0,0.0,1,0.612025797367096,AZBHP2UWbtQ,0,1,0,0,0,0,0,0,0,0
p9SE9vpqAwU,3.346388339996338,-12.693896293640137,3.5576322751015583,-0.1533923303834808,52.15093211304959,2.4070796460176997,2.8491177586238985,0.2818181818181818,0.3727272727272727,0.2727272727272727,0.1818181818181818,0.1636363636363636,0.1272727272727272,0.109090909090909,0.0454545454545454,0.0818181818181818,0.1636363636363636,0.2818181818181818,1.0,0.0470516271889209,0.0235676374286413,136.7413330078125,136.0,0.3093524575233459,144.0,0.0115473438054323,1.0407471656799316,3.468540668487549,81.41676368445349,28.97988334966304,21.920694699431973,11.522947997046105,3.6775402865810487,2.861988222988081,-3.617324661999713,-3.551282584050212,-0.9011101187982926,-2.7455933815379394,-1.9312686266877264,1.3406673880234747,18.564891627597827,14.010049662834506,15.240878690476343,12.115568615417567,12.4015270235557,10.02211260093271,9.003444378276738,10.002383594223502,10.049452211589916,8.484964139132515,7.711153609140756,7.4328984809069025,-0.0017062783788511,-0.0005731280991228,-0.0002438118414709,-0.0002016617817525,-0.0001695014532804,-7.788483607830743e-05,2.96986366293044e-05,1.1515594348255816e-05,-4.16114313142416e-05,3.096342932533375e-05,2.945353906963484e-05,-3.862764879542232e-05,1.5011588556350015,1.323494473348051,1.3089669751570407,1.1795995701810575,1.1481883755044175,1.04331082478129,1.0438392954150044,1.0752195274059675,1.0465295221938238,1.0152819742089771,0.9172339420658608,0.9051454500569848,0.2422734797000885,0.0668945088982582,14.72079086303711,15.554462432861328,2.765249252319336,1.3397880792617798,16.220117568969727,21.605939865112305,995.4142456054688,1267.880615234375,16.216567993164062,6.851932525634766,-0.6651067,-0.7106674,-0.7531469,-0.7740082,-0.75618505,-0.7941669,0.0949426,0.08394453,0.06621079,0.054037407,0.0603285,0.03815047,-6.864489,-6.875726,-7.960932,-8.282517,-8.477261,-11.077775,2.5305755,2.513891,2.388329,2.351066,2.357761,2.1149144,0.0693524107336998,0.0388246327638626,0.047149833291769,0.0709824040532112,0.5842339073121499,0.3552480444733427,0.4005162255177844,0.2991842206958623,0.5389380842300118,0.40138988344543,0.3511574745507486,0.5580719547039183,0.2253085928445201,0.2817314412639481,0.1551405945516217,0.2846527540454955,0.3081093478322121,0.2141874604696207,0.2577338516165264,0.1928366782895242,0.2924255449415864,0.2759871127110482,0.2040125887314987,0.2905127703205959,0.1440652994368913,0.2284485111015569,0.1125316732466306,0.1769092748971087,0.5721976161003113,0.116776242852211,50.036434,1.9917415,12.92203,0.6801069,0.29147437,0.63152784,0.29147437,1.0444498,0.63152784,0.6072383,0.14573719,0.0,0.2428953,0.36434296,0.0,0.75297546,0.09715813,0.17002672,0.21860579,0.0,0.0,3.934904,11.246053,13.699296,1.0,0.0,0.0,0.0,0.0,0.0,0.0,0.0,0.0,0.0,0.0,0.0,0,0.8881613612174988,p9SE9vpqAwU,0,1,0,0,0,0,0,0,0,0
NGjeDlNs3I0,3.573777675628662,-11.814581871032717,7.1955878735103065,0.0555555555555555,67.1130340724715,5.111111111111111,5.028482287824772,0.7377049180327869,1.0,0.6229508196721312,0.4426229508196721,0.3770491803278688,0.3934426229508196,0.3278688524590163,0.3442622950819672,0.2786885245901639,0.6065573770491803,0.4426229508196721,0.918032786885246,0.049660000950098,0.0252436082810163,92.53124237060548,92.0,0.1867088675498962,86.0,0.009404388256371,1.4819802045822144,5.932739734649658,46.88205596246468,22.653927499942505,24.40738993551747,17.317578807802935,11.136255326293762,5.839463052536289,6.835841977095038,5.0282854339046095,5.602818045221741,7.353382411201356,5.6384484025491,4.269119294018821,17.52808151829077,13.886707891811996,15.000287369523894,12.670922460775788,11.477909699784613,12.122618740519096,9.115203948001144,9.098446423049865,9.353147423986895,7.594397027177923,7.37981929944905,7.196656346134385,-0.0001543497023573,-0.0001824276781872,-0.0001621093348876,-0.0001667296382767,-0.0001531885734137,-0.0001422447845216,-0.0001225340747257,-0.0001071430053384,-8.891240377023816e-05,-6.173866997478756e-05,-4.319558925297569e-05,-2.920062422242757e-05,2.4778776994837703,1.885277575525098,1.775098609920209,1.556850966602401,1.5353674106166333,1.7417896262296482,1.3980367930779292,1.341953719191631,1.3886871558669454,1.1948125275527266,1.196099762376559,1.146374894057698,0.2281967997550964,0.0812780261039733,42.13294219970703,64.4493179321289,4.466118812561035,3.2363641262054443,22.09278106689453,20.36349868774414,1577.9761962890625,815.4166259765625,14.735556602478027,11.641119003295898,-0.74292666,-0.75621116,-0.7984671,-0.80526686,-0.8071765,-0.7568896,0.070119806,0.086156145,0.06781621,0.053224448,0.03521672,0.04111982,-6.703177,-7.2116733,-7.9316454,-7.714219,-7.464042,-10.190607,1.0674899,1.0451248,0.98304844,0.93658245,0.9429127,1.084901,0.0883942320942878,0.0656507760286331,0.0618849359452724,0.0422419533133506,0.839692919813804,0.492848509323717,0.4552215085107453,0.4150155593155565,0.4466376661406549,0.4508553235396909,0.4195036094590185,0.5669718674556671,0.4371427818380493,0.3817220999520822,0.5635668921769708,0.5094106986588528,0.2309930955571195,0.1696654737198522,0.2174562205390228,0.2067001098048644,0.2228600122743243,0.245571832508855,0.2205670531047856,0.1812553666830043,0.2303181418732761,0.1960282998515213,0.2978909022537793,0.2638790022974294,0.4980772733688354,0.1155052930116653,1.6503122,3.6574488,10.236396,0.0,0.022301517,0.0,0.42372882,10.927743,9.322034,4.237288,5.2854595,8.38537,26.73952,1.1150758,0.1338091,0.1338091,0.0,6.132917,1.6726137,9.611954,0.0,0.31222123,0.0,0.0,0.0,0.0,0.0,0.0,0.0,0.0,0.0,0.0,0.0,0.0,1.0,0.0,1,0.5939897894859314,NGjeDlNs3I0,0,1,0,0,0,0,0,1,0,0
5jWqNfX2_GE,3.930671453475952,-9.47810173034668,7.636031739426452,-0.0091954022988505,59.769123065585845,3.8091954022988506,4.304812388182571,0.4404761904761904,0.7619047619047619,0.6190476190476191,0.3214285714285714,0.2738095238095238,0.2857142857142857,0.1666666666666666,0.25,0.1547619047619047,0.25,0.6547619047619048,1.0,0.0815530270338058,0.052511241286993,87.53890991210938,88.0,0.0811594128608703,83.0,0.0086206896230578,1.4258649349212646,4.699289321899414,59.72938927820075,31.54266072319781,22.64940443594509,14.11058992439076,6.809415418515719,2.611397901900689,2.3369296524145704,3.01730192871836,2.4350935343199795,3.493109662833549,3.902577726068416,1.6896111341705609,21.609761960930484,15.37318853902837,15.281168562070302,11.79615804785724,12.21968940674986,11.10770601499654,9.595799268260809,9.3445204815424,9.284226982901853,8.067730820051185,7.766176980772076,7.45420008527063,-0.0005371830805424,-0.0003689941293488,-0.0002882252999259,-0.0001759222563952,-8.870572267634991e-05,2.346699366455736e-06,-3.106155837353668e-05,-7.177921902814495e-06,2.871693924432452e-05,-1.7351165798595096e-05,-5.681915405409985e-05,-4.368707757290165e-05,2.4168606196024447,1.7932298660027544,1.627343894082226,1.372203014480608,1.4809319905970555,1.3854152979868055,1.2634722669247895,1.2425381241057492,1.239219455654577,1.0608150562125,1.0521345263073278,1.0514571378266782,0.2452088594436645,0.0899678096175193,34.038753509521484,50.33186721801758,3.811347484588623,2.5288994312286377,18.29958915710449,22.67362594604492,1074.8580322265625,716.9833374023438,12.081350326538086,8.668732643127441,-0.68667066,-0.7299872,-0.7823281,-0.79314965,-0.79446185,-0.79805446,0.07535092,0.08505003,0.0735736,0.058105502,0.045276936,0.042787805,-6.7145658,-7.0147576,-8.041597,-8.104295,-7.9963913,-10.249722,1.0373178,0.9659447,1.0069616,0.93952477,0.8968671,1.2870864,0.110160082578659,0.0924175307154655,0.0615170150995254,0.0536859184503555,0.8881118551082197,0.5746907439792568,0.5766593109342559,0.5911909054319191,0.4654736620826711,0.3923874892367509,0.3377621559822554,0.4156034771452462,0.3142882791444946,0.377080054009199,0.470907680946261,0.526137781059808,0.1610149686819316,0.220374063408074,0.2510543039206496,0.2624930309179985,0.2035618228106243,0.1813421615397684,0.1822654106284902,0.2035829986095121,0.1727059285604426,0.1962472985906046,0.1866187179077844,0.2216768220795544,0.532730221748352,0.1348846554756164,0.15473887,0.058027077,0.0,3.8297873,1.0444875,40.038685,14.50677,2.6112185,9.361702,0.6189555,2.147002,0.0,0.69632494,0.058027077,1.2959381,0.01934236,0.40618956,0.30947775,0.0,0.0,0.27079305,0.3868472,17.369438,4.8162475,0.0,0.0,0.0,0.0,0.0,0.0,0.0,1.0,0.0,0.0,0.0,0.0,0,0.5192983746528625,5jWqNfX2_GE,0,0,1,0,0,0,0,0,0,0
RpPFybfF9TM,2.795119285583496,-11.975347518920898,5.467833059766403,-0.0405797101449275,57.127153977284415,5.121739130434783,3.995246072311928,0.6507936507936508,0.2698412698412698,0.3809523809523809,0.5079365079365079,0.2222222222222222,0.6031746031746031,0.0634920634920634,1.0,0.3015873015873015,0.6666666666666666,0.6031746031746031,0.2063492063492063,0.0352732166647911,0.0174057204276323,107.59855651855467,108.0,0.4569892287254333,136.0,0.0721649453043937,1.20486581325531,3.4097495079040527,100.6735645409932,13.09432364474686,8.84323470429507,6.967083118101423,-3.1509725705694094,2.488593783507992,-0.5800644443230778,-5.619722726873476,-4.372730487362277,-3.7349744201791775,-5.808834217098623,-2.389454747901342,16.895888391031594,13.316988971247078,12.413378306812897,9.99698074253479,8.981319087185199,9.102162502890607,8.241689495649556,7.978455994659236,8.340028054763843,8.013622709318668,7.57521143861152,6.949837058101945,-0.0022652086633282,-0.0007153930726382,-8.618663069377979e-05,8.583978437787265e-05,9.714612007203776e-05,9.950895045647996e-05,0.0001822959282241,0.000183173503446,0.0001758968749079,0.0001782074375602,0.0001027576468308,6.498124370580772e-05,1.6560445581506753,1.3713684977759577,1.2950156254670715,1.1555185448496894,1.0531844054436854,1.0181442314980045,1.028420422573341,0.9860914865661672,1.0080971819061388,0.9652921901850212,0.9408380528012604,0.8833038243816905,0.2100251019001007,0.060680940747261,7.671199798583984,5.987707138061523,2.105507135391236,0.8527891039848328,20.1470890045166,24.458763122558597,1040.5113525390625,1357.863525390625,19.077804565429688,7.109232902526856,-0.63108796,-0.7035603,-0.72487456,-0.77307916,-0.7747191,-0.77984786,0.076952696,0.07590689,0.06617159,0.051876638,0.046363287,0.04861573,-7.059864,-6.8269863,-7.6335993,-8.047483,-8.321856,-10.879943,2.7364106,2.7590983,2.6570148,2.6112404,2.6142087,2.5512748,0.0668872594833374,0.0387019254267215,0.0578790754079818,0.0744609236717224,0.7216163764059438,0.1628253720681552,0.2973653097088649,0.1346673635694725,0.3296054910015252,0.466618155016596,0.2409395508140048,0.7051261023735548,0.2232168344616742,0.3755625936557202,0.1863347084250913,0.2202850316577839,0.235536726156216,0.104388460921628,0.1841827994548636,0.0908635815450647,0.2144555214906342,0.3067152855503996,0.1645536148358796,0.2548306421661426,0.1494024459800955,0.2687484312188651,0.1278103524423531,0.1323719999061599,0.6183651089668274,0.0776651054620742,75.43661,0.0,6.4867315,0.02268088,0.0,0.0,0.0,0.0,0.0,0.0,0.0,0.0,0.0,0.0,0.0,0.2268088,0.0,2.9031527,0.0,1.6330234,0.0,0.0,5.1485596,8.142436,0.0,0.0,1.0,0.0,0.0,0.0,0.0,0.0,0.0,0.0,0.0,0.0,0,0.8159826397895813,RpPFybfF9TM,0,1,0,1,0,0,0,0,0,0
KZrqEdtnfHY,2.8950116634368896,-9.40086841583252,3.313889846152242,0.0373027259684361,56.51218954994946,2.812051649928264,2.9282130242293314,0.5037593984962406,1.0,0.5714285714285714,0.4436090225563909,0.2105263157894736,0.1954887218045112,0.1729323308270676,0.1654135338345864,0.2556390977443609,0.3007518796992481,0.518796992481203,0.9022556390977444,0.0373884737491607,0.0184658803045749,122.0491714477539,123.0,0.5252032279968262,117.0,0.0329835079610347,1.2031346559524536,5.472720623016357,83.81259841816896,27.934823113619046,17.606782290909397,2.3835458190527548,9.80757768936542,4.768051344073915,1.81394247000558,4.360633256590655,0.9737907691972542,1.4621143998218007,1.6301021399829936,-4.153729281720578,16.53411000445272,13.573969924805084,11.994091821750322,10.838379350425797,8.808121454650628,10.492882702411151,10.394497233754642,9.209620020877924,9.211227736017872,7.837102996303791,8.448063657249218,7.638255761966027,-0.0007754800044692,-0.0003741258198939,-0.0001375528343571,-7.421645194060878e-05,-0.0001020718180282,-9.30741200561144e-05,-2.6149941604551095e-05,3.741872194682027e-05,2.325986633593721e-05,6.447660357028067e-06,4.331118714758757e-05,5.982484843148674e-05,2.1842766260095376,1.713401961156621,1.4936912246613123,1.3856487843840348,1.2187931227232516,1.3431446423636124,1.3607013560005965,1.192422948697884,1.1867474793301038,1.1264294905039498,1.1275030250474067,1.045202310201938,0.2113955020904541,0.0818137228488922,16.911209106445312,21.844676971435547,3.065690517425537,1.360241174697876,18.427827835083008,15.756186485290527,1186.3309326171875,718.9238891601562,18.972517013549805,8.883302688598633,-0.69075114,-0.7476877,-0.77427864,-0.80454457,-0.79067993,-0.76701397,0.08018935,0.07018808,0.052495774,0.04463608,0.048412174,0.04275418,-6.3834224,-6.5761585,-7.357749,-7.830311,-7.629273,-10.099949,1.2584217,1.4060754,1.4141828,1.4251277,1.476965,1.4327286,0.087057739496231,0.0444697067141532,0.0537730865180492,0.0463716313242912,0.7437737093434631,0.3830727137165836,0.4342898623239818,0.40806042464252,0.469291981991098,0.5483111441498123,0.391983918536915,0.5216437624035152,0.3179787241444801,0.3533948141366992,0.4649819933987392,0.4334548612482131,0.2387905486906406,0.1736415908081034,0.2166968333949152,0.2445442849304224,0.2116581484739873,0.2731784606501122,0.2178435779661951,0.2528109176567006,0.1582492505879342,0.1697455501056012,0.2206472976407276,0.1920082463713388,0.5687680244445801,0.0984639972448349,35.62323,8.512748,31.643059,0.36827195,3.8101983,0.2266289,0.014164306,0.4674221,0.014164306,0.0,0.2407932,0.014164306,0.38243628,0.9065156,0.43909347,3.9518414,0.0,1.2747875,0.0,3.144476,2.3371105,2.03966,4.291785,0.29745042,0.0,0.0,0.0,0.0,0.0,0.0,0.0,0.0,0.0,1.0,0.0,0.0,0,0.7177743911743164,KZrqEdtnfHY,0,1,0,0,0,0,1,0,0,0
jvL_Iq308Hw,1.9498746395111084,-7.461311340332031,6.166419734885621,0.0204778156996587,76.23425782869191,5.052901023890785,4.1580055742376585,0.5,1.0,0.3444444444444444,0.4,0.4333333333333333,0.7111111111111111,0.2666666666666666,0.7555555555555555,0.4777777777777778,0.4333333333333333,0.3444444444444444,0.8444444444444444,0.0428949818015098,0.0163849592208862,150.1343536376953,152.0,0.4399293661117553,144.0,0.0593900494277477,1.1099402904510498,3.590029239654541,48.94923380189767,27.70910940432203,47.94590217062599,3.112447338885888,19.24966772768078,16.022771213285107,8.162926525672527,1.67741220901715,4.761559910399488,4.342543828213492,-5.1613348999403605,2.146714201635852,12.09848758562378,9.390686262454958,11.08799193390631,10.579100659257016,8.757485191520479,8.439318938130247,7.732492819083098,7.522616878994845,7.376405215367776,7.181229620442756,7.174338056757534,6.817458737094593,-0.0004806477709812,-0.0004684954435716,-0.0009275031379038,-8.833452227368305e-05,-0.0001843306928352,7.994312233910475e-06,-7.743293559069723e-05,6.070434562418688e-05,-5.412680231617829e-05,2.0846566587755783e-06,0.0002320639546531,-2.8464674433157005e-06,1.7804683768242,1.3414018644252723,1.429469060773494,1.434007939199784,1.2127747108313325,1.224620691352852,1.1659892304813149,1.1439689087144724,1.1427935023205111,1.1355813041430702,1.1379472123175765,1.062947793694474,0.1831216812133789,0.0494846031069755,20.50226211547852,20.051258087158203,3.969783544540405,1.577054500579834,26.943038940429688,14.71450424194336,2170.099853515625,510.706787109375,32.076045989990234,11.466423034667969,-0.7340028,-0.7905218,-0.80316985,-0.8281903,-0.806363,-0.73321867,0.063219056,0.052123204,0.05311169,0.025693245,0.029385002,0.028356886,-5.9389515,-6.852877,-7.4360003,-7.417308,-6.3895907,-9.466589,0.7179888,0.7904182,0.80043006,0.72689223,0.74622434,0.8848524,0.10291688144207,0.0375325381755828,0.0749615356326103,0.0235114190727472,0.7480379310062173,0.4691522490485517,0.3977959984049239,0.456700107726987,0.474932577820789,0.4253669199159552,0.3377637372263335,0.5519468699277508,0.4491335242724926,0.3787630519364319,0.6400879664885332,0.5841670889289761,0.2288812036633571,0.1810361406441557,0.1383549947133062,0.195279507952696,0.1719341281068574,0.1735627214095562,0.1171101394102042,0.2364029678129033,0.2137352757940955,0.1460114272944155,0.2183102051210441,0.1808404428087051,0.592635452747345,0.1035737767815589,1.9981499,15.20814,4.902868,5.827937,1.8871416,0.037002776,0.1480111,1.6651249,10.545791,31.896393,0.1480111,0.0,0.35152635,0.0,0.40703052,9.287697,2.960222,0.22201665,0.53654027,0.0,3.3117483,0.49953747,6.6604996,1.4986124,0.0,0.0,0.0,0.0,0.0,0.0,0.0,1.0,0.0,0.0,0.0,0.0,1,0.5171977281570435,jvL_Iq308Hw,0,0,0,0,0,0,0,0,0,0
mSZ4-0A1Jso,4.345142364501953,-10.262290954589844,7.414352249011357,-0.0201149425287356,57.46614996731719,4.436781609195402,4.659562283781964,0.6666666666666666,0.5873015873015873,0.7777777777777778,0.365079365079365,0.2698412698412698,0.2698412698412698,0.0158730158730158,0.3333333333333333,0.2222222222222222,0.4285714285714285,1.0,0.5873015873015873,0.0345159992575645,0.0263526607304811,117.77633666992188,117.0,0.5765550136566162,112.0,0.0697674453258514,1.0470017194747925,3.4116878509521484,61.37785671889532,25.413422074879616,17.149495699094032,13.482793908283773,8.548712232320973,8.600993347069437,6.498771569613448,6.1384676568304375,5.394533288450439,3.327923664878319,3.897537868719856,4.890031963761308,16.498574642730034,15.058031588571614,14.982965852499223,11.823520419472551,10.497094095904387,9.669443940718086,8.92888607757884,8.637394223942636,9.443522549339733,8.078806930782793,8.10956074015901,7.390470845614179,-0.0001865872364062,-0.0001415368461859,-0.0001061946565773,-9.10886914491389e-05,-8.760667751892469e-05,-7.739076580280123e-05,-4.602333523673644e-05,-4.4868417201152224e-06,2.4005786548999595e-05,3.575150790633199e-05,3.947846852346513e-05,3.834732407976187e-05,1.4181466745747089,1.2628410571678237,1.1599368757671245,1.0381682368151155,0.9603714106624952,0.9791340241535252,0.94993680610144,0.8675144863311802,0.8996506460349414,0.8493095123862904,0.8422123125535583,0.816327465246456,0.2620328366756439,0.1154087260365486,32.680816650390625,68.71827697753906,3.7318575382232666,2.5662224292755127,19.22489547729492,25.462026596069336,1168.735107421875,1174.76708984375,13.255582809448242,7.745543003082275,-0.71393543,-0.73962635,-0.72577405,-0.75218123,-0.7647748,-0.77673876,0.07962364,0.076452956,0.0795722,0.06474443,0.05885264,0.050406683,-6.9099736,-7.4140177,-8.443197,-8.722142,-8.803444,-10.896139,2.1489031,2.15509,2.156425,2.0982704,2.108742,2.0439467,0.0600052587687969,0.0515465550124645,0.0557354539632797,0.0663025751709938,0.5147410563801854,0.1602786746425335,0.2993748442793456,0.1957169944828986,0.3571370070500261,0.3807182207766466,0.2278451393443682,0.5028365350033133,0.1856312264546352,0.2942162347309612,0.184680504981535,0.2751056291563933,0.3166827307956206,0.1353174470187646,0.2608441535288704,0.1531288326974184,0.2458415905699299,0.2824573066510626,0.1601747356394886,0.3289943295028805,0.1323713763492457,0.2299361977101895,0.1339501343991321,0.1945007760680979,0.4453558623790741,0.142591044306755,43.987343,6.329114,19.409283,0.73839664,0.17580871,0.0,0.0,0.0,0.08790436,0.0,0.0,0.0,0.0,0.0,0.0,2.0218003,0.0,0.70323485,0.0,0.5098453,0.6153305,8.298172,13.484529,3.6392405,0.0,0.0,0.0,0.0,0.0,0.0,0.0,0.0,0.0,1.0,0.0,0.0,0,0.8065074682235718,mSZ4-0A1Jso,0,0,0,0,0,0,1,0,1,0
jafIYhaeaok,2.725249052047729,-10.232881546020508,9.364017806197367,0.0266666666666666,64.89659683146112,4.128888888888889,4.487643391567175,0.8307692307692308,0.8461538461538461,1.0,0.7230769230769231,0.1846153846153846,0.3538461538461538,0.123076923076923,0.3538461538461538,0.2615384615384615,0.5384615384615384,0.8,0.9076923076923076,0.0449108406901359,0.0186019204556942,127.44217681884766,126.0,0.5053763389587402,117.0,0.0104166669771075,1.2644171714782717,3.728250980377197,68.29037493343864,10.08890189282349,18.555846920287536,14.413362743285084,5.153628517004044,5.511085204077373,3.220371422819811,5.371502596102653,4.692819192458486,-0.4040427612425975,2.1783065896283085,2.2747853567805114,16.11555864419184,14.54825833051362,12.431402432601862,11.073498002757258,10.11119845425406,9.358115317898193,9.566690298317626,9.337933652385948,9.135049608070554,8.707941730611289,7.875515496356932,7.759131253669391,8.807185616718808e-05,-7.529962834143127e-05,-0.0001756000087882,-0.0001323048713183,4.603463101690741e-05,0.000165228242965,0.0001871441079974,0.0001671380713347,3.165909325041599e-05,-0.0001166075286939,-6.153092060153903e-05,3.662080926832832e-05,1.7445308902537335,1.6545410354369998,1.4310751304503977,1.3185545155877991,1.2847743663139424,1.2624164887341005,1.2482260683596462,1.2071472598916066,1.1982611601530215,1.1475999638692724,1.10032266934332,1.0682460973686057,0.1610424220561981,0.0556565038859844,10.840962409973145,16.825273513793945,2.436771869659424,1.563253402709961,32.54669952392578,27.90244483947754,1634.2655029296875,1174.9912109375,22.62697029113769,9.156646728515623,-0.7188985,-0.7576218,-0.75542855,-0.7685525,-0.7830924,-0.7877726,0.07080073,0.079304874,0.0688317,0.04928976,0.040666565,0.036195494,-6.7065687,-6.9033165,-7.556372,-7.5899134,-7.551629,-9.676351,2.3444774,2.331876,2.2527618,2.2452676,2.2663958,2.1639547,0.0931360125541687,0.0548485815525054,0.095627561211586,0.0713378340005874,0.782572840475687,0.6214883762075856,0.5852291884603511,0.4429881338472333,0.3970364028516717,0.5334032643085972,0.3946659003288676,0.5951549458948475,0.3956917635243955,0.3642318753731029,0.4844726487623909,0.5068287056131343,0.2304126016251136,0.2175268244862966,0.2330722237438803,0.1956192583966584,0.1716884627839978,0.2650035996877262,0.1703956150174942,0.2609380241461467,0.1777968748016397,0.2077492346310964,0.2139185140948464,0.1993170591819345,0.5584787726402283,0.1097412183880806,43.343494,0.11856369,9.58672,0.6266938,0.8807588,0.101626016,0.0,0.0,0.0,0.0,0.0,0.0,0.0,0.15243903,0.0,0.3387534,0.0,7.3509483,0.01693767,3.7771003,1.8631437,2.25271,27.201897,2.3882115,0.0,0.0,1.0,0.0,0.0,0.0,0.0,0.0,0.0,0.0,0.0,0.0,0,0.8234047293663025,jafIYhaeaok,1,0,1,0,0,0,0,0,0,0
IwHcqe4ciz0,5.221043586730957,-8.173725128173828,9.656050463657454,-0.0450643776824034,64.29898967816496,3.8433476394849775,4.14220514598462,0.4705882352941176,0.9058823529411764,0.5058823529411764,0.3176470588235294,0.1529411764705882,0.4352941176470588,0.0941176470588235,0.3647058823529411,0.2705882352941176,0.3058823529411765,0.6588235294117647,1.0,0.0360719934105873,0.0280964989215135,140.4866485595703,140.0,0.505859375,108.0,0.0300957597792148,0.98189514875412,2.678420066833496,62.57397910020366,19.04923480931689,24.930580901021784,16.5411171992623,8.07187529563283,3.5536598473785723,7.382984876513063,4.315164115074088,-0.7868910995150271,2.0154885435007475,1.1401760917738422,-2.411399033840458,11.932835777842104,10.529576978723302,10.148239777685712,9.217976832181217,8.0782471988874,7.978707112918842,7.671403578842252,7.70403164657519,7.734549428789531,7.1666728977321545,6.945197438335354,6.747836462670865,-0.0003477812104181,-0.0002269967642583,-0.0001894162165303,-0.0001455525208313,-7.848109475444471e-05,-5.939157181003073e-05,-4.129547298755838e-05,1.269192141299555e-05,3.260477738846394e-05,2.0983147949895728e-05,4.6170450001650784e-05,9.33973739629062e-05,1.0687727092163724,1.052158772809637,0.9755636481497008,0.9435240997501674,0.9211239601867354,0.9484920702010742,0.903605354485294,0.910336179732192,0.8657283709138028,0.8635324097200522,0.8140885484571108,0.8193293862806065,0.2552875876426697,0.1013643965125083,18.00542449951172,33.87903594970703,3.0588533878326416,1.6127595901489258,18.129777908325195,13.830607414245604,1057.166259765625,665.0746459960938,19.274763107299805,14.371432304382324,-0.6748858,-0.7249537,-0.750836,-0.7648942,-0.778359,-0.78785026,0.06093333,0.08985994,0.072677486,0.057034362,0.061981235,0.05154543,-6.8131375,-7.307965,-8.030342,-8.04291,-8.503668,-11.128312,1.2918315,1.3583999,1.5513304,1.6439989,2.0822053,2.204582,0.0706012919545173,0.0564508326351642,0.0484177395701408,0.0317586176097393,0.7018232708069307,0.2533107959484186,0.3941156100584966,0.1932610023853839,0.3566748214754378,0.3373707805411708,0.2581722686327318,0.6543030376456772,0.2458672716792123,0.3552670653868178,0.2187584177458403,0.334100359714327,0.2565340004076921,0.1410659629343361,0.2346564274844713,0.1184943583131871,0.2477423361748567,0.2706065976361531,0.1361603747641027,0.2582193064020578,0.1336476926221658,0.2220670409904983,0.1277944809019599,0.199846094407683,0.5238242149353027,0.1131678596138954,51.35836,5.119454,21.720137,0.21843003,0.12286689,0.0,0.17747441,0.0,0.0,0.0,0.0,0.0,0.0,0.0,0.0,1.337884,0.8737201,6.075085,0.0,0.45051193,0.0,1.9112628,8.641638,1.9931741,0.0,0.0,0.0,0.0,0.0,0.0,1.0,0.0,0.0,0.0,0.0,0.0,0,0.8737365007400513,IwHcqe4ciz0,1,0,0,0,0,0,0,0,0,0
gl0pvev0lDM,3.1747090816497803,-9.211666107177734,7.688433657489178,0.0382022471910112,60.90624550295005,4.233707865168539,4.3637151427701495,0.3888888888888889,1.0,0.6666666666666666,0.2222222222222222,0.3555555555555555,0.2888888888888888,0.1,0.2888888888888888,0.2222222222222222,0.2555555555555555,0.5222222222222223,0.6333333333333333,0.0904288291931152,0.0643352940678596,142.13223266601562,144.0,0.381118893623352,129.0,0.0253164563328027,1.3810938596725464,5.079020977020264,59.54352257022459,26.243161768119997,21.716162861249934,14.779270209079334,8.270251351857324,7.517828668261938,2.982875195365107,1.0845392806952543,2.4392164986759566,3.1112380120790117,3.978458492482199,4.034038926125828,16.01089013870934,22.070359575757017,15.837670658893932,10.646047679330922,10.806556041505772,9.865814413434707,9.674265457171272,9.711790183890562,8.647507398991017,8.6559293392683,8.279244946906486,7.825856843601601,0.000449523635793,-3.454680194741247e-05,0.0001087287097665,0.0001410603853885,0.0001477110742328,0.0002988721983488,0.0002222605257062,4.5627255324998864e-05,3.4823895468378466e-05,0.000155269297702,0.0002499185493565,0.0002284467566882,2.259946442853577,2.382401671284967,1.6318468134409876,1.2575556592125163,1.339621064927213,1.200553604901452,1.1455959230431945,1.145582707554935,1.0746255484996354,1.0420767295716244,1.0590381730218166,1.0008927722745842,0.3101790845394134,0.1139831766486167,62.26955795288086,123.19670104980467,4.768890857696533,4.204372882843018,14.00563907623291,16.629566192626953,1018.456787109375,693.3009643554688,12.96689510345459,10.205921173095703,-0.71374434,-0.72715294,-0.76963645,-0.79536575,-0.781783,-0.8059706,0.07980076,0.07863259,0.079554155,0.07238128,0.066959284,0.045450512,-6.783021,-6.9607325,-7.8361936,-8.262255,-8.497674,-10.391191,1.0113697,0.9122318,1.1906786,1.2239275,1.155137,1.4656093,0.0898601785302162,0.076112300157547,0.0462454706430435,0.0473237000405788,0.6354080953379576,0.3883923463205283,0.4566929095074565,0.4496068131722611,0.3716316343688396,0.570371824052793,0.3698405470685873,0.5166259178932465,0.3012961331592477,0.2767131113190513,0.2695838372251248,0.3978995638910644,0.3026316575010132,0.22316699366391,0.2683744750268105,0.2754809508952929,0.2278299275978407,0.3096564365587164,0.2139299484190689,0.2895700785394056,0.1885521796401492,0.1660652544342858,0.1676523644751294,0.2327576704339432,0.4133673906326294,0.1844976544380188,36.37455,3.755788,0.42874292,0.0,0.0,0.0,0.0,9.981135,1.9036186,2.3838108,0.05144915,0.034299433,15.657692,0.44589263,19.499228,0.0,0.0,1.2004802,0.1028983,3.3270452,0.034299433,1.7835705,1.0118333,2.0236666,1.0,0.0,0.0,0.0,0.0,0.0,0.0,0.0,0.0,0.0,0.0,0.0,1,0.4905087947845459,gl0pvev0lDM,0,0,1,0,0,0,1,0,0,0
mNlMKcN6LDU,5.866662979125977,-14.582294464111328,7.057879999569139,-0.0426829268292682,54.39676567656768,4.797560975609756,4.567701444948479,0.7165354330708661,0.5905511811023622,0.6299212598425197,0.4094488188976378,0.3700787401574803,0.5669291338582677,0.1968503937007874,0.4645669291338583,0.3464566929133858,0.4330708661417323,1.0,0.7322834645669292,0.084524318575859,0.1107543110847473,161.57310485839844,161.0,0.3470198512077331,152.0,0.0168539322912693,1.3865814208984375,3.6603341102600098,32.44256617815355,21.159643052421035,15.897652256519075,12.827358144119836,9.951469568808555,7.260084955290672,5.010628241248216,3.356636835224182,2.681303431561113,2.9962612151365624,2.9787284041567164,2.556980715548343,16.17490908674298,11.432497794363597,10.670868586021578,9.281056277975464,9.208997831667808,8.888977719764942,8.014667703420223,7.382038391385299,7.643488144443328,6.906538666028973,6.35139028559325,5.858361826671544,-5.5859108684532926e-05,4.551444776441729e-05,7.578064024481e-06,-3.625830101759609e-06,-1.9744008094694294e-05,1.1394279484952943e-05,-5.261279693436779e-06,-8.664572847147498e-05,-0.0001351117470406,-9.602954223813724e-05,-3.146931218431989e-05,-6.159108163345187e-06,1.6461034091606337,1.1396844988254022,1.003593188578307,0.9030498543222548,0.8945309381285931,0.8607297034448941,0.7771044672604653,0.7166588310730403,0.7208903846125848,0.6720663947722845,0.645476521954947,0.6159021122650074,0.3404016494750976,0.1611913740634918,46.52829360961914,81.97520446777344,3.925840377807617,3.167635202407837,11.616223335266112,16.711498260498047,828.9849243164062,678.4070434570312,9.24072551727295,7.633194446563721,-0.6947814,-0.7174414,-0.75090826,-0.7790095,-0.7671057,-0.7713182,0.09302351,0.092947595,0.08126941,0.07680949,0.07035903,0.0713988,-7.336869,-7.8883085,-8.848545,-9.394968,-9.557372,-12.082109,1.723225,1.2936386,1.4802405,1.5661173,1.8641553,1.7298065,0.0737514644861221,0.0870852842926979,0.0366629511117935,0.0366769507527351,0.56338593743339,0.3837819303305132,0.3940319449571245,0.2668182554155111,0.4009297817290389,0.4258974302306658,0.3475541669060067,0.5594452715609274,0.2954751728862878,0.4482468236977424,0.2003843233046418,0.2782462353620323,0.3230471946669727,0.2592991029818792,0.2605177280108681,0.1857160877327975,0.2374743162061564,0.2858258073051773,0.2150874830699616,0.3023496909056185,0.1803006970924997,0.3282467995051999,0.1371487191918659,0.207502415353729,0.4412910342216491,0.1586081981658935,23.594471,7.0430107,20.099846,0.86789554,2.626728,0.30721965,2.0430107,0.23041475,0.43010753,0.0,0.015360983,0.0,0.0,0.038402457,0.26881722,1.0752689,0.06912442,2.2273426,0.0,0.26881722,0.49155146,3.609831,20.061443,14.631336,1.0,0.0,0.0,0.0,0.0,0.0,0.0,0.0,0.0,0.0,0.0,0.0,0,0.6977572441101074,mNlMKcN6LDU,1,0,1,0,0,0,0,0,0,0
-uHBj-T17uQ,5.307397842407227,-9.205427169799805,7.445429172996204,-0.070754716981132,71.04346484869048,6.165094339622642,5.909387198904107,0.4523809523809524,0.4523809523809524,0.3809523809523809,0.4761904761904761,0.3571428571428571,0.3809523809523809,0.1666666666666666,0.1904761904761904,0.2619047619047619,0.4761904761904761,0.4523809523809524,1.0,0.0291093382984399,0.019496738910675,113.02429962158205,112.0,0.2842808961868286,144.0,0.0698323994874954,0.9343289136886596,5.11315393447876,59.31115865433543,23.43033321806383,16.31488198540698,4.554459026083881,4.950373995098116,3.220860214153904,1.6883759172329258,2.207533562862481,2.3882401865272387,2.567180544081739,3.452846106014721,-1.0705903187334609,20.053452350612293,15.12949558832689,14.354073702698914,11.793610898047929,10.993157702221035,10.05264317055935,9.313742071129417,9.207099168600289,8.755935315353643,8.582872578125185,8.03675485995111,7.968904138339765,-0.0002007452187567,-0.000631569582977,-0.0003044733232974,-0.0001788584515113,0.0002146408069809,0.0003414151060859,0.0004121598040858,0.0003797931841586,0.0003657657696947,0.000348343986548,0.0002438520145716,0.0001214638604402,2.2107930729013434,1.7109052666102331,1.5703554087853495,1.39040092210735,1.358946272078296,1.2845167707994218,1.2527451099223368,1.2184313323675644,1.197896301105197,1.176927140677845,1.1130960619694457,1.117782937106334,0.1879202872514724,0.0901999995112419,21.20368003845215,44.49272155761719,3.1807162761688232,2.283264636993408,31.559158325195312,32.12157440185547,1735.9609375,953.1351318359376,17.417631149291992,12.80123519897461,-0.73078847,-0.76339287,-0.7777805,-0.80842525,-0.7955454,-0.781722,0.094231404,0.07025947,0.065451376,0.04979909,0.04568355,0.047751922,-7.198906,-6.927207,-7.704657,-8.036548,-7.8198614,-9.913746,1.6067514,1.293732,1.4165068,1.3818364,1.6613058,1.9218897,0.0769828632473945,0.043791264295578,0.0903626680374145,0.0581698790192604,0.6701341439004316,0.5001715620096552,0.6511678613466191,0.4657254960043686,0.5571503505080436,0.5662224555089566,0.3776700083107005,0.4365217618690771,0.3382925459501288,0.5859826887046065,0.5970182072868603,0.5496385333436943,0.2308737699243197,0.1736941369681413,0.2086700817546861,0.1739355528345149,0.2398530736890684,0.2320519452997032,0.1463033039797908,0.2034364866137815,0.1512131718437659,0.1917557579463501,0.229331812700046,0.2025809943679228,0.5284560322761536,0.1330347806215286,35.62987,11.641941,8.096555,2.0870004,0.8046266,1.0309278,9.202917,0.0,0.2514458,0.05028916,0.45260248,0.0,0.0,0.0,0.0,0.05028916,0.0,0.30173498,0.0,0.7040483,0.0,0.05028916,6.6130247,23.032436,0.0,0.0,0.0,0.0,0.0,0.0,0.0,0.0,1.0,0.0,0.0,0.0,0,0.6321889758110046,-uHBj-T17uQ,0,1,0,0,0,1,0,0,1,0
JvIeelhvOts,4.474666118621826,-10.12109088897705,5.636161814642822,-0.0129870129870129,67.03535045711799,4.363636363636363,3.532443659201224,0.5581395348837209,0.7441860465116279,0.5813953488372093,0.5581395348837209,0.6046511627906976,0.6744186046511628,0.2790697674418604,1.0,0.3720930232558139,0.3953488372093023,0.5813953488372093,0.813953488372093,0.0958861112594604,0.0952577665448188,152.00718688964844,152.0,0.0318906903266906,157.0,0.0304347816854715,1.303920865058899,3.811089515686035,51.27036120042284,12.66209784932449,5.767389806826955,4.875405809572181,5.766836869408069,1.0859904217767236,-2.5313746514190263,-1.0297378134099695,-1.4694110224798247,-3.452090784078064,-1.4933811523275562,-1.2776226724081166,16.63276517412837,12.937115896185375,12.607333949032927,10.089700017819252,9.869621260636912,9.413158635437387,9.361594724058016,8.877599339222504,8.63473286450127,8.33964713422578,8.63736236082105,8.556793352392736,-0.0003556458832937,0.000206029358837,0.0003205016840319,0.0002079200684376,8.393071862453904e-05,0.0001637637877563,0.0002215944600233,0.0001012037360402,8.815561856255614e-05,8.77515676017832e-05,0.0001337328037858,0.0001998673705703,2.1667759971442337,1.685614735189877,1.5447417223601356,1.3104861518116342,1.2229254051373215,1.190065953305881,1.1872016035942898,1.0878532217371029,1.0989248632101916,1.0611281891266433,1.0303819246940786,0.9843310333165436,0.1778985857963562,0.0720648691058158,16.030778884887695,41.15474319458008,2.607093811035156,2.185722589492798,27.7078800201416,25.987031936645508,1555.62158203125,1235.9295654296875,19.555809020996094,12.226198196411133,-0.6728122,-0.74372375,-0.76620215,-0.7955985,-0.8034737,-0.7901182,0.1087571,0.08566286,0.06860493,0.052113727,0.042619456,0.043730747,-7.574207,-7.1422043,-7.560062,-7.8202844,-7.8401003,-10.155514,2.5692358,2.448625,2.3866966,2.35045,2.4193492,2.3647628,0.093859925866127,0.0949790626764297,0.0896298363804817,0.0869738683104515,0.6731811550310377,0.5714836661375666,0.3883805725271815,0.3381193211153384,0.3804481150711462,0.5012875432090658,0.3712706053583733,0.4399512234277897,0.4033362439174089,0.4822939818549115,0.6108991713320964,0.4829139748019726,0.2755443271996084,0.2911612260053223,0.2143452308758455,0.1963707326031294,0.1946625699431948,0.2602140620189593,0.2192420516544811,0.2315099456454186,0.2260413512141246,0.2230581898485547,0.2940254244451404,0.2212307642199763,0.554054319858551,0.1446785181760788,32.333504,0.5083884,2.4911032,0.0,0.17793594,3.634977,1.576004,5.7193694,0.0,20.106762,0.0,0.45754957,0.0,0.05083884,1.6776818,1.2709711,0.10167768,0.02541942,0.0,0.0,0.1270971,0.1270971,19.954245,9.65938,0.0,0.0,0.0,0.0,0.0,0.0,0.0,0.0,1.0,0.0,0.0,0.0,1,0.870211660861969,JvIeelhvOts,0,0,0,0,0,0,0,0,0,0
0zoCEcZyTOc,3.8166041374206543,-8.5516996383667,4.798223265529957,0.0418300653594771,62.996636388471565,3.2588235294117647,3.634035359624604,0.5641025641025641,1.0,0.6025641025641025,0.2371794871794871,0.2115384615384615,0.1538461538461538,0.0833333333333333,0.2115384615384615,0.1987179487179487,0.2756410256410256,0.4038461538461538,0.9615384615384616,0.0749909803271293,0.0781124457716941,155.23805236816406,157.0,0.1521739363670349,152.0,0.2426303923130035,1.5769718885421753,4.824687004089356,46.16225214766499,16.010931588188786,3.7123748230621,4.789039375603846,-0.506267573546679,-1.5082250871936904,-1.9343708803173667,0.8482218605754369,0.217501639768995,1.5974124123821352,0.8883890781285434,0.3212127650519354,23.718207963349773,18.1823439392584,15.800670419535791,12.988515273839656,10.934370763065244,11.795729375946738,9.82711406978637,9.51041966959272,9.656656333315118,9.047176545038257,8.150631253136066,8.132385768205097,-0.0001383646152628,2.140297120670497e-05,6.637994280454018e-05,8.852969044540804e-08,-8.90391579442901e-06,6.809932471486612e-05,2.150682897451499e-05,5.937738503848015e-06,-1.1890827739173165e-05,-3.073062097308356e-05,-6.880670077442315e-05,-4.773062350999232e-05,2.8699039463309486,2.384584799171861,1.9282499088330125,1.7427451988561409,1.554215331303752,1.6705892120763617,1.4003200806867773,1.3150229473010029,1.3166105360725464,1.257764919420628,1.175546008472292,1.130844428512752,0.1997541040182113,0.0833531618118286,20.95702743530273,50.21138000488281,2.8436970710754395,2.5045082569122314,33.222129821777344,37.51945877075195,1537.9237060546875,995.6368408203124,12.789926528930664,10.02247714996338,-0.6499681,-0.73517615,-0.761195,-0.7857797,-0.79788077,-0.781201,0.12085372,0.09100808,0.0794759,0.06571927,0.046044506,0.045937173,-8.0057745,-7.0365267,-7.7659006,-8.029777,-8.077427,-9.902431,1.6898215,1.0013558,1.0275311,1.0022329,1.0072312,1.2845329,0.1028498634696006,0.082697220146656,0.0875807702541351,0.0697467774152755,0.6896629006962757,0.6720908461903322,0.5644489610052198,0.6097077754412195,0.4539502898095277,0.3734992806034518,0.3413384502641197,0.3345366886534702,0.4015714533151434,0.3342184780836623,0.41412289095497,0.6282042307355976,0.2793936502873435,0.2413813626067517,0.2164734899829948,0.2536790018792657,0.2190681398684201,0.1717496877018914,0.1558379123643582,0.1549000863738397,0.218172611699487,0.173366350275876,0.2075503268780878,0.2476434606465877,0.5255247950553894,0.1595387607812881,22.078968,3.5858178,5.076551,1.3027129,9.602471,1.0341123,0.33575073,7.4402366,6.5538545,9.897932,1.0475423,1.786194,0.30889067,0.040290087,0.14773032,1.7056137,3.9349988,5.922643,2.5517056,0.0,0.0,3.196347,5.962933,6.4867043,0.0,0.0,0.0,0.0,0.0,0.0,0.0,0.0,0.0,1.0,0.0,0.0,1,0.7525988817214966,0zoCEcZyTOc,0,1,0,0,0,0,0,1,0,1
S3UkoymHaNY,6.084908485412598,-13.747764587402344,4.437072318909454,-0.0190735694822888,63.06316777559975,2.863760217983651,2.30459085181637,0.6607142857142857,0.6071428571428571,0.8928571428571429,0.6071428571428571,0.2678571428571428,0.4107142857142857,0.0714285714285714,0.5357142857142857,0.25,0.6071428571428571,1.0,0.6428571428571429,0.0478011406958103,0.0381904691457748,119.98822784423828,120.0,0.2275280952453613,140.0,0.0250626560300588,1.1750917434692385,3.057644844055176,64.98040451512729,22.159355567575,11.576902293168876,7.484250298399021,3.49105102458572,3.277718263991831,0.5869218497121872,-0.0929472681652457,1.092320815073256,2.5942107490345743,2.9688690216833957,1.7487470784525845,16.65425979133098,14.523547981274795,13.485939407208486,9.141875551345962,10.16907514410271,8.23643941486322,8.043314699282412,8.264368729089755,7.8812628379687295,7.418749292501967,7.531041953723377,7.041114219150525,-0.0001055759374118,-9.998882781548124e-05,-8.461215826921382e-05,-5.847837556319848e-05,-2.605744769712418e-05,7.24807182209884e-06,3.882254893701341e-05,6.708083530302087e-05,8.774958793334273e-05,9.472597295142263e-05,8.57593550286052e-05,6.62290667054451e-05,1.514007031522895,1.5057082840876326,1.362343275425754,1.0780550568925715,1.1311892802121,1.062262567376547,1.0323193791262004,1.0201502214520914,1.0205039714826567,0.9751614130385056,0.9510617891287768,0.9393177322482984,0.2446396797895431,0.0865699723362922,29.98292350769043,70.88803100585938,3.153054714202881,2.9175026416778564,18.725664138793945,18.530685424804688,1082.52392578125,651.9219360351562,13.305269241333008,8.921385765075684,-0.7097815,-0.730175,-0.7497808,-0.77270186,-0.79421663,-0.7889375,0.084709,0.08109032,0.07265002,0.06644224,0.05108867,0.04330262,-7.159237,-7.0226617,-7.9011245,-8.477226,-8.37896,-10.594695,1.4269975,1.4082564,1.4670966,1.4789703,1.5134315,1.5373577,0.0738307908177375,0.0574718117713928,0.0498754829168319,0.0491115562617778,0.7053353215400873,0.4835883521918443,0.3868727226165171,0.5085652401566652,0.3151327496635244,0.3981306717829768,0.263388496811866,0.437558347754256,0.2872562851444484,0.2644530630875846,0.3448676240614907,0.3250621521327752,0.2977802349370327,0.3016935338491885,0.2341618199925456,0.2757231264082422,0.1833391278145973,0.2449074110204726,0.1898573220910752,0.2586356046997815,0.2154029303652138,0.19716169377218,0.2449961498431454,0.1847550053459324,0.4724818170070648,0.1521377265453338,1.5053265,0.0,0.0,0.0,0.0,0.20842983,0.0,0.0,0.0,0.02315887,0.0,4.9096804,1.597962,13.640574,14.3353405,32.60769,5.9749885,2.9411764,0.04631774,0.44001853,10.722557,5.349699,5.697082,0.0,0.0,0.0,0.0,0.0,0.0,0.0,0.0,0.0,1.0,0.0,0.0,0.0,0,0.6299638152122498,S3UkoymHaNY,0,0,0,1,0,0,0,0,0,0
wXEFA2z5hpk,5.7167067527771,-9.582661628723145,5.213173882221677,0.0692041522491349,55.83238450769944,3.7889273356401385,4.251653278055022,0.9565217391304348,0.9782608695652174,1.0,0.217391304347826,0.3260869565217391,0.3695652173913043,0.1304347826086956,0.4130434782608695,0.2608695652173913,0.3260869565217391,0.4565217391304347,0.8478260869565217,0.0465533137321472,0.0422704927623271,140.7782745361328,140.0,0.3717948794364929,71.0,0.109433963894844,1.1610660552978516,4.190455913543701,53.58724776521783,31.55234293349828,15.264179496410494,9.551968897813383,8.70583492708764,4.579345165863476,2.1469247783273024,0.4429544293351874,1.1239907489125662,-0.2244137783284804,0.3513884138168553,-0.0200531513832187,21.219298752795584,15.156638239547997,13.149956936984095,10.69004023654013,10.444904083984488,10.034294038157505,9.419358117257543,8.668662445521376,7.910674709503178,8.016074007688314,7.751139612094072,6.895018471161812,0.000179285729064,3.77728751954244e-05,-0.0001338282369967,-1.6218135296394808e-05,-3.6666019343190153e-05,-0.0001373651974465,-4.1267761713532814e-05,5.031045892644719e-05,-2.26343126286743e-06,6.816252655955803e-05,0.0001076815027322,4.172706635513599e-05,2.2449416764682963,1.8886815503908956,1.5389577582758562,1.278806653021594,1.2625258120040648,1.2231839739478556,1.1731758693436785,1.128933307994497,1.0773543776678798,1.0812843662854892,1.0560621387926596,0.906246356077838,0.2586614489555359,0.0914105623960495,47.57659912109375,74.58963775634766,4.435568809509277,3.621917247772217,17.679677963256836,27.03276252746582,1152.35791015625,1322.199951171875,10.501269340515137,8.842641830444336,-0.6617942,-0.75322163,-0.7654901,-0.8094985,-0.8140143,-0.7970376,0.12207318,0.0893257,0.07784643,0.05742235,0.044443697,0.04420433,-7.623622,-7.546987,-8.591116,-9.024409,-8.761949,-10.666215,2.54282,2.3825145,2.3336322,2.341835,2.4121096,2.507731,0.0821637362241745,0.0681193023920059,0.0579351373016834,0.0646649077534675,0.6341044069036039,0.3915293607453057,0.3246773570640286,0.2237401634445224,0.4309092426834928,0.4010919088283486,0.2116077769594773,0.3368221371420893,0.3494067482978255,0.6283097953867318,0.4799921082039042,0.6211934352352119,0.2644988926769053,0.2006570012097833,0.1670566866199253,0.1141523290939541,0.2426423715919226,0.2870477081753999,0.1236239709764866,0.1967419687535212,0.1584698477187342,0.2230209380523522,0.1946254341611373,0.2586672362829049,0.5040431618690491,0.1499006450176239,1.9401631,0.83408886,1.087942,0.76155937,0.19945604,0.6346328,0.0,0.18132366,0.1631913,0.41704443,0.0,0.018132366,0.0,0.70716226,21.885767,42.629192,12.620127,8.250227,1.9038985,0.5077063,1.9582956,0.38077968,2.3028104,0.61650044,0.0,0.0,0.0,0.0,0.0,0.0,0.0,0.0,0.0,1.0,0.0,0.0,0,0.7581297755241394,wXEFA2z5hpk,0,0,0,0,0,0,0,0,0,0
qr0u-LV6md4,5.680727481842041,-20.314525604248047,5.182360313395933,-0.0343915343915343,54.60427795067116,3.661375661375661,3.838215002296259,0.4838709677419355,0.7258064516129032,0.532258064516129,0.5967741935483871,0.4032258064516129,0.3064516129032258,0.2258064516129032,0.2741935483870967,0.2419354838709677,0.5161290322580645,0.7903225806451613,1.0,0.0272590965032577,0.02542544901371,154.63929748535156,157.0,0.0880681872367858,152.0,0.3769716024398803,1.002112865447998,3.63395881652832,69.85217387517619,16.785289819252995,22.030223777453905,15.414593207424051,8.118715712835293,6.368841112810918,-2.141273156122336,-4.522104313278833,-1.0970429675393345,-1.3874881283219838,1.2272411804801364,0.5278738875302421,22.835429920854864,14.686825994179664,16.504601990305492,16.526402166398437,11.74487992662211,10.258868000303114,10.356765077414018,9.680942812812782,9.695430312448684,8.44666645219288,8.555301358437983,7.955983948520966,-0.000671031414325,-0.0003564227418427,-0.0003072949302715,-0.0002971355623516,-0.000208783008065,-0.0001022508955389,3.6796945520797553e-05,0.0001348571356669,9.234313764426483e-05,2.242990988643508e-05,4.4700923036718045e-05,7.298434896214846e-05,2.066449731238013,1.375544775943845,1.383821381764487,1.3203686933935197,1.167016505691727,1.0962526939342934,1.1184779221405727,1.0547862645620227,1.0486481000941328,0.9715320911254978,0.9873379514027718,0.909864208492238,0.2382004559040069,0.0634547248482704,9.57559871673584,11.079051971435549,2.3722357749938965,1.3069136142730713,20.525848388671875,16.51376724243164,1088.3941650390625,601.2617797851562,13.08576774597168,7.857201099395752,-0.6908422,-0.712108,-0.7368384,-0.76351523,-0.76141095,-0.7497361,0.073327765,0.09344192,0.08042959,0.06088484,0.054050457,0.060659382,-7.057632,-7.464673,-8.291215,-8.332363,-8.539498,-11.837578,1.137389,1.1777401,1.1861463,1.16463,1.202409,1.2086089,0.05408900603652,0.0470479018986225,0.0513678230345249,0.0468081645667552,0.556548868199707,0.2843964650857735,0.4158095792733883,0.2668763584672138,0.33337616419571,0.4004435710316573,0.2685951468660407,0.5283201747546886,0.245161558827428,0.264619432010232,0.2592817864199357,0.3603518463680949,0.3188037983034223,0.2092984628520761,0.2593839591846295,0.2170707736689983,0.2430114623909377,0.2736088953517288,0.1931610916525535,0.2877442197336583,0.1919422199685952,0.2143661113274929,0.2110876971540938,0.241868029616308,0.5892689228057861,0.0964137837290763,21.787502,6.8422027,22.213982,1.5946597,0.63044685,0.0,0.11125533,1.3906916,1.5019469,0.2966809,0.7787873,2.9482663,4.7468944,0.42647877,2.9111812,1.5761172,3.8939366,1.5946597,0.9456703,0.63044685,0.12979789,3.4118302,18.4313,1.2052661,0.0,0.0,1.0,0.0,0.0,0.0,0.0,0.0,0.0,0.0,0.0,0.0,0,0.8225135803222656,qr0u-LV6md4,0,0,1,0,0,0,0,0,0,0
5hquxV7CNsg,4.01682186126709,-15.541808128356934,4.124720348657935,-0.0235756385068762,65.63188028113397,2.7799607072691552,2.4055255642180104,0.3404255319148936,0.6702127659574468,0.8829787234042553,0.2872340425531915,0.2553191489361702,0.2872340425531915,0.0957446808510638,0.351063829787234,0.2127659574468085,0.3191489361702128,1.0,0.7127659574468085,0.045935034751892,0.0401891320943832,109.92977142333984,110.0,0.0714285969734191,115.0,0.0022271715570241,1.15124773979187,3.90828800201416,56.65629462039907,20.446063077876097,16.44659616365649,10.817180821085424,6.426729951481489,4.857980268939532,4.255808628844624,6.624851116588099,2.5066103194379665,-0.2901621385250831,1.7938322033336846,1.3464637222058848,16.03467920783388,16.57921995204817,14.847226478010455,10.04160519945554,12.414559038003604,9.21751362732472,9.149839078731713,9.635308017764986,8.257900930819307,8.39103297999765,8.89995043672591,9.22574759467787,0.0001296157087679,-2.624037224412976e-05,0.0002718198533901,0.0002075452418729,0.0001449249157384,0.0001777648812009,0.0001781412225151,0.0002197161456832,0.0003232407157654,0.000213665379367,-8.411923423484724e-05,-8.557385490430267e-05,1.68863504584443,1.7920666404329668,1.3186016168013643,1.201905687998876,1.2399043089460038,1.124091641511561,1.150851142649416,1.0947414826534037,1.0283735918601025,1.0771274117261824,1.058135037046339,1.0576959227843987,0.2063658982515335,0.0657868459820747,20.45143318176269,54.440547943115234,2.7491707801818848,2.610065221786499,28.751708984375,23.96562957763672,1496.1890869140625,790.1585083007812,13.351085662841797,8.40103530883789,-0.7324286,-0.69310063,-0.67128646,-0.70876175,-0.7319103,-0.73056376,0.07198859,0.09286721,0.11097626,0.098030515,0.080255345,0.077479385,-6.967425,-7.3706365,-8.515965,-8.601209,-8.307611,-10.852796,1.0480167,0.9746847,1.1774393,1.1430259,1.1555961,1.7227093,0.0819400623440742,0.0629469081759452,0.0764836072921752,0.0509935095906257,0.6275612163384835,0.3068409461260311,0.4953939665592886,0.404305372391136,0.2588100321612518,0.4403621525891201,0.2907811522965288,0.513031309343173,0.2370205419580658,0.208437248467021,0.3234375548328745,0.3302156125047207,0.3136178421828912,0.202109524722269,0.2943271367379409,0.2705101693975936,0.186844735921848,0.3015897990176076,0.2052560503072572,0.3057884293794491,0.1799289724732048,0.1531138107420973,0.2109870885709967,0.2157308694996607,0.4812568724155426,0.1127947866916656,52.945618,0.79305136,8.836858,5.0415406,1.2839879,7.1563444,0.0,1.831571,0.0,7.741692,0.43429002,0.11329305,0.0,0.0,0.0,0.0,0.03776435,0.03776435,0.28323263,0.0,0.0,0.03776435,9.19562,4.229607,0.0,0.0,1.0,0.0,0.0,0.0,0.0,0.0,0.0,0.0,0.0,0.0,1,0.75027996301651,5hquxV7CNsg,0,0,0,1,0,0,0,0,0,0
9-gaRTZAKoY,3.055363416671753,-8.988725662231445,5.081177103131503,-0.0382653061224489,59.06362547680295,4.051020408163265,3.912623340898888,1.0,0.4576271186440678,0.6610169491525424,0.4745762711864407,0.3898305084745763,0.5254237288135594,0.135593220338983,0.6101694915254238,0.4067796610169492,0.3220338983050847,0.7627118644067796,0.8983050847457628,0.0434495732188224,0.0188980344682931,172.2653045654297,172.0,0.0,178.0,0.4078125059604645,1.1126103401184082,3.79252290725708,87.70689355800745,23.558667606397965,17.002105952080598,13.300931365486075,9.710312570520117,3.41519022876655,1.3686594290770588,6.30474504294001,5.028091258738447,1.4972460466708866,1.2072202205750335,-0.0910039476083975,16.083984776927423,14.370279468822645,13.936676774052652,11.068494222550491,10.81156764627566,9.943216612294924,8.822068083283957,9.662928251684123,8.134531822263899,7.636795839499355,7.893407286241925,7.362917622422158,-0.0008640721934231,-0.0001287355192571,0.0002432071260528,0.0001045578214897,0.0001023075152271,0.0001521372829393,3.345621954234321e-05,5.963243397575787e-05,7.787052414210155e-05,1.3257330426394435e-05,5.40665508957387e-05,0.0001198977445221,1.69869249161584,1.354846286049698,1.2867333478499845,1.1434154008203752,1.1611616764151866,1.1324414376008043,1.0402870577271988,1.045876318603478,1.0018123507621672,0.977274858511651,0.9569620454843286,0.92202970409793,0.235065147280693,0.0780802890658378,16.393266677856445,20.075288772583008,2.8659932613372803,1.635419845581055,16.060205459594727,15.213831901550291,906.9984130859376,503.3335266113281,16.799306869506836,6.670806407928467,-0.6775226,-0.71919376,-0.7312269,-0.7558581,-0.7743017,-0.78682,0.068641454,0.07470477,0.075580634,0.056756627,0.051086023,0.039693482,-6.31522,-6.693081,-7.7238536,-7.995102,-8.083045,-10.404637,0.8223882,1.0920954,1.2076095,1.2322446,1.2412317,1.321642,0.0832652002573013,0.046611301600933,0.0460987873375415,0.0302629880607128,0.7032039472569324,0.4684923077553631,0.493037620662337,0.443652597745043,0.3782349425914582,0.5113330916046789,0.3187888628392814,0.3657109687655194,0.3263850384719014,0.435459287840917,0.4890284629397392,0.3363462332408022,0.2980366777431923,0.222126389596782,0.2698141536927269,0.1971696798837487,0.1901233897765215,0.2502864021816984,0.1579837211708576,0.2311224551863308,0.1932500395890573,0.2257179515719081,0.2942873868277464,0.1779442018496011,0.5442497134208679,0.0953385978937149,57.449043,6.0516915,13.154024,0.14708972,0.042025637,0.0,0.0,0.0,0.042025637,0.2521538,0.6303845,0.0,0.0,0.0,0.0,0.0,0.0,0.693423,0.0,0.6303845,0.0,3.2779996,11.767178,5.862576,0.0,0.0,0.0,0.0,0.0,0.0,0.0,0.0,0.0,1.0,0.0,0.0,0,0.8931754231452942,9-gaRTZAKoY,1,0,0,0,1,0,0,0,0,0
Omu-_SIWCRQ,3.436007022857666,-18.10711479187012,5.062809082030244,0.102803738317757,62.519096509240285,3.850467289719626,3.459972462168043,0.5238095238095238,0.6031746031746031,1.0,0.1428571428571428,0.3492063492063492,0.6666666666666666,0.0634920634920634,0.4603174603174603,0.1746031746031746,0.2539682539682539,0.4761904761904761,0.3809523809523809,0.0403078310191631,0.0212010145187377,126.0242691040039,126.0,0.1340659260749817,117.0,0.0104821799322962,0.9711304306983948,3.4078176021575928,75.2069740858735,24.56496439806105,23.1889797529032,11.277481865712677,4.759451330619389,5.614778003485768,7.1957567335260295,7.9590651821545055,2.7548687164304613,2.464443978026634,5.90237979065958,3.653382098294473,14.555352124332243,15.001295017333112,13.9849682940921,9.021066874216675,9.866669614990377,8.813996286736074,8.452183676756038,8.856543604191632,8.100335008931884,7.693772054307316,7.509900433112604,7.327159132764546,-0.0001623936935426,-0.0001161897737123,-8.159981185415499e-05,-3.126409416040343e-05,4.31827562387353e-05,0.0001171567913493,0.0001325264935851,0.0001088824431601,7.8793749253975e-05,5.162527169525074e-05,7.05680708298181e-05,0.000139560251904,1.347102981391595,1.3520327303389392,1.378811105434746,1.0889699393044885,1.2165353112285937,1.0814066492051664,1.0977541179338062,1.0650922722567202,0.9943538063279652,0.974293241111834,0.9655333995706707,0.9262414078564384,0.2344910055398941,0.0809033215045929,19.707500457763672,25.41808319091797,3.274305820465088,1.9443985223770144,19.172075271606445,18.63582992553711,1326.2979736328125,1387.75390625,18.26075553894043,10.217818260192873,-0.7140674,-0.74143124,-0.7391613,-0.75149447,-0.78181344,-0.7753316,0.07364242,0.07296161,0.08366769,0.06807856,0.04857943,0.04324402,-6.7276444,-6.998736,-8.145265,-8.334139,-8.180186,-10.745238,2.9231691,2.8887815,2.8049407,2.7894611,2.87029,2.7003753,0.0831305161118507,0.0665499716997146,0.0523060299456119,0.0678407326340675,0.5923969151981878,0.2345005436973486,0.3210261302311666,0.246396254596814,0.4109101893078675,0.5806051652463079,0.2907780924753169,0.5267799999539349,0.2663107039419591,0.3472820532777098,0.2678852222865153,0.2955567088871058,0.2628382871993041,0.1675644384049101,0.2091393088945478,0.1640277764833723,0.214921525804163,0.3476341724499141,0.1598159171016476,0.256915625168109,0.1577471979911792,0.245249560381709,0.1584988657468774,0.1724379076186475,0.4805435836315155,0.1188239604234695,13.890584,7.850315,60.809437,6.7114096,6.5080333,0.122025624,0.0,0.0,0.18303844,0.0,0.0,0.081350416,0.122025624,0.0,0.0,0.0,0.0,0.38641447,0.0,1.9727476,0.020337604,0.14236324,0.14236324,1.0575554,0.0,0.0,1.0,0.0,0.0,0.0,0.0,0.0,0.0,0.0,0.0,0.0,0,0.8209777474403381,Omu-_SIWCRQ,1,0,0,0,0,0,0,0,0,0
DOPYPHhngeM,4.919379234313965,-16.961532592773438,7.155279440207946,0.0083333333333333,67.26053865548198,5.45,4.793398237854504,0.7619047619047619,1.0,0.6349206349206349,0.5396825396825397,0.4761904761904761,0.5396825396825397,0.5079365079365079,0.5396825396825397,0.4761904761904761,0.492063492063492,0.7301587301587301,0.9206349206349206,0.0387297011911869,0.0218425076454877,112.33068084716795,112.0,0.0867678523063659,117.0,0.0021598271559923,1.1371885538101196,3.107552528381348,60.13298656679583,23.123374258254927,12.83212873691918,6.117709639086341,3.080428567728126,0.0368930989144343,0.4983454176135419,0.9628036130580574,0.8626220642531109,0.9820288594954536,-0.4247060115132918,-1.8023999877268229,24.72772804148145,14.977045030541731,12.737929577609048,10.642180971237371,10.875549692227024,9.97192273099559,9.824441821367587,9.22392546352819,8.17553226725529,7.625497542703271,7.62746537311035,8.005649928837554,0.0011110301634321,0.0002698230354541,-2.7931799272628257e-05,-0.0001390626504056,-8.941316151910186e-05,-0.0001745615916336,-9.302175642853204e-05,-1.4475127932807718e-06,6.9574801989687e-05,8.922391432670003e-05,4.982746670901825e-06,-0.0001049166574456,2.510741695881569,1.6897446839039876,1.5594200810458592,1.282956297620421,1.3609100406940111,1.2525233854822648,1.2936492311558947,1.1898925190061482,1.141793431038209,1.0495215486945384,1.0543216340789252,1.010254632871724,0.168987900018692,0.0722543448209762,24.83698272705078,40.46380233764648,3.5058581829071045,2.3089804649353027,29.835041046142575,32.1056022644043,1532.67724609375,1197.561767578125,15.112390518188477,11.707085609436035,-0.69479924,-0.7891038,-0.78359544,-0.80544466,-0.8070319,-0.79482317,0.090864085,0.06472111,0.07798054,0.057952583,0.046057798,0.045941982,-7.388134,-6.981128,-7.948913,-8.306678,-8.052163,-9.800764,2.3764088,2.3184981,2.1772075,2.122918,2.079201,1.9541347,0.0880400538444519,0.0669336915016174,0.1176716685295105,0.0779507607221603,0.7819186596041577,0.5572504248412127,0.5074871794704983,0.5652668609750706,0.5308024503575431,0.5165000467289966,0.5266515733021127,0.5459121329416923,0.433121064698092,0.5309806684113523,0.6892803504132596,0.6437331049247424,0.2208367880875789,0.1941307861943947,0.1710603233764505,0.2316736695264343,0.1722495518740398,0.2551726279774144,0.2624999709374314,0.2012089282017962,0.1989427817406434,0.1980776827175724,0.2219854049426452,0.1980217832467166,0.5947778820991516,0.1204222962260246,6.998503,6.081587,14.38997,3.7050898,2.0209582,12.911676,0.5988024,18.076347,1.2537425,4.0419164,0.52395207,0.31811377,0.13098802,0.0,2.601048,0.54266465,0.20583832,0.9169162,6.2312875,5.0898204,5.6511974,5.3892217,1.7964072,0.52395207,0.0,0.0,0.0,0.0,0.0,0.0,0.0,0.0,1.0,0.0,0.0,0.0,1,0.4988710582256317,DOPYPHhngeM,0,0,1,0,0,0,0,0,0,0
8rtYPD8l2yI,3.839502334594727,-13.058645248413086,4.32567674357907,0.0412371134020618,63.09421980796449,3.484536082474227,2.974508196590598,0.4285714285714285,0.5428571428571428,1.0,0.3428571428571428,0.3142857142857143,0.5142857142857142,0.0857142857142857,0.3428571428571428,0.1428571428571428,0.5428571428571428,0.7142857142857143,0.5714285714285714,0.0327715463936328,0.0165786389261484,96.26448059082033,96.0,0.372340440750122,89.0,0.0052631581202149,1.2007986307144165,4.59753942489624,91.59639620349536,2.967645700189337,1.7993062580084154,1.198984144979327,-0.6249448134995544,2.6841379580676192,3.98201446232076,4.972720688719382,1.3256245916697258,0.8676639087614992,2.165401280646252,0.9522029491713224,15.325506650323833,19.96754041618028,16.022052106818492,10.794834627592795,10.699253173389028,9.704477709194231,9.73232527778175,10.398190251957496,9.12375303929197,8.395266889551879,8.029127192542434,7.679407338645485,-0.0007509497393003,0.0003606569852016,-1.190762882204248e-05,-0.0002574739030389,-0.0002496598608439,-0.0001047245230779,-0.0001849147077649,-0.0001789095383684,9.833315889725434e-05,0.0001759642193874,0.0002274840878368,0.0002208251350258,1.6699363359555244,2.1123633349184456,1.7514653109258218,1.4330170960913602,1.342562742788537,1.2692085831692654,1.2510185859201342,1.2886122552478525,1.1745955025468722,1.1732241944493982,1.1906831146026875,1.075437090203428,0.2225310355424881,0.0591941177845001,3.5737593173980717,10.603805541992188,1.2422335147857666,1.0780521631240845,21.440752029418945,11.320862770080566,1065.73974609375,458.0634460449219,16.5946044921875,7.2549567222595215,-0.7257901,-0.7520196,-0.73325235,-0.77130044,-0.7865931,-0.786346,0.07243182,0.06987372,0.07373461,0.06321412,0.05066428,0.031468526,-6.9753327,-6.6034904,-7.23402,-7.7801523,-8.199254,-11.306562,1.0393578,1.074334,1.1178845,1.1337769,1.1046596,1.0481535,0.0743276923894882,0.0422698482871055,0.0471681766211986,0.0407909788191318,0.7118696962241129,0.4043174651678233,0.4512868211069857,0.4161265042737168,0.3991980885244726,0.4827387302130247,0.4626102380893609,0.5813397434473148,0.3496685199833756,0.3460040484030977,0.432059731761251,0.456823275417008,0.2773147445641314,0.1663900522157396,0.234299644464178,0.2096669784974343,0.1914089023647163,0.2525558544839387,0.2240695393123877,0.2895838692188288,0.1672548877403978,0.1955933935946776,0.1886707311402312,0.2019614951101493,0.572699785232544,0.1015853583812713,26.85293,3.104385,5.7043076,15.40551,2.871556,0.42685294,0.0,0.0,2.677532,0.03880481,3.8416765,0.03880481,1.3969733,0.0,0.0,0.0,0.6984866,11.990686,0.03880481,5.0058208,0.6596818,6.984866,10.0892515,2.1730695,0.0,0.0,1.0,0.0,0.0,0.0,0.0,0.0,0.0,0.0,0.0,0.0,0,0.7983211874961853,8rtYPD8l2yI,0,0,1,0,0,0,0,0,1,0
Pd5OC6agFbg,4.332592964172363,-6.590300559997559,4.8875926148658815,0.1441717791411043,66.6036338475732,3.773006134969325,3.5217128666743664,0.3235294117647059,0.5147058823529411,1.0,0.6764705882352942,0.2647058823529412,0.1764705882352941,0.0147058823529411,0.2647058823529412,0.2205882352941176,0.4852941176470588,0.5,0.3529411764705882,0.0789789706468582,0.0322989113628864,125.01475524902344,126.0,0.4638888835906982,101.0,0.0205128211528062,1.4640103578567505,3.6014811992645264,56.74179837448165,9.37504215026996,16.049732130290405,7.219012869986339,5.318790064570111,10.78451353811374,8.196747027828582,8.327425680661701,6.554784128793468,2.7169835335197154,3.756447115213603,4.260819106199346,17.814254026198345,17.54765950969664,20.014199596007604,12.590637942320694,12.287361777460996,10.479822783675548,11.170547016299016,10.903898212499966,9.528865076020292,9.283680904780647,9.017155956212884,9.389080996299102,0.0002903139307749,-0.0005173747531784,-0.0004071975849234,-0.0003434288618058,-0.0002468347722996,-0.000139977096106,-0.0001594057400915,-0.000124825221173,-9.336782101096038e-05,-0.0001115028558657,-0.0001048518717701,-8.762499671728737e-05,1.859979393292653,1.7996004390163505,1.98345718181902,1.540752103931441,1.4716844360906671,1.4388376788530284,1.4446007774357223,1.3064649278757696,1.2862921610498816,1.2573643551876896,1.2052522219811566,1.2195447809595488,0.197906419634819,0.0747696310281753,24.77691650390625,58.62003326416016,3.2359514236450195,2.949558973312378,28.313756942749023,22.366268157958984,1696.479736328125,716.9535522460938,16.119243621826172,10.162149429321287,-0.7382019,-0.74915797,-0.7343289,-0.7763116,-0.78549016,-0.79654026,0.09246487,0.07920845,0.09161821,0.06720746,0.05764811,0.03203277,-7.083881,-7.305427,-7.748528,-7.890313,-7.631352,-9.735335,1.2708801,1.3463229,1.3387909,1.3093592,1.2839305,1.2800223,0.0994218960404396,0.0726795271039009,0.0749236568808555,0.0495216771960258,0.7907614617744391,0.493092310371474,0.6353940921151269,0.395380593246659,0.5482191752249734,0.4923182649533226,0.3633261203114404,0.5164878355969335,0.3370408174882317,0.6486017614005355,0.6323462414876103,0.707976712437187,0.2113547703512873,0.1745114488276234,0.214124057813915,0.1822636744290625,0.2139203324345526,0.2339068307199882,0.1586380415290732,0.2252704223747031,0.1493505182566391,0.2292747176619666,0.193073833043608,0.2106653819168019,0.4486660063266754,0.144380435347557,25.781439,4.555367,16.719166,1.4538406,5.0399804,0.0969227,4.724982,1.2599951,0.04846135,0.0,0.0,0.0,0.0,0.0,0.0,0.58153623,0.07269203,2.616913,0.0,1.5992246,0.58153623,11.146111,7.2692027,16.45263,0.0,0.0,0.0,1.0,0.0,0.0,0.0,0.0,0.0,0.0,0.0,0.0,0,0.6323946118354797,Pd5OC6agFbg,1,0,0,0,1,0,0,0,0,0
r5rzcompSq8,3.7142603397369385,-9.14849853515625,7.491793700162827,-0.0199004975124378,64.81228273464654,4.990049751243781,4.924292559490668,0.5833333333333334,0.5,0.6388888888888888,0.4722222222222222,0.25,0.6388888888888888,0.1944444444444444,0.4444444444444444,0.2222222222222222,0.25,0.3888888888888889,1.0,0.022288354113698,0.0097829308360815,152.65933227539062,152.0,0.0638297796249389,157.0,0.1898016929626464,1.1693516969680786,4.019674777984619,67.92164353097098,-0.5791470620270952,27.68956655603234,12.062259339254982,0.7672450725514928,5.552799567942094,-3.4051412587395133,-1.271253782159267,2.449910761265243,-0.8087271379348521,-0.2916250937668829,-2.5253746056114807,21.21483345189025,25.234388022758893,19.72178357172273,17.21831936536774,13.303095160771518,12.57014758094707,12.562301828328147,11.998543262390818,12.266329749085273,10.49154126869388,10.06912141948474,9.455841385615368,-0.0009117417860939,-0.0005779877190581,-0.0005275426145828,-1.908057295793007e-05,-0.0002494562970111,-0.0003928431416248,-0.0002170080662265,-0.0001342619068301,-0.0001082613981812,-3.3161588703883707e-05,4.9181384492806485e-05,3.06177519009054e-05,2.1843732127936426,2.3038115891590247,1.7149905416249531,1.677421253149129,1.394361275944837,1.373638244338082,1.4674814350062422,1.3619644864720004,1.306901224932228,1.253414003688019,1.222511434633991,1.1084734845138622,0.2016434669494629,0.0744232237339019,7.069079875946045,16.57256507873535,1.72821307182312,1.657102346420288,34.09718322753906,25.954484939575195,1570.27197265625,770.346435546875,14.80984878540039,8.348990440368652,-0.70947826,-0.73571193,-0.7570437,-0.7584224,-0.7443495,-0.7939328,0.06974169,0.08994378,0.07866637,0.075317174,0.07984987,0.043057922,-7.457349,-7.4370327,-8.130064,-8.001658,-8.274142,-11.063428,1.5975854,1.5653888,1.4561404,1.4469279,1.4470443,1.4362873,0.0588744953274726,0.0367829650640487,0.0734351947903633,0.0765508189797401,0.6845690429476848,0.4007800387363989,0.4975056313752804,0.3121430230554797,0.2799749113914606,0.4367165489577477,0.3536736549099091,0.4584626314788302,0.327974849219582,0.4267958323308767,0.3663254133077528,0.4060674314537067,0.2907868967070515,0.2082012176477839,0.3004590266081979,0.1923899908214455,0.1777994549544937,0.2865924021908524,0.184661873618269,0.2670381680696604,0.2028745535679989,0.2442496297187644,0.240879635050655,0.2102157216043665,0.5712970495223999,0.126539722084999,29.807053,5.322688,10.81171,2.5948105,7.185629,1.9294744,0.9647372,0.9314704,0.43246838,0.83167,1.3639388,0.332668,0.0,0.0998004,0.166334,0.166334,0.1330672,4.2581506,0.2661344,11.377246,0.0,3.8589487,5.5888224,11.576846,1.0,0.0,0.0,0.0,0.0,0.0,0.0,0.0,0.0,0.0,0.0,0.0,0,0.7118098735809326,r5rzcompSq8,0,0,0,0,0,1,0,1,0,0
xLv_sBclfHE,3.790282011032105,-9.065508842468262,4.8143995029961175,0.036697247706422,65.99862272503691,3.1077981651376145,2.8162102382548926,0.2125,0.7,1.0,0.425,0.1875,0.3,0.125,0.2,0.3,0.625,0.7125,0.6625,0.0498234592378139,0.0356896892189979,101.02130126953124,101.0,0.3224180936813354,96.0,0.0171568635851144,1.1670302152633667,4.108584880828857,55.69053745127541,11.925502729637833,10.603887717055745,11.32486460712158,9.363488757942244,2.5428817320734964,3.955359908171409,4.166026877580066,-0.8191243698627438,-0.5218764549564406,1.182617029842889,2.5898079313810607,20.019253202016813,20.056048263027293,14.059909301599054,12.63728895273736,11.075373157040708,11.969999755853724,9.653321860575137,9.435926292973384,9.440245092534845,8.94751710094918,8.255545150172113,8.508358448239136,0.0004503440299189,1.6973509353883678e-05,-0.0001416358780645,1.2633499972676576e-05,1.8804553430960536e-05,-6.4270964606915e-05,-4.669579565050533e-05,-0.0001043597918095,-0.0001668621198353,-9.727523964735711e-05,5.013979838589993e-05,0.0001165134520943,1.9521942688813827,2.1845158096885604,1.5610115491020158,1.546888337943379,1.3457686535696542,1.3314911423063325,1.2508758426912263,1.2267435148129116,1.133699337843015,1.1012967307664676,1.0670780112262437,1.0748172865164074,0.1940824538469314,0.0788178220391273,24.720149993896484,81.66808319091797,2.9986376762390137,2.973752498626709,28.723369598388672,25.50277137756348,1694.2855224609375,844.3912963867188,19.77629852294922,12.16092014312744,-0.7190915,-0.7394711,-0.74627924,-0.78302693,-0.797332,-0.77101934,0.09298002,0.08540642,0.08094926,0.056866545,0.03676936,0.03843062,-6.951847,-7.098448,-7.561506,-7.5305233,-7.3812556,-9.807794,1.3716834,1.2751563,1.1877472,1.1507914,1.0514582,1.276667,0.0986024513840675,0.059485737234354,0.0758707523345947,0.0526039563119411,0.6254509548497371,0.5837440812846976,0.458376408106052,0.566017001918348,0.3809486789757862,0.4643152924167818,0.3343007114806479,0.4112945834313705,0.6094728960492869,0.3521514130464573,0.436865978985675,0.4977669418522586,0.2569688070621334,0.2843068531220293,0.2169836388058662,0.267605367276447,0.1919290368906701,0.2425020233293934,0.1734065456240613,0.216538884259945,0.2772258513132201,0.1755610463048547,0.2308057163408874,0.2346020467436244,0.4942341148853302,0.1471819579601287,37.58083,3.1380754,9.014834,1.7116774,0.30429822,0.0,0.0,0.0,0.11411183,0.26626092,0.0,0.0,0.0,0.0,0.0,1.6926588,1.4263979,10.821605,0.0,0.684671,0.0,3.727653,11.03081,18.486116,0.0,0.0,0.0,0.0,0.0,0.0,0.0,0.0,0.0,1.0,0.0,0.0,0,0.8118335008621216,xLv_sBclfHE,1,0,1,0,1,0,0,0,0,0
_DaenvUs6js,2.395167827606201,-8.002975463867188,6.490777649452553,0.0775193798449612,71.10227129903939,4.832041343669251,4.3223123678199205,0.9583333333333334,1.0,0.7916666666666666,0.5416666666666666,0.4791666666666667,0.9166666666666666,0.1041666666666666,0.7083333333333334,0.4166666666666667,0.5833333333333334,0.9375,0.625,0.0289362091571092,0.0101557858288288,172.26528930664062,172.0,0.0,167.0,0.4003215432167053,1.089671015739441,3.374555826187134,63.41026963228092,-10.138197044651347,27.51358990433256,1.7219733596848503,3.87058066590448,7.044552246155093,8.5582230310093,0.5803047856855172,1.413810542771729,-0.0571347590761537,-1.410045058247456,-1.432835082701462,14.737155906929749,16.659079779113295,13.542991683377997,9.338430360281064,10.42220080747324,8.981695037020977,8.210319236877504,8.558382305250381,7.965213617790446,8.146976203648338,8.09230996347539,7.604612046472995,-0.0004558545351742,0.0001886026117989,0.0001148417187518,9.115103357700178e-05,0.0001293553568268,-6.103898957751979e-05,7.012592119616973e-05,2.5846746642442497e-05,3.887409882105152e-05,0.0001123346367868,2.9458505063204277e-05,-1.8735444532144885e-05,1.881209706693467,1.7794897544988144,1.405541105237386,1.2804214541014591,1.315274321160775,1.3233150106456872,1.2555124278616214,1.2286948696408515,1.1881798404152193,1.20484140441972,1.1645979556948034,1.114295193421439,0.1206169202923774,0.042215958237648,5.179320335388184,46.42617034912109,1.5721373558044434,1.630286455154419,47.30868911743164,21.47929573059082,2125.41015625,523.190673828125,36.2454719543457,10.570995330810549,-0.7120169,-0.78250206,-0.7785343,-0.78035927,-0.79055196,-0.7343403,0.07332793,0.05790686,0.05285685,0.044971984,0.034733154,0.042382378,-6.784453,-6.6722536,-6.9273105,-6.92554,-6.7071004,-9.783656,1.656731,1.5213281,1.4913871,1.4714563,1.4240762,1.2758323,0.0919346585869789,0.0365162789821624,0.0983067601919174,0.0870463475584983,0.7615299427701419,0.4552864302875428,0.5667762548083766,0.4545040319945077,0.491212042224157,0.5566334542930788,0.4185756287542081,0.5486122316906823,0.3379941659033821,0.4017308920608407,0.2969952471211418,0.4341762780805723,0.2186888546042483,0.1693795296279399,0.2420396607691476,0.1697384516306754,0.1912147507473482,0.2725921407108648,0.174027367159208,0.2172503268896015,0.1497314304100632,0.1959630538450342,0.1351096470812703,0.1521509011024119,0.6285277009010315,0.1021239086985588,44.809433,0.0,11.791956,0.0,1.6003369,0.0,0.0,0.0,0.0,1.1160244,0.0,0.0,0.0,0.0,0.0,3.0322173,0.0,10.191619,0.0,0.73699725,0.0,1.6213939,19.393557,5.7064643,0.0,1.0,0.0,0.0,0.0,0.0,0.0,0.0,0.0,0.0,0.0,0.0,0,0.8161604404449463,_DaenvUs6js,0,0,0,0,0,0,0,0,0,1
jks0NZN2NX0,2.0486550331115723,-6.931769371032715,5.026500793675033,0.0335195530726257,75.859115354402,4.170391061452514,3.69455516075992,0.396551724137931,1.0,0.6551724137931034,0.5344827586206896,0.3793103448275862,0.293103448275862,0.3448275862068966,0.2413793103448276,0.603448275862069,0.3793103448275862,0.396551724137931,0.9482758620689656,0.0262090824544429,0.0204457603394985,162.16293334960938,161.0,0.381944477558136,117.0,0.0571428574621677,1.0586408376693726,1.481854796409607,36.62659173642702,4.280813117605701,22.678816456356508,6.362457962278064,8.498302484313104,2.3975737115024067,3.9359119588898697,1.952765649920559,4.390042941780674,3.920106159588157,-1.3652309286009632,-0.2907470690558295,10.94101268660728,9.7841669098561,10.30205927250626,7.733854656050273,6.632118621487982,6.059628006155725,5.930572744952555,6.034946396481815,5.622197480723927,5.402736714525092,5.153438556083458,5.565656418919869,-0.0013513965407729,-0.0003499534856288,-0.0006415133258778,0.0001402249711576,-0.0002010173609606,-0.0001044362072082,3.5505401042218457e-05,-7.499175440993223e-05,-0.0001805403755966,-0.0001526989546975,-0.0001495462451013,-0.0002182442588248,1.2447808237156963,1.0844627833255542,1.003214599536647,0.9726205781652322,0.9253023909279704,0.8864902824686134,0.8730365992975426,0.879796367771652,0.8729294678497669,0.8705977915470391,0.8034365122020574,0.7709977897373216,0.0985781997442245,0.0856421664357185,7.637296199798584,18.226390838623047,1.7910648584365845,1.918140530586243,70.1818618774414,47.86548614501953,5093.15673828125,4271.00390625,24.44681167602539,20.747169494628903,-0.7969761,-0.84341604,-0.8523745,-0.86165506,-0.85275805,-0.81789094,0.12794718,0.098435394,0.08814439,0.0769718,0.07896002,0.10555049,-13.382782,-13.475434,-13.858427,-13.701376,-13.484555,-15.381075,9.88618,9.811804,9.581515,9.671355,9.836938,8.520904,0.0721970647573471,0.0623218677937984,0.2259652018547058,0.1974985301494598,0.5031612289811599,0.377547135398031,0.408976349828058,0.2885473028663687,0.2791478054559312,0.2626869644528105,0.280019938141664,0.2780711711320184,0.3013126474878769,0.3898091617293973,0.3773746929924337,0.3612073158829856,0.175922111214805,0.1444106584435975,0.1798920350125205,0.1229134933786577,0.1087535312955558,0.1170821192460642,0.1457750531884599,0.1426788822334534,0.1156975051289627,0.1520665658145432,0.1654168325403613,0.1265152374168234,0.660794734954834,0.1267667710781097,8.658257,0.4969419,1.8539755,3.5359328,1.8539755,0.5351682,0.86009175,0.55428135,0.05733945,1.1085627,0.1146789,0.1529052,10.607799,6.727829,0.5733945,35.225536,2.8478594,2.675841,0.09556575,2.42737,1.9686544,0.47782874,2.9434252,13.646789,0.0,0.0,0.0,0.0,1.0,0.0,0.0,0.0,0.0,0.0,0.0,0.0,0,0.4118894636631012,jks0NZN2NX0,0,1,0,1,0,1,0,0,0,0
RzcbEi7qcZk,3.285040616989136,-9.661643981933594,3.7431009140612335,-0.0581395348837209,64.35130997939353,3.51453488372093,3.1741723539379607,0.3857142857142857,0.2428571428571428,0.7428571428571429,0.3714285714285714,0.2714285714285714,0.3571428571428571,0.0857142857142857,0.5,0.2142857142857142,0.4857142857142857,1.0,0.2571428571428571,0.0537681579589843,0.0300633683800697,82.91342163085938,83.0,0.0380623340606689,78.0,0.00687285233289,1.165552020072937,4.343385219573975,65.132417883613,30.830228005781628,12.51269840704884,1.4387068876168831,-6.917458547452268,-4.875894054872928,-0.5437845656874246,0.7925478526207287,-1.978277304681415,-3.4798530936354704,-3.242285113793232,-2.273062773054776,19.07340739528471,16.07794320966933,13.281674117602094,13.621063987508853,11.653330463606952,10.36123551682666,10.06604661092906,9.568555910704468,9.246801448008092,9.579037545553543,8.637711672374516,8.13330690715668,-0.0012918638634766,-0.0005908434240089,-0.0001669222533743,0.0001404016784978,0.0004123749659712,0.0003874762083591,0.000293052326309,0.0001952941279264,0.0002115136648028,0.0002182973091006,0.0001887819073033,0.0001281401771073,2.12696008191164,1.856259913352096,1.4905123403690692,1.522794367371486,1.3061932220999248,1.2788858023269172,1.2050868964530128,1.1480837435448297,1.1025924604507222,1.0756165534973503,1.062849003577049,0.9859130872042544,0.2850076854228973,0.0920416563749313,30.47342300415039,61.778717041015625,3.6338741779327393,2.791531562805176,19.0905818939209,25.59329605102539,1306.921630859375,1506.5084228515625,13.35797882080078,11.000741958618164,-0.6492161,-0.67001224,-0.6948847,-0.73939645,-0.7400222,-0.5421869,0.13251041,0.11312324,0.1072547,0.08780737,0.07987462,0.09019109,-8.055576,-7.5602884,-8.698066,-9.199646,-8.984474,-13.705435,3.1011953,3.0431595,2.9298553,2.9019458,2.91851,2.1955295,0.0780166238546371,0.0569339655339717,0.0564789697527885,0.0745748803019523,0.6245772354966097,0.4287851593628141,0.3441676445322468,0.5828145833272049,0.3185369959649611,0.4601708340038022,0.2611368523785808,0.323052978514645,0.3411523850460089,0.3950961256620884,0.5795830345541191,0.4009916945458197,0.2999962462182742,0.2407062231746512,0.1823198269539501,0.293412388111256,0.1784599259053482,0.2757237938263572,0.1556639859545264,0.1984449886500626,0.2287091539934635,0.226167267574688,0.288677759066251,0.2076472745110462,0.4588075578212738,0.1577499210834503,3.6307962,9.908136,17.16973,21.019247,7.064742,0.0,0.5905512,0.0,2.230971,0.0,0.08748906,0.0,0.41557306,0.0,0.0,1.4654418,0.0,0.0,0.0,0.0,0.0,4.5056868,0.0,31.911636,0.0,0.0,0.0,0.0,1.0,0.0,0.0,0.0,0.0,0.0,0.0,0.0,0,0.5291271209716797,RzcbEi7qcZk,1,0,0,0,0,0,0,0,0,0
iQ8QuoKf14o,1.502621293067932,-18.22263526916504,6.798971357352453,-0.0050590219224283,76.68526962354454,4.39629005059022,3.991954775676664,0.8024691358024691,1.0,0.5432098765432098,0.4814814814814814,0.4691358024691358,0.654320987654321,0.3209876543209876,0.7777777777777778,0.4320987654320987,0.4814814814814814,0.419753086419753,0.9382716049382716,0.0362664833664894,0.0143432393670082,92.28775787353516,92.0,0.1934066414833068,129.0,0.0145228216424584,1.0686800479888916,3.51188063621521,48.854535106442526,-8.63457333847395,36.81603547575189,20.65043558600212,15.260612123450484,13.243666312151191,12.650851495476704,9.176477361978597,9.002783771454201,4.199813981335717,2.242040723979515,5.650858704627129,11.71080823086294,13.272765155133682,10.653055647573147,9.623467482662042,10.360407003440312,8.80068247868968,8.678065798600388,8.254777841962113,8.413612273276117,8.548519013955644,7.774283826574789,8.21399531669887,-0.0002535925798863,0.0004014508104353,-0.0002060413755485,0.0001106096830754,8.711299428088652e-05,-1.541932083100841e-05,0.0001142272884734,0.0002702022512329,3.945037685805409e-05,5.950132193716629e-05,0.0002117372698015,0.0001353651644107,1.642465985712633,1.753788181114999,1.330883297217724,1.346431803050302,1.3061191971835429,1.2732677137669326,1.282673525037337,1.234159230166348,1.210008697036561,1.2427453035499838,1.1725687410299372,1.19160376387947,0.1602596938610077,0.0483342632651329,9.836625099182127,26.65948486328125,2.472050428390503,1.7600762844085691,41.20755386352539,18.66239356994629,2072.87060546875,494.5897216796875,31.07795143127441,8.878129959106445,-0.67577237,-0.7663674,-0.7276466,-0.7432901,-0.7646102,-0.74307686,0.068124875,0.058856767,0.06059972,0.04667001,0.033111572,0.0398108,-6.5115438,-7.20313,-7.4897585,-6.9924707,-6.6930857,-9.40369,0.6466124,0.63472027,0.6880978,0.6880905,0.65618706,0.8085294,0.107421725988388,0.0336557738482952,0.0863526836037635,0.0286723896861076,0.6498782231052909,0.3464075837167608,0.4385850462316918,0.3992795338319385,0.3691861390162737,0.5742775735184905,0.4829086567405404,0.5908686252313154,0.3717841097721368,0.3356465618400795,0.3845273422443943,0.41815625214191,0.2677096550168275,0.1631132900903877,0.2393896459909584,0.243113916404216,0.1524955142428233,0.2364328021893035,0.1784822022214794,0.2409126630582375,0.1777931646941204,0.1513936828655445,0.1977024587534192,0.1691947698873292,0.5254371166229248,0.0869305059313774,53.579433,1.1507996,2.9890897,4.6480346,0.68749064,0.4184726,0.0,6.6058884,0.08967269,9.550142,7.383052,1.9877447,0.0,0.0,0.0,0.56792706,0.074727245,2.7499626,0.732327,0.0,0.0,1.6439995,3.1534898,1.9877447,0.0,0.0,0.0,0.0,0.0,0.0,0.0,0.0,1.0,0.0,0.0,0.0,1,0.8627449870109558,iQ8QuoKf14o,0,0,0,1,0,0,0,0,0,0
1B_NyPl-xPg,4.426825523376465,-10.922576904296877,4.987139970227888,0.0797266514806378,63.59447048391184,3.619589977220957,3.93033628839238,0.4387755102040816,1.0,0.4591836734693877,0.2959183673469387,0.2040816326530612,0.1836734693877551,0.1428571428571428,0.1224489795918367,0.2346938775510204,0.3673469387755102,0.4183673469387755,0.6122448979591837,0.0980169922113418,0.0581540055572986,90.0057144165039,91.0,0.4314868450164795,0.0,0.0,1.4613432884216309,4.853777885437012,43.05820456284321,17.703582335568456,14.801920729355892,13.796795834339338,10.917091103509389,8.118270828360972,7.488379372361594,3.530264644179602,1.3613308292768938,2.0999625906630897,0.707637974801504,0.0157185647012183,18.719712792589373,20.51188648810677,18.135810662433823,14.66635828068295,13.88102134281804,13.271493753165885,11.183034050144284,11.007380685372992,10.287444231576648,8.902120428783581,8.397706815569434,8.118720496526114,-0.0007378512681572,-0.000542617711773,-0.000415811830077,-0.0002944608768948,-0.000230795196433,-0.0001684614385004,-0.0001220836020654,-4.325787959771857e-05,-2.763020986096512e-06,7.962296130386459e-06,1.0692374679195574e-05,-1.795612674652431e-05,2.3123044583104133,2.360358971381212,1.962502454903792,1.5792967034797984,1.6358945521023516,1.5290846298474583,1.3601171093348663,1.429262171855463,1.3197119033594638,1.237165251914425,1.129237302748744,1.0732470014842588,0.2763614058494568,0.1180479452013969,62.62128448486328,111.91525268554688,4.459144115447998,3.949636459350586,17.852787017822266,21.61191940307617,1154.197998046875,776.0756225585938,10.616378784179688,9.996545791625977,-0.6772354,-0.75431454,-0.7616989,-0.80154127,-0.80548936,-0.743616,0.08029306,0.08822626,0.08369342,0.07325467,0.05035656,0.053712018,-7.393136,-7.6041846,-8.168943,-8.406129,-8.2895155,-11.177194,1.7510107,1.4588419,1.4985244,1.526804,1.4231797,1.3743769,0.1100907325744628,0.1055159419775009,0.0476718917489051,0.0633736029267311,0.7029216285740336,0.6851604878748555,0.4816727276898128,0.4671845845090279,0.4534303774445355,0.4796952203658104,0.3344990012582614,0.2831998952258521,0.3015972430506667,0.2805256303887115,0.6021536905639026,0.698361711502035,0.2264073450632751,0.2433972440657012,0.1941611976342757,0.2093691723384364,0.231068674943327,0.2965381114509148,0.1535426338097022,0.1534752478916262,0.168240439382914,0.1670396604435744,0.2706425127960339,0.2529035338024457,0.4568335711956024,0.1703733205795288,35.541195,15.2261715,6.2197094,11.571082,0.68659127,0.08077545,4.0185785,5.573506,1.3529887,5.331179,1.9588045,0.24232633,0.0,0.84814215,0.040387724,0.0,0.40387723,3.1300485,3.049273,0.14135703,1.029887,0.0,0.020193862,3.5339258,0.0,0.0,0.0,0.0,0.0,0.0,0.0,0.0,0.0,0.0,0.0,1.0,1,0.6534872055053711,1B_NyPl-xPg,0,1,0,0,0,0,0,0,0,0
25W_-RPp0cg,3.767622947692871,-15.258827209472656,5.384863023774864,-0.0359712230215827,54.14344360621652,3.971223021582734,3.32083556713223,0.7027027027027027,0.6216216216216216,0.8378378378378378,0.6216216216216216,0.4324324324324324,1.0,0.2972972972972973,0.5405405405405406,0.3243243243243243,0.2702702702702703,0.972972972972973,0.8918918918918919,0.0275296121835708,0.0212736092507839,92.56088256835938,92.0,0.4142259359359741,185.0,0.1153846159577369,1.0800552368164062,3.703177690505981,81.20348014417638,35.77866700252601,20.849163873428257,11.271427528988005,6.543390081481983,3.60445669905396,0.0758609405690969,1.47856955503724,1.0262758985714031,-2.9500724752094047,-3.4636126159161185,-2.4462093383280505,19.928327934649747,16.308310743268112,15.113306351819093,11.835346469394445,10.800843871663927,9.936211560497872,9.7535240368669,9.347393844147854,9.076509020236529,8.12445632895785,7.720691636331254,8.089869316351296,-0.0006968551002007,-0.0009046187589928,-0.0009390100772344,-0.0006705193243422,-0.0005046801633849,-0.000308174983181,-0.0001381928226722,-7.552061911840679e-05,-4.704941200633144e-05,-0.0001679328492007,-0.0001895214289851,1.914774079854522e-05,1.8444271389499896,1.574169671909559,1.3842174571208528,1.1464199619261677,1.1711546094877272,1.0694279207768356,1.112403908679339,1.0061998848918592,1.017412662718001,0.9337379269799212,0.8975441360449292,0.8908720104315544,0.3127912282943725,0.1026320904493331,13.696185111999512,17.757965087890625,2.440185070037842,1.398058533668518,12.87256145477295,20.026670455932617,705.894775390625,702.6077880859375,11.826581001281738,6.56190299987793,-0.6750039,-0.7252579,-0.73453325,-0.7771074,-0.7843922,-0.7919302,0.066264056,0.07594994,0.06975041,0.06085768,0.07153251,0.05307279,-6.6867228,-7.067662,-8.19654,-8.846612,-9.23393,-11.768052,1.2653022,1.2656735,1.2796408,1.3442372,1.4408147,1.4571685,0.0552613027393817,0.0387716703116893,0.0343962982296943,0.0440421849489212,0.7171678579286961,0.2213831211111539,0.3338330733447898,0.2101757090596527,0.2902363838125683,0.3622332143244693,0.1881441466110839,0.6126109724201145,0.1384442405996299,0.1813818492301417,0.1998351479792792,0.2478213484155277,0.2698545179753164,0.1602072063870107,0.2452678815373185,0.1649831497455608,0.201618896188156,0.2865671190997271,0.1443342642669584,0.2999663151756802,0.1148986540294997,0.1658980471794183,0.192068096857387,0.1634614555484336,0.5964523553848267,0.1158573105931282,57.425743,0.87758774,7.2682266,0.33753374,0.0,0.3150315,0.022502251,0.3150315,0.630063,0.0,0.78757876,0.0,0.0,0.06750675,0.0,1.3726373,0.0,8.955895,0.0,2.7677767,3.847885,0.5850585,13.343834,1.080108,0.0,0.0,1.0,0.0,0.0,0.0,0.0,0.0,0.0,0.0,0.0,0.0,0,0.8227645754814148,25W_-RPp0cg,0,1,0,0,0,0,0,0,0,1
9GnCdxIH8fY,3.43558120727539,-7.273260593414307,6.87970723246448,0.0272727272727272,69.96123963901576,2.6045454545454545,3.011036860486203,0.686046511627907,0.9418604651162792,0.7558139534883721,0.2209302325581395,0.1744186046511628,0.1046511627906976,0.0116279069767441,0.1395348837209302,0.1860465116279069,0.2674418604651162,0.627906976744186,1.0,0.0294654928147792,0.0140363592654466,156.15512084960938,157.0,0.3182751536369324,152.0,0.0626086965203285,1.015194058418274,3.8736379146575928,62.02078745659703,0.8257953278537998,20.47474677861077,4.059865653682142,12.159530502589869,9.232173578162556,6.050968386114655,5.546023693077957,-3.8909344349332,1.3222910206585134,6.158695041840919,7.701034735651874,17.766649862192097,15.736193016067965,15.67235181691374,12.312941772068122,12.19564417258235,11.088398105360914,11.445664148446877,10.39322868532608,9.67055131608824,10.373050561643907,11.42958164136199,9.740993332778888,-0.0007227298257114,9.346906185188665e-05,-0.0003441167876445,-0.0001453663843061,-0.0002293750368929,-0.0001228672635895,1.4791040353110604e-05,1.4057246819485615e-05,-5.754444429868522e-05,-0.0001148638472443,-0.0002205188200966,-0.0001339911817341,1.9438484022220404,1.7010746023926675,1.6117822933803274,1.4324309181292874,1.4118127534923233,1.4404624403704835,1.3869861812370412,1.33803423775855,1.260713178905708,1.280706555346728,1.339301952944453,1.2662645912084858,0.1549694985151291,0.0543580502271652,9.149996757507324,17.316516876220703,2.106851577758789,1.718011736869812,41.13657760620117,26.439298629760746,1997.7608642578125,711.6688842773438,20.713306427001957,9.891932487487791,-0.7282153,-0.7598484,-0.72079295,-0.7610302,-0.7620848,-0.78970486,0.08288146,0.074085996,0.08733878,0.060569625,0.05304812,0.038003474,-7.069169,-7.1383557,-7.5335555,-7.608878,-7.4024377,-9.555521,1.596598,1.2452986,1.2030966,1.2237216,1.2194399,1.2149894,0.0916354581713676,0.0438272953033447,0.1068739220499992,0.0791804641485214,0.676776712731968,0.409513717648834,0.4835152694985992,0.3826095925822182,0.3080103538385421,0.4331522493267742,0.4476294343009234,0.5773414844060819,0.5163432869266005,0.4100026236883832,0.4049534304496971,0.4442678350691946,0.3052733720279097,0.1845532659059673,0.26296414724277,0.2109179801276401,0.1904615268622845,0.2243944762872046,0.2291975463695078,0.2564922220549718,0.2295372242327735,0.2487365711570862,0.1929760745515513,0.2233799347596582,0.5212793350219727,0.1077401712536811,0.25300443,2.0872865,0.0,2.5932953,2.129454,12.776724,3.5209782,16.424204,12.945394,1.201771,32.489986,0.0,10.141261,0.084334806,2.9517183,0.06325111,0.0,0.0,0.12650222,0.021083701,0.0,0.12650222,0.06325111,0.0,0.0,0.0,0.0,0.0,0.0,0.0,0.0,1.0,0.0,0.0,0.0,0.0,0,0.8071083426475525,9GnCdxIH8fY,0,0,0,1,0,0,0,0,0,0
nujxb5-paRY,1.823475241661072,-5.191111087799072,6.192338175788959,0.0600522193211488,70.0325607064018,5.618798955613577,4.811416104251384,0.8245614035087719,1.0,0.5087719298245614,0.4035087719298245,0.3157894736842105,0.9649122807017544,0.1929824561403508,0.7543859649122807,0.3684210526315789,0.3508771929824561,0.2631578947368421,0.7719298245614035,0.0318086184561252,0.0111404592171311,102.56062316894533,103.0,0.3677811622619629,98.0,0.0148367956280708,1.2926819324493408,3.5519204139709477,69.29683253463732,8.202112306795918,33.46757745252101,11.60293355154444,5.112387647374689,0.2122095348072309,4.482518519524266,4.669808032284899,2.421721919459147,3.5301480148978666,-1.3948806831304597,0.0989129715875182,11.2445294161653,13.517332494743496,12.714927839620309,9.458760501288696,9.984212223506573,8.70606850810924,8.295797361690937,8.350194378325739,8.387875088576365,7.964099853574916,7.894845313438142,7.380682421650516,-0.0003321312982114,3.217417049381582e-05,-0.0001839571859325,-0.0001396391002695,0.0004239307252026,0.0001085480369098,0.0001684448233064,0.0002466029414931,0.0001551266397858,0.0001966054940087,3.118592837113346e-05,3.639115114958602e-06,1.5697323375807406,1.7673295157398785,1.4877444609173915,1.3340624952035924,1.4076116056782,1.3031731019392478,1.3057717617360476,1.2310126096391012,1.2946427591183651,1.2564750713891348,1.2269498987536496,1.1751549981265328,0.1526829898357391,0.0418382547795772,10.45201301574707,12.443254470825195,2.7270290851593018,1.297527313232422,30.084352493286133,14.73753261566162,1726.0460205078125,432.990234375,31.140016555786133,9.475419998168944,-0.6944556,-0.7698711,-0.7835868,-0.79016846,-0.7982001,-0.7658611,0.06861611,0.05787297,0.05267227,0.03760998,0.03150806,0.032986365,-6.3477626,-6.415062,-7.1852193,-6.9990516,-6.7728205,-9.454843,0.9092177,0.8622574,0.8305565,0.81746006,0.84122723,0.9056871,0.1018319651484489,0.0513763986527919,0.0761187598109245,0.0264796987175941,0.6436892473061584,0.4179342240581041,0.5713371259641341,0.3910303491251046,0.4204368759461488,0.6096751523960463,0.5128737425112748,0.6191785406436885,0.3795731322588641,0.4278945184670747,0.3601817052132284,0.4481518662735488,0.2448373018827888,0.1915960268440225,0.2457059277289677,0.1941601539504955,0.1841512907793006,0.2436847184530703,0.1765269542644326,0.243722973961394,0.1545828338123026,0.1863879417010837,0.1609403237077251,0.1941597442416034,0.591080367565155,0.0942586287856102,19.766083,0.07017544,37.02924,1.6608187,5.7076025,0.0,0.0,0.0,0.23391813,0.0,0.0,0.0,0.0,0.0,0.16374269,0.0,0.0,8.725146,0.42105263,7.883041,2.6432748,0.023391813,0.1871345,15.48538,1.0,0.0,0.0,0.0,0.0,0.0,0.0,0.0,0.0,0.0,0.0,0.0,0,0.7615097761154175,nujxb5-paRY,0,1,0,0,0,0,0,1,0,0
0gF3-wNS1uk,2.162475824356079,-6.723374366760254,4.267427608556181,0.0096153846153846,74.57017593165084,4.365384615384615,3.557380443711605,0.5172413793103449,1.0,0.4827586206896552,0.4137931034482758,0.5172413793103449,0.6896551724137931,0.3793103448275862,0.7586206896551724,0.4827586206896552,0.5172413793103449,0.5172413793103449,0.896551724137931,0.0420737564563751,0.0177519954741001,103.19889068603516,103.0,0.3823529481887817,157.0,0.1715976297855377,1.14347505569458,4.023398399353027,68.80637959148238,8.431916924162017,26.625938631004523,3.8051119647834346,6.423796225075694,3.087733872798905,6.170166415336864,12.665951110239298,11.841225211826307,-0.9987787216037696,1.8845474520933123,5.516808888596006,11.600163534856964,13.31964076399181,11.169647221590552,10.954555359098864,10.58599073014554,8.58765211817481,8.96421597213164,8.662521691240851,8.662180860825691,7.768259838072345,7.08791309957118,7.147885256773294,0.0007555874945263,0.0003458206605901,-0.0001056776830081,0.0001955627643512,0.0004262131779199,-0.0002691750573737,0.0002021700137279,0.0001124925889196,0.0001176846448828,0.0003673149793689,0.0002833424094778,-0.0001272103755929,1.3929482171349783,1.6952900665127528,1.4819722762664882,1.3645417267958182,1.5395329850055834,1.438829271268636,1.334518411711188,1.3505026076036506,1.3449658689393107,1.251243274043977,1.170751248590036,1.1761924531491443,0.1511547565460205,0.0529940277338027,11.92231273651123,21.581073760986328,2.741586685180664,1.6010788679122925,32.294586181640625,18.995515823364254,1959.3150634765625,1163.3450927734375,32.397708892822266,11.463927268981934,-0.71833426,-0.79040617,-0.7850938,-0.795577,-0.799776,-0.74735105,0.069934614,0.0644218,0.05369744,0.04592301,0.032489564,0.04492737,-6.648321,-6.632852,-7.260496,-7.3752527,-7.025299,-9.7542715,2.6426027,2.659567,2.5998476,2.606321,2.636349,2.416514,0.1117926687002182,0.0539405047893524,0.0788840055465698,0.0566163100302219,0.7407215898177466,0.5287458326030654,0.4941145152709173,0.6447477452110165,0.4827121847603916,0.5442923884658666,0.4519801735580065,0.56211778325531,0.6124780720562355,0.4174939111477366,0.6140470419102774,0.6233848681301462,0.2100860038655596,0.1483054388953144,0.1519036112283831,0.2542743421510002,0.1701827920144437,0.2166545256562855,0.1675345365346701,0.1872218785319362,0.2203531355742863,0.1416431181450682,0.2683188974351852,0.1843367579081208,0.5925926566123962,0.1071514189243316,43.29897,4.9255443,7.216495,0.0,0.057273768,0.0,1.8327606,0.0,0.0,0.0,0.0,0.45819014,0.0,0.68728524,0.9163803,1.5463917,0.114547536,0.40091637,0.0,1.489118,1.1454754,15.979382,5.441008,14.490263,0.0,0.0,0.0,0.0,1.0,0.0,0.0,0.0,0.0,0.0,0.0,0.0,0,0.6964130401611328,0gF3-wNS1uk,0,1,0,0,0,0,0,1,0,0
-nc2C9PQJ2A,2.8019752502441406,-13.57315731048584,5.561127977191158,-0.015432098765432,64.4936887734643,3.79320987654321,4.170422404268651,0.5740740740740741,0.7037037037037037,1.0,0.4074074074074074,0.2407407407407407,0.4444444444444444,0.0185185185185185,0.4074074074074074,0.2592592592592592,0.2592592592592592,0.7037037037037037,0.9814814814814816,0.0604555532336235,0.0312517285346984,115.93074035644533,115.0,0.4882075786590576,110.0,0.0206896550953388,1.2797772884368896,4.452175617218018,67.25466989466294,34.717666983224,24.7881919023568,11.874456261101344,5.546958264040582,4.437750143123323,3.226930221838225,2.388619625313403,3.140742521282712,1.5266112563923318,1.4331871244962566,2.5443071006393807,13.435943080108627,10.605428217331546,11.253749945680951,8.420719486896902,8.486192648561794,8.195783582988174,7.791824015186199,8.129011932770835,7.101156859822252,6.928694431624511,7.688032837148796,7.179278858323275,-0.0003543732843402,-0.0004048625840509,-0.0003790157893279,-0.0002987765707664,-0.0002803992218211,-0.0001916686764984,-0.0001333966673979,-0.0001088093039815,-8.790370437927741e-05,-8.544610071655132e-05,-8.428140762811062e-05,-0.0001033497761539,1.6387801288113997,1.268353388894513,1.2840366813102964,1.1801136347760866,1.1736704010715624,1.1192809392999772,1.0761534659484562,1.1185417366091313,1.0277282141646886,1.0169065790930247,1.0241523845910416,0.9740902527929728,0.2033436596393585,0.0646331086754798,26.986553192138672,31.893949508666992,3.807752132415772,1.857829451560974,19.007593154907227,14.312620162963867,1272.8560791015625,604.6502075195312,17.482105255126953,10.163663864135742,-0.7395442,-0.72162664,-0.7594402,-0.80284256,-0.80538607,-0.78526783,0.06469671,0.07974177,0.068371445,0.0466179,0.037937354,0.035370197,-6.1514974,-6.699002,-7.611959,-7.80527,-7.444206,-9.3124,0.69452435,0.740585,0.7926581,0.81507653,0.85543925,0.91473126,0.0975033938884735,0.0574661716818809,0.0769332125782966,0.0426408611238002,0.7938046201066287,0.4967126260055434,0.5645385967235976,0.3595147058341245,0.4413293089536098,0.7287619212590699,0.3959604038627177,0.521091823188206,0.3214539801682329,0.421237563518702,0.3320445002143887,0.4176362992932566,0.210828070773213,0.1897485163066399,0.2307759952411036,0.1568600224488469,0.1779064260442398,0.247982103127732,0.1805807452346803,0.254534139454589,0.1680148785866289,0.2285566094081314,0.1954363913478592,0.1633116638080115,0.5296451449394226,0.1089322045445442,43.539787,0.49220672,21.677605,0.0,1.3535686,0.0,0.20508614,0.0,0.0,0.0,0.0,0.0,0.0,0.0,0.0,0.082034454,0.0,19.770304,0.10254307,0.8818704,0.0,0.5947498,4.2657914,7.0344543,0.0,0.0,0.0,0.0,0.0,0.0,1.0,0.0,0.0,0.0,0.0,0.0,0,0.8223926424980164,-nc2C9PQJ2A,1,0,1,0,0,0,0,0,1,0
I8VMdLljLh4,3.0335917472839355,-12.997761726379396,5.793896346391849,0.0092879256965944,59.008476860131765,4.374613003095975,3.71828043191436,0.72,0.56,0.7,0.36,0.34,0.88,0.2,0.44,0.24,0.62,1.0,0.4,0.0392664074897766,0.0171592310070991,163.47694396972656,161.0,0.0061728358268737,167.0,0.360805869102478,1.1687707901000977,4.137747764587402,81.24902189776715,28.96116046818494,15.80643982673634,10.70765287703662,10.81655393636872,7.77799134510922,2.0627325064970994,1.811140300383392,-1.016106669004404,0.0846981608479864,1.5859419034094144,-0.5096960903081174,13.087816880221771,14.099946950555008,12.66792277073423,10.703440335586688,9.96701356579015,9.084376698496111,8.375393346184508,9.042697915266498,8.177799378498024,7.632582790180965,7.940739446433767,7.864187351326351,-0.0006575719793423,-0.000481248731689,-0.0003604922982557,-0.0002848152863427,-0.0002161922036784,-0.0001403099901911,-0.0001204642717588,-6.533655607048306e-05,-6.26482015596022e-06,2.347286594019493e-05,2.507137600797853e-05,2.749350271356244e-05,1.2923285319172295,1.3264439137687658,1.2433695278536685,1.1461396620958406,1.1261510929921732,1.0893452774399397,1.0320525954159354,1.0344510133301832,0.983675650515948,0.940963134217767,0.9417171636414728,0.930430603235068,0.2369944900274276,0.1065018847584724,22.147735595703125,33.69816970825195,3.017686128616333,1.9466965198516848,16.928239822387695,20.45503044128418,1024.0242919921875,1395.28515625,14.849515914916992,7.571199893951416,-0.6916242,-0.7251414,-0.7358098,-0.77731514,-0.7879143,-0.81363744,0.070541024,0.081975356,0.08970817,0.06843478,0.059403248,0.038521055,-6.675608,-7.2118692,-8.061379,-8.512671,-8.490909,-10.421711,2.8537142,2.9131937,2.8643124,2.7786372,2.7717214,2.5708807,0.0869826599955558,0.0565680526196956,0.0647290870547294,0.073929876089096,0.6380717554528397,0.3549687525792039,0.6008731681136845,0.3202280440763352,0.313620726943029,0.4492450656644301,0.2525912896682936,0.5046408827903908,0.3332624814806139,0.4962485750978395,0.4551761148212194,0.3457391511731612,0.2698756224153943,0.1788895732940993,0.258517676653422,0.172401684505334,0.1736370373316839,0.2748715766157011,0.1613806959553229,0.2626485722425875,0.1820399301806407,0.2267502974743592,0.288110897609279,0.1755980365387064,0.5727068781852722,0.1155550479888916,22.64967,1.4113362,25.176416,0.0,0.22763488,0.0,4.006374,0.0,0.0,0.1821079,0.0,0.5235602,0.0,0.0,0.0,0.3414523,0.0,1.3430457,0.0,3.824266,0.0,11.81425,5.2128386,23.287048,0.0,0.0,0.0,0.0,0.0,0.0,0.0,0.0,0.0,1.0,0.0,0.0,0,0.7342402338981628,I8VMdLljLh4,0,0,0,0,0,0,1,0,1,0
yncy36I6TI8,3.7764546871185294,-9.727916717529297,7.766028183698538,-0.025062656641604,64.83600771385953,5.864661654135339,5.330832370062159,0.6440677966101694,1.0,0.5084745762711864,0.4576271186440678,0.3559322033898305,0.4576271186440678,0.3898305084745763,0.288135593220339,0.4406779661016949,0.5932203389830508,0.7966101694915254,0.8305084745762712,0.0306958276778459,0.0247897077351808,85.30502319335938,85.0,0.0469314455986022,129.0,0.0377358496189117,1.490605711936951,5.8174004554748535,48.812405595353376,26.235943465669703,19.99805330784712,11.5841255288919,4.408198902686607,1.7483109534683623,0.0194573723053211,-0.4669731290682648,1.308757621401187,2.95212508504812,3.2461062438075428,4.988133641288046,22.059592896820057,17.192068190778897,15.69027264222994,12.8137040863891,10.882331881584502,11.740539871152448,10.12240439498536,9.338386808765206,9.694146527963856,9.09496691633712,8.245706209150905,8.364137226608184,0.0004994814332241,0.0001431819362362,0.000178714700469,3.6822004010186905e-05,3.816369622988886e-05,0.0001144619805811,0.0001128086657875,0.0001472520381242,0.0001809545014492,0.0001644750020289,9.723870623868068e-05,0.0001119289096139,2.989322043082426,2.4727294874849206,2.0417209347597742,1.6029897646850728,1.4683681749347024,1.6549462573518188,1.415759477165084,1.3428372098606198,1.2661517951268515,1.3011099353067015,1.2239189864468216,1.1765986198787053,0.2556921541690826,0.1091068536043167,44.57112503051758,85.38847351074219,4.149073600769043,3.3873841762542725,20.70242691040039,27.57476806640625,1280.4400634765625,935.4912719726562,11.524307250976562,10.224058151245115,-0.72879845,-0.7364527,-0.7792998,-0.80540717,-0.7995714,-0.77727145,0.080778114,0.08265761,0.059895333,0.044699274,0.03985934,0.04519384,-7.1728973,-7.104357,-8.275093,-8.384695,-8.290949,-10.416906,1.0473293,0.82389444,0.980775,1.1124908,1.1522064,1.3195746,0.0925189182162284,0.0851870700716972,0.0548844002187252,0.0499014034867286,0.718041026406704,0.6524096465714999,0.6403196074228984,0.5819361249490106,0.6412678137892507,0.5568993138438603,0.542767521467635,0.5707053925497103,0.5492438524049386,0.6197071898490915,0.446115344994979,0.5096651655505111,0.2372932060352696,0.2518789744431219,0.2566103969138318,0.2321183844225039,0.2368343206914265,0.2247302247672487,0.2317141901532027,0.2308760160192119,0.2153032568824804,0.2362334075201052,0.1987569015169937,0.2181760838559669,0.476832628250122,0.1946748197078704,24.832937,10.562621,3.38435,16.03794,1.228713,4.138823,0.0,0.4311274,2.6083207,4.850183,0.28023282,0.04311274,0.0,0.0,0.0,2.457426,9.829704,6.7902565,0.28023282,0.0,0.8838112,0.5173529,8.751886,2.090968,0.0,0.0,0.0,0.0,0.0,0.0,0.0,0.0,0.0,1.0,0.0,0.0,1,0.3742192387580871,yncy36I6TI8,0,1,0,0,0,0,0,0,0,1
8NMbcMpkImY,4.4978556632995605,-10.257732391357422,6.160546287104379,-0.030050083472454,66.93671600513602,3.068447412353924,3.0335336882727417,0.4406779661016949,1.0,0.3050847457627119,0.2372881355932203,0.3135593220338983,0.3220338983050847,0.1779661016949152,0.2203389830508474,0.3813559322033898,0.1694915254237288,0.5084745762711864,1.0,0.0679182037711143,0.0517686530947685,172.26512145996094,172.0,0.0,167.0,0.4292185604572296,1.3184382915496826,3.316483497619629,60.97309284710117,14.765704294710714,18.41741906057245,13.790932443550936,7.755911721702605,11.013523035329277,7.953718472548314,4.087383616210589,3.815387976609537,4.287458142136946,2.935318450085052,0.9616796136083404,13.24811807298771,13.654260691607632,12.607250138170848,9.81719213569326,10.38648322722482,9.233272763614297,9.491768806473496,8.45609468077481,7.831715861248845,7.775073763107348,7.648687858745558,8.01653991475211,-0.0004294914225364,-0.0003326511636508,-0.0002131814598226,-0.0001223867469323,-5.965205841374581e-05,-3.2438382525799377e-05,-1.757217509978844e-05,-2.147821479637329e-05,-2.5697150709181074e-05,-3.411234676877219e-05,-2.9142137562721708e-05,-2.401923317256462e-05,1.5138975232337553,1.4061229379474711,1.3226898052016622,1.1680810100948888,1.1827192861621598,1.1384445425324956,1.141182294179314,1.1131758883877318,1.0439738805366756,1.0316916456165104,1.0114848613053946,1.0230484797000647,0.2029144018888473,0.0659201294183731,18.20105743408203,27.76582336425781,3.187528610229492,1.9242167472839355,24.15663146972656,21.601896286010746,1492.6766357421875,1098.3409423828125,21.6232852935791,11.96735382080078,-0.7147836,-0.76057094,-0.75685346,-0.7883657,-0.8009029,-0.7912525,0.09240716,0.07361241,0.079382494,0.057820838,0.040987715,0.037432365,-6.6850157,-7.0456233,-7.4708967,-7.627784,-7.555696,-9.972464,2.436792,2.3050878,2.2494006,2.2212489,2.2396095,2.0688496,0.111448161303997,0.0671803653240203,0.0707577541470527,0.0688801109790802,0.6808234707529888,0.633244549219227,0.5568591107505637,0.5320625664825311,0.6138718003552416,0.597099440507347,0.4764501911124153,0.5957580459039984,0.4829531002813339,0.4413742748678438,0.5758731309479227,0.4760166387801017,0.2346012843638353,0.2082917924233515,0.1950534747544426,0.1966964733275015,0.2146161286991141,0.206271616205437,0.1740804770910786,0.2222473778259314,0.185011931729154,0.1669665095356182,0.2486373603932572,0.1888604979213906,0.5025001168251038,0.1152508631348609,2.0008893,0.23714243,0.32607085,0.40017787,0.07410701,0.8299985,3.6757078,0.5928561,0.044464204,0.10374981,0.34089226,1.1116052,8.166593,1.289462,6.714095,4.1796355,4.9948125,4.520528,5.676597,1.3339262,0.23714243,10.434267,16.303543,26.41174,0.0,0.0,0.0,0.0,1.0,0.0,0.0,0.0,0.0,0.0,0.0,0.0,0,0.5647007822990417,8NMbcMpkImY,0,1,0,0,0,0,0,0,0,0
MAmaamhobEM,5.642978668212891,-13.75839900970459,4.545358247094234,-0.0600461893764434,59.58397092194304,3.046189376443418,3.0054132118290044,0.2048192771084337,0.6024096385542169,0.6746987951807228,0.4096385542168674,0.4096385542168674,0.216867469879518,0.1204819277108433,0.3012048192771084,0.144578313253012,0.3253012048192771,1.0,0.8072289156626506,0.0371001325547695,0.0299263801425695,98.8914031982422,99.0,0.0476190447807312,94.0,0.0216346159577369,1.1275556087493896,3.1289963722229004,63.4833935326853,17.914700844147596,21.566127962156123,8.866861207536811,2.534201386245656,3.70327096812408,-0.2139780991637939,1.2176651852379643,0.3394355024335149,-0.6927395098492531,-0.7369544835460273,-1.560689340172641,18.18314205409916,15.224720328789097,15.983289804971228,10.069639036679012,11.20035640444566,9.168707312606106,8.64829855465335,10.36308838280727,8.662177757773735,8.247836974292737,7.988378215864567,7.386882791167724,-0.0002946276203531,-0.0001611484869228,-1.8106950173741075e-05,0.0001206695823063,-3.968612740290812e-05,-0.0001909927851062,6.327672443078417e-05,0.0001602167462941,0.0001005374774503,-1.24069229520297e-05,2.3876755190336785e-05,8.892941300762116e-05,1.4929330284517854,1.276707114914747,1.315921836687839,1.1393657453821673,1.1410337855871242,1.0970682683608244,1.055865862526103,1.1175368853995458,1.0135026739389013,0.9869022614655014,0.974103359485436,0.9633796213235616,0.2012033611536026,0.0799925550818443,16.954959869384766,26.110450744628903,2.819276094436645,1.9386110305786133,26.857431411743164,31.0041618347168,1649.4501953125,2022.5120849609373,14.936091423034668,10.225601196289062,-0.69745237,-0.74297893,-0.75796795,-0.7874376,-0.78767574,-0.8187306,0.11117898,0.08804227,0.084587894,0.06578016,0.057683606,0.041597888,-7.7976713,-7.8959723,-8.732567,-8.839233,-8.701597,-10.895029,4.150814,4.088695,3.9396195,3.919029,3.9532316,3.592417,0.0682245939970016,0.0487229712307453,0.0810261666774749,0.0987146720290184,0.5467033152025268,0.3528676951163413,0.4855858398699662,0.3092495739771844,0.3908104853589158,0.5188586544302666,0.3186767316537079,0.4751928267867508,0.3162961210892392,0.4223593751568528,0.4903646875146954,0.4023798344582832,0.2728670933219823,0.1983862699392519,0.2665780001675369,0.1750763505771917,0.2266076569232112,0.2729517250575296,0.1729825257746926,0.2833629290167662,0.197679885573988,0.2691239319533743,0.2848234101070339,0.2092283224389199,0.5462243556976318,0.1225860640406608,18.457102,2.4333093,17.087238,0.9012257,1.8745494,0.28839222,0.8111031,0.090122566,2.0547945,0.30641672,0.0,0.25234318,1.2797405,1.9826964,1.369863,0.4145638,1.1715933,0.7750541,0.0,1.2076424,0.61283344,17.844269,18.312906,10.472242,0.0,0.0,0.0,0.0,0.0,0.0,0.0,1.0,0.0,0.0,0.0,0.0,0,0.7274085879325867,MAmaamhobEM,1,0,0,0,1,0,0,0,1,0
f2Z-vZRYDbc,3.063880443572998,-17.76808738708496,7.592058022420539,0.0408163265306122,76.08156481718234,5.690476190476191,4.817355716549614,0.5116279069767442,1.0,0.7906976744186046,0.5348837209302325,0.5581395348837209,0.3953488372093023,0.2325581395348837,0.3488372093023256,0.5813953488372093,0.5581395348837209,0.4651162790697674,0.8604651162790697,0.0399108529090881,0.0211850274354219,100.95794677734376,101.0,0.3371647596359253,115.0,0.0213523134589195,1.2103056907653809,5.33143424987793,47.91038462580453,20.412625835814037,19.59649373698904,8.776348142757115,11.978767740935586,4.406556944432702,4.183504265761376,6.0100633006533615,-0.534170765482086,-1.647057190213809,1.1745242505239304,2.4107552223501982,17.68164879883235,17.35262759162609,15.946277230216769,11.021576670461029,10.848945212126706,9.529003895789057,8.566482030836488,9.848223315099473,8.651242305279833,8.222195306359842,7.797050309865438,7.385079173376698,-6.76504375078317e-05,-0.0006510551162457,-0.000626954982616,-0.0002902953666918,-0.0004341667918343,-0.000246266654654,-0.0002065479690414,-7.983003312415763e-05,-1.4243284422676789e-05,-0.0001856854844949,-0.0002127848304124,-9.1382831098241e-06,2.053365977683021,1.7837732710154697,1.717487766056961,1.3712976438500288,1.367853601356299,1.2761534069052032,1.2301449739547905,1.2383205127684431,1.2147923788633077,1.1757025224053272,1.1849683731933365,1.1129244094491348,0.1341584175825119,0.0625623986124992,18.242549896240234,83.109375,2.867398977279663,2.8004860877990723,47.73465347290039,37.36502456665039,2397.81982421875,1548.2529296875,21.67410659790039,13.51292610168457,-0.73030263,-0.77887744,-0.7757896,-0.79913026,-0.79842234,-0.7764586,0.078078926,0.069273904,0.080676615,0.057148542,0.04238024,0.0479881,-7.274164,-7.5231915,-8.084841,-8.103656,-7.5880947,-9.619686,3.3517344,3.2902532,3.2101772,3.2049959,3.279526,3.0194387,0.091582104563713,0.0563718043267726,0.13360495865345,0.0890441760420799,0.7655868928780117,0.4743509234381401,0.6569003318718137,0.4881440268461158,0.575591020275182,0.7295672228992517,0.3936070438590834,0.3780865926792932,0.4193370236201897,0.698100855209067,0.5740067882941969,0.4423032626497608,0.1956912297719994,0.15739725094481,0.20549602574651,0.1738372799648553,0.2005075101496509,0.2585902524956187,0.1620435843723784,0.2038945501192293,0.1543807966574943,0.1958404764273598,0.18281387495676,0.1404963231521185,0.5888380408287048,0.1166243031620979,11.529934,19.872505,19.262749,0.0,0.0,0.0,0.0,0.49889135,3.4922395,1.3026607,0.27716187,0.0,0.0,0.0,0.22172949,1.8292683,1.7461197,1.9401331,0.08314856,0.027716186,0.0,0.33259425,17.128603,20.454546,0.0,0.0,0.0,0.0,0.0,0.0,0.0,0.0,0.0,1.0,0.0,0.0,0,0.6079086065292358,f2Z-vZRYDbc,0,0,0,0,0,0,0,0,0,0
bYuSp-AbVaU,3.2380595207214355,-9.46989917755127,8.41582950356137,-0.0262172284644194,66.4107543188712,5.269662921348314,5.348031339868969,1.0,0.5483870967741935,0.2419354838709677,0.3870967741935484,0.2741935483870967,0.2741935483870967,0.1451612903225806,0.2258064516129032,0.1451612903225806,0.1612903225806451,0.2580645161290322,0.6451612903225806,0.039652831852436,0.0175537914037704,162.06874084472656,157.0,0.4837662577629089,152.0,0.1320293396711349,1.3432880640029907,4.191737174987793,62.65455014065103,7.919246089286233,28.518819199527243,10.484288326277852,-0.5730512225050745,2.541023152379608,3.067577368198867,8.48565733292128,2.817306289142554,1.5070450515506004,1.827017579736288,-0.6226609155346783,15.225636786382957,17.99985336569872,14.574718350737175,11.015977419994934,11.212737118071528,9.714596863982512,8.876799219261928,9.315509274396028,8.232674990768373,7.666894019353025,7.461790120385944,8.036520147051181,-0.0008318806386344,-0.0006238390755251,-0.0003796001482127,-0.0003310407032612,-0.0002222290240475,-5.226754319184275e-05,-2.3696422345651797e-05,-9.276408423314004e-05,2.8797790135834035e-05,0.0001521099504952,0.0001022333959804,9.63158283891304e-05,2.1392224520121506,1.9318967989752232,1.5969977336399208,1.400666398444912,1.4072627826306054,1.3045679362857634,1.2319844037787353,1.290083262444202,1.160771728314763,1.09942093349103,1.123316220302673,1.1829658022265286,0.1773871332406997,0.063986025750637,12.63065242767334,22.803211212158203,2.5553131103515625,1.797785997390747,30.82676696777344,24.30915641784668,1641.7017822265625,780.6728515625,21.857675552368164,12.054688453674316,-0.7097572,-0.7785145,-0.7812306,-0.79454124,-0.78491384,-0.7838258,0.07232837,0.07125062,0.06840074,0.05757603,0.045582242,0.04055172,-6.8637104,-6.8797235,-7.601817,-7.4863944,-7.4731812,-10.233447,1.5280854,1.5008744,1.5229174,1.5857975,1.5988307,1.468214,0.0902329310774803,0.0600978247821331,0.071715198457241,0.0515395551919937,0.7245500140551739,0.6292139287426798,0.6474063149902118,0.5800177490754681,0.5701821286948435,0.6738478609568291,0.5671379888863544,0.6089732362761874,0.4384165132075369,0.4134907465348446,0.4526208536416364,0.4750214723216194,0.2421217728095978,0.1930725969616162,0.2158394985994598,0.209788104613335,0.1779895418915675,0.244404359236889,0.2060707395157503,0.1889607457269644,0.1768212713938176,0.1672581911353316,0.210840554456592,0.2041091752501394,0.5762125849723816,0.1123153790831565,6.1978545,0.32777116,35.45888,0.50655544,7.7473183,0.029797377,1.3110846,0.0,0.47675803,0.6555423,0.0,0.0,0.41716328,1.6984506,0.32777116,0.20858164,1.6388558,10.935637,1.2216924,22.25864,0.08939213,5.274136,0.71513706,2.5029798,0.0,0.0,0.0,0.0,1.0,0.0,0.0,0.0,0.0,0.0,0.0,0.0,0,0.700080931186676,bYuSp-AbVaU,0,0,0,0,0,0,0,0,0,1
gzIp_SW26HA,4.666742324829102,-11.733513832092283,4.138944949061759,0.0433275563258232,63.52863304369722,2.469670710571924,2.611705166687782,0.391304347826087,1.0,0.8260869565217391,0.3043478260869565,0.1478260869565217,0.2,0.0782608695652174,0.1913043478260869,0.1478260869565217,0.2521739130434782,0.5478260869565217,0.9304347826086956,0.0411353409290313,0.0343166552484035,150.02462768554688,152.0,0.4612069129943847,144.0,0.038821954280138,1.074949026107788,4.47995662689209,57.12729234682924,28.84112934581549,15.73268369870491,8.205148582095484,4.380275869241336,4.142835308669466,3.3756256013289403,3.052272966828941,1.78296899438326,-1.7588491599162288,-2.989996622428784,-2.771442563341401,16.551963655032797,12.126599522123788,12.901292686526636,10.22019011805778,10.074813891138152,8.452507986722479,7.605408775480195,8.427293017532744,7.938071689716747,8.313195954754553,8.036475414066363,7.854404933159771,-0.0002767119824915,-0.0001420472935165,-5.000116665437051e-05,-4.605355231463564e-07,3.828485545724357e-05,5.420779151066943e-05,3.069941265597051e-05,3.0112464772141765e-06,1.635902318964946e-05,4.812989478563659e-05,6.361608684450081e-05,8.762422499855923e-05,1.8130974086057725,1.3712578580975274,1.2474003518800822,1.1214009634934603,1.0872142407197116,1.054543190116886,0.9419073480541782,1.0224493457142927,0.9329879848294874,0.9337914969501137,0.9397245828476328,0.89751603858058,0.2546301186084747,0.0835077762603759,29.73252868652344,52.47396469116211,3.3695168495178223,2.56054425239563,16.117637634277344,18.023027420043945,965.7442016601562,638.5109252929688,10.73161506652832,7.435920715332031,-0.6883645,-0.688869,-0.7125557,-0.77916574,-0.79439116,-0.80262834,0.10954188,0.10330588,0.09767163,0.070331976,0.056307323,0.0371071,-7.069555,-7.379373,-8.376102,-8.72722,-8.47688,-10.288501,1.5580133,1.25105,1.3115971,1.2946569,1.2695838,1.3732629,0.0870458930730819,0.0612043291330337,0.0562787950038909,0.0548224560916423,0.5718117551362711,0.3936098131212069,0.5288238220691811,0.5405945086566976,0.3489157400109527,0.4512782579344497,0.3133344864422227,0.4724102231142646,0.3895097283062488,0.2811284950482882,0.4319389680751145,0.5043374373412867,0.2719818226428726,0.2029247443858808,0.2745238679830236,0.2849503153821606,0.1905271355216539,0.2565360401200002,0.1785275791904451,0.2746682534105741,0.2456153243353525,0.1623631259201329,0.2295723481967465,0.2505448998656204,0.4969368875026703,0.1293153017759323,34.72222,6.7438273,0.81790125,5.8950615,1.6049383,1.3117284,0.5555556,1.0802469,0.6018519,15.308642,2.4228394,0.35493827,0.0,0.0,0.0,0.0,0.6018519,4.2746916,2.345679,0.0,0.67901236,0.015432099,3.595679,17.067902,0.0,0.0,1.0,0.0,0.0,0.0,0.0,0.0,0.0,0.0,0.0,0.0,1,0.7510239481925964,gzIp_SW26HA,0,0,0,0,1,0,1,0,1,0
EJtSUzm_T4Q,1.493067979812622,-7.183362007141113,7.623618363061504,-0.0131964809384164,76.02611798028222,3.756598240469208,4.127654270527717,0.75,0.8828125,0.5078125,0.21875,0.265625,0.328125,0.1953125,0.2890625,0.1875,0.3125,0.390625,1.0,0.0394403561949729,0.0108812358230352,138.49588012695312,140.0,0.3706505298614502,133.0,0.0328102707862854,1.1857143640518188,3.3457932472229004,49.24952167816628,23.411409122788527,29.01869094009107,12.989659110455376,7.938081689351024,11.418092623228958,6.711712416883176,3.76940978576172,8.369566097006192,3.344356064074071,2.289830213225915,-0.339348522907733,14.87249035193632,13.236315727677374,11.025387376675209,11.33036104376007,12.918869148543,9.280109825136854,9.850097253354964,8.47102648724965,9.261999538703314,9.35428956051746,8.89152554454144,8.440684633551994,-0.000417753935408,-0.0003014019243749,-0.0003207444966028,0.000141697606748,0.0003623002645018,-0.0001096645781747,-0.0004495308384214,9.70267740500872e-05,0.0001276680334437,0.0001505509395584,-3.451162009840993e-05,-0.0001354036195328,1.7871709521941332,1.927311800146107,1.5137459528133157,1.490890424893725,1.521512595761774,1.4011103590459455,1.3916819974721284,1.3056281328859878,1.295436827833636,1.2726608662121723,1.2166331043125722,1.2020758034770145,0.1488034874200821,0.0547366365790367,16.490034103393555,26.07489776611328,3.2189204692840576,1.936489462852478,39.30048370361328,24.10483741760254,2103.145263671875,668.7398071289062,31.115385055541992,10.7432279586792,-0.7157769,-0.78598064,-0.7633494,-0.7976822,-0.78851974,-0.746677,0.07367507,0.05467747,0.07447631,0.045044757,0.03486939,0.03445231,-6.1907153,-6.629082,-7.25821,-7.1621194,-6.6470776,-8.846569,0.8851752,0.87170196,0.82626677,0.7976367,0.8386032,0.9131357,0.126793697476387,0.0398373827338218,0.1028786301612854,0.0448123402893543,0.8396573053681795,0.6200860898594169,0.4951993352985181,0.5479679158641367,0.4382298459698962,0.5007889200965239,0.512317988120379,0.4940093648272786,0.4262843569250468,0.5145191556074112,0.6960583975527497,0.6089467736112751,0.1750609380286038,0.1740413399631919,0.1728182166982573,0.2071644603599095,0.1360295310869161,0.1786845908856525,0.194579084670344,0.187583309652402,0.2056910592082423,0.1688406587479106,0.2085488131532062,0.1722299733639412,0.5546557307243347,0.1197596341371536,21.211658,0.80878985,3.448802,13.6578665,0.900351,9.644438,0.8698306,6.500839,0.030520372,4.7153974,2.4568899,0.6867084,0.0,0.04578056,0.47306576,0.0,2.792614,1.388677,1.2055547,1.1750343,4.288112,0.25942317,9.827559,13.612086,0.0,0.0,0.0,1.0,0.0,0.0,0.0,0.0,0.0,0.0,0.0,0.0,1,0.6541151404380798,EJtSUzm_T4Q,0,1,0,0,0,0,0,0,0,1
_UJYWtagSOE,3.0928869247436523,-12.618494033813477,5.031978618042209,0.0071174377224199,71.78231560830429,3.882562277580071,3.946765221331727,0.5254237288135594,0.9830508474576272,0.3559322033898305,0.288135593220339,0.2033898305084746,0.2372881355932203,0.1016949152542373,0.135593220338983,0.288135593220339,0.288135593220339,0.3559322033898305,1.0,0.0262890327721834,0.0106948902830481,137.7941436767578,136.0,0.4960317611694336,144.0,0.0537634417414665,1.0270448923110962,3.0355536937713623,56.8016661502638,4.18560274619619,27.33465556727729,1.7589254119835598,11.337598789127322,4.465826847495959,8.351112880509183,8.516669990139185,5.141253161203654,-1.3822398252967214,-0.3775240033491042,1.3204274426703346,14.309774926917012,16.630869666244312,13.968444383967578,11.676207826196292,11.252775239741768,10.08978915025446,10.210956019059063,9.712588630144474,8.59099943855295,9.177278588251118,9.26223886046965,9.060153152738762,-8.395801833467918e-05,-0.0004866573985231,-0.0001389989597785,0.0005343162262469,0.0003987199087991,0.0005945215367837,0.0004703704535348,-0.0001694047085961,-6.352892717147891e-05,-7.692167458907631e-05,0.0001581693437453,0.0002478640098275,1.611849189269692,1.7963398127016796,1.593907546092313,1.456853948453222,1.3546570606863948,1.3598537238961252,1.3386590252243884,1.3784939085565493,1.2361004828177626,1.2643620077147115,1.234781067301339,1.2194306942981763,0.1360506117343902,0.0510834716260433,5.673427104949951,13.092891693115234,1.847996473312378,1.3729742765426636,45.09768295288086,22.04693984985352,2299.16796875,1052.382568359375,28.784765243530277,11.762088775634766,-0.7444197,-0.791176,-0.74977607,-0.78194404,-0.79526275,-0.7357977,0.06584759,0.06699013,0.08375051,0.065621376,0.040872205,0.049267948,-6.996755,-7.102951,-7.6965413,-7.607018,-7.113687,-10.099318,2.7145975,2.602871,2.5108538,2.541638,2.5867374,2.379988,0.0908043459057807,0.0399135798215866,0.1102649271488189,0.0709333419799804,0.6915432089049189,0.6289628596550595,0.5533443675663469,0.5031177760956587,0.464749227746053,0.5961531762105949,0.5170163584987559,0.3944915710216445,0.5065692178858284,0.5378808931820437,0.6220401855228955,0.6110664369969745,0.2165797164081722,0.2187335034344682,0.1814349278645312,0.1776843104604359,0.1742694384416918,0.2461537337651291,0.2221487550725079,0.175954688891096,0.2207843985683476,0.2034725273520768,0.1931997211558858,0.1875273268769064,0.5796436667442322,0.1084447130560875,14.849981,1.7090771,7.216103,1.5571592,1.4432206,0.07595898,1.4052411,0.07595898,0.15191796,0.37979493,0.4557539,1.4812001,1.8230156,1.5191797,0.0,2.1268516,0.64565134,24.230915,1.6710976,7.5199394,1.7850361,0.26585644,18.230156,9.380935,0.0,0.0,0.0,0.0,0.0,0.0,0.0,0.0,0.0,1.0,0.0,0.0,0,0.8050764203071594,_UJYWtagSOE,0,0,0,0,0,0,0,1,0,0
4CKM3q209bk,3.751434087753296,-15.213623046875,4.828403102876942,-0.0253164556962025,64.20985103838204,3.2088607594936707,3.395927936548763,0.46875,0.46875,0.84375,0.1875,0.375,0.3125,0.03125,0.28125,0.1875,0.25,1.0,0.53125,0.0444677993655204,0.0348259694874286,163.7536163330078,161.0,0.0073528885841369,167.0,0.3872180581092834,1.232510685920715,4.019329071044922,60.62087231338497,12.224793100335004,7.249574030828651,6.627125689558907,1.8146093325346735,-3.1779278972149454,-4.5142316556164666,-1.4929664511685352,-0.0708303305826697,1.518100520598101,0.9061644534260984,1.720264389705594,16.817404053206378,16.15381064245104,12.857220595383344,10.046367797828212,10.598278313445652,10.11573336722928,9.468347843374586,9.047659802206686,9.079400671700707,8.742911800335847,9.24505907608572,8.620549581498215,-0.0024857069949775,-0.0009548230277728,-0.0004351923972847,-0.0002454531111536,-5.314466489749867e-05,5.243318449061748e-05,8.303346730779344e-05,5.043363468426014e-05,7.170616404781625e-05,0.0001404743659884,0.0001170282801585,-4.275961847599323e-05,1.701607088953271,1.8141901929923177,1.44451911455758,1.282196354204627,1.2826258396587171,1.2338296083465703,1.1188415851070608,1.104654648072367,1.1116911883268543,1.0841140615640064,1.085170865436671,1.02315777950756,0.1768143028020858,0.0873393788933754,14.851664543151855,36.00300598144531,2.3478493690490723,2.0592684745788574,34.10841369628906,35.83791732788086,2112.087646484375,2768.29833984375,15.170222282409668,10.965361595153809,-0.7084217,-0.7362494,-0.7644434,-0.7874243,-0.8064747,-0.81591296,0.14651053,0.10479737,0.08896435,0.08265724,0.061839473,0.053182397,-9.065201,-8.514543,-9.186122,-9.444476,-9.476464,-11.194107,5.6904573,5.755289,5.561598,5.4852986,5.4807024,4.985447,0.0837158933281898,0.0715978294610977,0.1201772913336753,0.1274614036083221,0.6338889342210628,0.444886828785192,0.3504237882906336,0.4774363266863234,0.3367521464589275,0.4993628214284563,0.2785596231701534,0.4157408196968429,0.4593730787494897,0.2533968855800717,0.6240025414514229,0.5197670877546345,0.2937295545197246,0.2599134142726673,0.180030888576825,0.275409010346237,0.1923409206692442,0.26632301691097,0.1732548403540406,0.2407040253853172,0.2722600808260179,0.1538383212295191,0.275810418056887,0.279724669008757,0.527428150177002,0.1515664905309677,17.674637,6.0947022,10.032818,6.9854665,6.375996,0.0,3.7974684,0.0,0.60947025,0.046882324,0.0,0.0,0.0,0.0,0.0,0.0,0.0,0.0,0.0,0.9376465,0.0,14.205344,0.0,33.239567,0.0,0.0,0.0,0.0,0.0,0.0,0.0,0.0,0.0,0.0,1.0,0.0,0,0.7042988538742065,4CKM3q209bk,0,0,0,0,1,0,0,0,0,0
RWb67Df0TMg,4.470807075500488,-12.21226692199707,6.548641495667511,0.0194552529182879,69.13468916774856,4.066147859922179,4.353930862426635,0.5465116279069767,1.0,0.5348837209302325,0.4651162790697674,0.3837209302325581,0.2906976744186046,0.2209302325581395,0.2325581395348837,0.2790697674418604,0.5,0.6395348837209303,0.8837209302325582,0.0574319064617157,0.0659899339079856,89.11424255371094,89.0,0.0594594478607177,0.0,0.0,1.808189868927002,4.930322647094727,39.70737735729916,14.426867033130378,7.475414999653011,3.208782747575911,2.270855340283407,-0.6947344584895944,-0.6991566830285655,0.7238991692150732,3.1666940369667,3.137700667627106,3.14836264955038,0.4056039564064002,24.49680277951413,18.160569415988004,16.895330588769657,15.607529866764867,15.329384853353552,13.727079198734634,10.943328232728025,9.91130948703546,9.912487378574948,9.203667481349944,8.27114394021645,7.733163548187595,-0.0002418032412767,-0.0001969010558634,-3.5347945778236664e-05,1.1233199040791192e-05,-5.242170483932108e-05,7.512155415026963e-05,6.681203860032343e-05,2.567724172234753e-05,3.125168395198286e-06,5.7788039049769626e-05,3.0346327187829653e-05,2.68394245567533e-05,2.9826404265158666,2.127279430810449,1.8746901503415097,1.7780787932685382,1.9020488666146889,1.7666405637972311,1.5751291751029266,1.339936478399922,1.2898923281534798,1.3070685009038518,1.290410138316954,1.1871336060131477,0.2020016759634018,0.0949513465166091,32.47114562988281,86.33326721191406,3.366013765335083,3.290151357650757,30.080528259277344,34.74710464477539,1650.922119140625,1017.4361572265624,11.372727394104004,10.379806518554688,-0.7054012,-0.748257,-0.7769747,-0.80562294,-0.80954087,-0.7728578,0.112237535,0.10595141,0.09145826,0.060026787,0.04195282,0.053791713,-7.8903837,-7.4195733,-8.126094,-8.2094555,-7.884214,-10.365457,1.8299522,1.3679569,1.3416809,1.2996473,1.3271949,1.4444697,0.0947831273078918,0.0776222422719001,0.0876436755061149,0.0787595808506012,0.75368005503607,0.6270880875027128,0.5402799935805075,0.653615327250691,0.6850830212142125,0.6122486962461348,0.4710827228076575,0.4129152445565123,0.4539836879084966,0.4869138194409697,0.5072875664813669,0.4715364912473188,0.2498639530484312,0.2154446710985798,0.200054892261716,0.2366484891048855,0.2501459424973619,0.2610784662905608,0.2092225532127321,0.1631920229392051,0.181687820147452,0.2104314748409756,0.220045439506896,0.2223938548159081,0.5465478301048279,0.1633705198764801,8.328696,7.698015,4.3034687,0.4822853,2.7267668,0.87182343,1.2613615,22.444815,4.062326,0.79762566,0.0,0.12984604,1.96624,4.5817103,8.829531,2.0404377,1.836394,0.44518644,0.79762566,0.092747174,1.706548,12.928956,6.585049,5.082545,0.0,0.0,0.0,0.0,0.0,0.0,0.0,0.0,1.0,0.0,0.0,0.0,1,0.5175817608833313,RWb67Df0TMg,0,1,0,0,0,0,1,0,0,0
yS8nIsukdko,4.817069053649902,-7.801939010620117,11.019196229352008,0.0366795366795366,62.13768535011225,4.915057915057915,4.973726830795941,0.5625,1.0,0.4583333333333333,0.3125,0.375,0.2916666666666667,0.2083333333333333,0.3854166666666667,0.2291666666666666,0.4166666666666667,0.3958333333333333,0.7604166666666666,0.0518273785710334,0.0393947511911392,106.00875854492188,105.0,0.268482506275177,140.0,0.0430107526481151,1.2760416269302368,5.190042018890381,54.30423583721036,29.11622128250158,17.93910401227813,14.029377292354477,8.34781398159922,7.01972443890902,3.0449773524130146,2.2985150215580505,2.5151530504573096,2.2105557340728925,-0.2482361270265524,-2.406844267208054,21.442578029795143,18.83519955023317,15.842486041131496,13.553765726717716,11.609452285141524,10.723969048086538,9.703689836098167,8.981038677259765,8.446419266375125,8.056249446582715,7.856132127852277,7.549529916947729,-0.0010342665174696,-0.0006499506804722,-0.0007672598416869,-0.0005082024060469,-0.0001924993791688,-8.85674499801176e-05,-0.0001407926286114,-7.110911920513213e-05,8.613074851972383e-05,8.038044455591508e-05,-4.816426721673525e-05,-3.145131039854326e-05,2.634127209462141,2.117966294575443,1.8211426637223973,1.5477128348211917,1.390717550086108,1.3476327403635862,1.2489723283245018,1.1634487788506276,1.0969487361793986,1.0623507334279116,1.1037625094304984,1.030160961838613,0.2368876487016677,0.1006939113140106,34.63090515136719,51.18137741088867,3.969863414764404,2.8047845363616943,23.85419464111328,29.49169921875,1322.669677734375,990.9633178710938,14.131863594055176,12.873367309570312,-0.7068942,-0.763947,-0.7887819,-0.7983613,-0.80425966,-0.7989901,0.100122295,0.08610628,0.07674317,0.07279308,0.045582734,0.040910337,-6.9481707,-7.3251057,-8.187722,-8.552646,-8.167652,-9.810159,2.0005991,1.5998813,1.6888859,1.7356331,1.5799692,1.6783243,0.0870836377143859,0.0644025281071662,0.0867960155010223,0.0673052594065666,0.7230672822555543,0.480858857796876,0.4149570870613321,0.4651148970277685,0.4454260142220341,0.4408052451912426,0.4236675382628264,0.635797048790445,0.4963028188569064,0.4221062222281086,0.529193807716794,0.4813039154021031,0.2608291345712048,0.2505276079476282,0.2036195297058042,0.2352295595624794,0.1713459441530342,0.2417525945503409,0.2474734208558609,0.2652591633118362,0.2468737954058442,0.2170139642353558,0.2761912769210464,0.2406875047139781,0.5672122836112976,0.1721652448177337,18.392351,3.0927835,19.229046,4.1386523,1.763036,0.9412819,0.0,3.0330195,5.9166293,20.020918,10.877036,0.0,0.0,0.0,0.13446885,1.5389212,1.0159868,1.8227999,0.0,0.0,2.0618556,2.3307934,2.808905,0.881518,0.0,0.0,0.0,0.0,0.0,0.0,0.0,0.0,0.0,1.0,0.0,0.0,1,0.8189839720726013,yS8nIsukdko,0,1,1,0,0,0,0,1,0,0
TEFzNnG8cMM,5.918158054351807,-9.818655967712402,6.760190641897084,-0.0832049306625577,68.71959065249605,3.5978428351309706,3.8404298399898833,0.5916666666666667,0.5583333333333333,0.6166666666666667,0.35,0.2833333333333333,0.3083333333333333,0.1083333333333333,0.2666666666666666,0.275,0.3583333333333333,0.6916666666666667,1.0,0.0354242920875549,0.0336767844855785,114.66866302490234,115.0,0.6441441774368286,120.0,0.1021897792816162,1.1194182634353638,2.761712551116944,54.220187151647,15.359449130728516,9.79690472487082,5.100149308651308,5.524234907156764,4.793321049277913,1.879058125539469,5.102478263657442,3.657158210139533,2.150003030389169,2.515415735931352,0.2473142487356885,13.39982618317625,12.884719523833825,13.186006018836974,9.793324519582391,9.826593239966943,8.397202050233103,8.331737737872187,9.11210179584018,8.29273624265361,7.937952597876369,7.757778568154784,7.547902306277022,-0.0005911155990528,-0.0002937512310542,-0.0001312712239928,-9.53188240674436e-05,-8.360758495240223e-05,-9.969855047990417e-05,-0.0001365836199613,-0.0001443974424734,-0.000140880551787,-0.0001573566519886,-0.0001539619542855,-0.0001055704889237,1.1398275207277042,1.1124050329288837,1.076171212694712,0.9754752783982455,1.0033840527905162,0.95972254708449,0.9411668782073022,0.9537796400239676,0.933832180161213,0.902287809913656,0.898190676952038,0.8875145188430251,0.2278322279453277,0.0951475128531456,15.13735580444336,34.30405807495117,2.3533103466033936,1.9450154304504397,23.645248413085938,20.61556434631348,1204.2908935546875,706.335205078125,15.09737491607666,10.810990333557127,-0.72867614,-0.72932917,-0.73115915,-0.76290864,-0.77592117,-0.800943,0.097059846,0.07584105,0.07349467,0.06757104,0.06519273,0.04606533,-7.2167425,-7.2214565,-7.950732,-8.505184,-8.58162,-10.526663,1.7053689,1.3869306,1.55572,1.5670491,1.6842588,1.5672119,0.0755070224404335,0.0596246868371963,0.0659717842936515,0.0677312687039375,0.4758022513054232,0.37611814998846,0.3585948572100172,0.3411787415961223,0.2503285565722146,0.328168740906811,0.2214349534407263,0.4340074005200818,0.4764054915735239,0.4252952682152386,0.4199716257993098,0.3496239064966446,0.2775313287987092,0.2452476634648926,0.2231301916399425,0.2172565844878712,0.1819289705198364,0.2162437311586754,0.160016261635055,0.2547597395537063,0.2684942565483176,0.2596863493916885,0.2620510922166925,0.229164227667567,0.4807321429252624,0.1229627206921577,3.5815148,16.225931,5.5198975,5.738126,3.902439,7.4454427,2.7599487,9.165597,1.5661104,8.780488,1.0783055,6.405648,0.20539153,3.3632863,0.71887034,3.6970475,1.9640565,0.5006418,1.5275995,0.19255456,1.784339,3.453145,3.7355585,6.6880617,0.0,0.0,0.0,0.0,0.0,0.0,0.0,0.0,0.0,0.0,1.0,0.0,1,0.4993340373039245,TEFzNnG8cMM,1,0,0,0,0,0,0,0,1,0
UHCWs7MIhhc,4.75130033493042,-17.66728401184082,5.79877688781441,-0.0366300366300366,65.42051422938317,3.587912087912088,3.7161858178197313,0.5476190476190477,0.7380952380952381,0.9047619047619048,0.3928571428571428,0.2738095238095238,0.4523809523809524,0.1785714285714285,0.369047619047619,0.25,0.4404761904761904,0.9523809523809524,1.0,0.0406299494206905,0.0212650019675493,109.65354919433594,110.0,0.4292845129966736,96.0,0.0065040648914873,1.260708570480347,4.054699420928955,55.24440110651278,17.023980749716568,10.771830803746614,2.5207116860759533,-0.8217664148574968,-1.041349995257158,-2.8704961253196,-1.1364078887264584,-4.061014899597331,-6.6759214549032215,-3.2584561550950446,-3.1501718172550723,24.05752623542459,18.404333634133224,14.86753003541164,12.498072859189882,12.154808217827892,9.289744189575083,8.621843916650622,8.759739935483097,8.17109369696729,9.227564077020784,8.508360625912177,8.143250894798433,-0.0004526900805047,-0.0004497772919078,-0.0003197434381469,-0.000188436342302,-0.0002309955180811,-2.290944879773329e-05,0.000109631631056,9.371644413798076e-05,-0.0001084899485649,-0.000141469506489,-9.372485263666652e-05,0.0001334003293877,2.853712234289936,2.210355681935304,1.807600035895732,1.5094189995743732,1.4597088350983696,1.2323054409367638,1.2350791185126435,1.2144601426242092,1.0938438148748024,1.151909191931249,1.1467452391346613,1.1066507352770971,0.1808648705482483,0.0703893229365348,14.944486618041992,23.717607498168945,2.604877471923828,1.7622408866882324,28.39570426940918,31.35242462158203,1431.669921875,1261.0667724609375,12.854594230651855,9.112143516540527,-0.6572102,-0.7498187,-0.77439755,-0.79415935,-0.7801546,-0.7997431,0.116072915,0.084365375,0.0725779,0.06012387,0.064627215,0.039753765,-7.859828,-7.2240744,-7.956297,-8.337259,-8.435349,-10.381284,2.3375309,2.2060883,2.1477451,2.1227539,2.148719,2.0389538,0.0721487551927566,0.0631054043769836,0.0815278887748718,0.068725548684597,0.7252728650697531,0.473501168332147,0.4120969049366794,0.52354303147439,0.4028452531481241,0.5271033435403253,0.3545512882771813,0.4468989031414441,0.521462364104452,0.4622619968087463,0.6563015839134227,0.5952486274879549,0.2482020364071879,0.2098701076538696,0.1850154711647874,0.2375000860037491,0.1954665279059333,0.2560066419263518,0.189931554260833,0.2042847254083647,0.2488719192783847,0.2000323112391209,0.2524844637440097,0.2513550869826733,0.5895602107048035,0.1204675212502479,6.5596266,0.2195691,4.3502126,1.001784,0.17839989,6.820365,4.5423355,1.5918759,0.98806095,0.42541513,2.8681214,0.0,1.2625223,1.3174145,0.12350762,2.8543983,0.0,5.0638123,0.06861534,26.6502,10.717716,7.945657,13.46233,0.98806095,0.0,0.0,0.0,1.0,0.0,0.0,0.0,0.0,0.0,0.0,0.0,0.0,0,0.5987972021102905,UHCWs7MIhhc,1,0,0,0,1,0,0,0,0,0
ltr68JGRi4I,8.778690338134766,-14.406330108642578,5.422869168574562,-0.024390243902439,62.729826489754295,3.5439024390243903,3.512246781462899,0.328125,1.0,0.75,0.25,0.234375,0.421875,0.140625,0.546875,0.4375,0.5625,0.84375,0.890625,0.0173981077969074,0.0230437703430652,120.13378143310548,120.0,0.6510066986083984,126.0,0.074242427945137,0.8621373176574707,2.5414810180664062,43.61903495820181,23.884418002670948,12.18876834878941,4.73000722157236,0.7456077604580309,-2.27073982379934,-3.766794503366005,-3.8020854593956654,-3.57958909383787,-3.510828316679541,-3.8446217505515383,-3.743894532239575,20.994399579007403,11.255840591882633,10.288774912740012,8.727145993436709,7.896455258520933,7.014463585725706,6.603459646160551,6.827621959974811,7.042172831718407,7.134433976897427,6.958065921260666,7.173567114807188,-0.0001849011309022,-0.00016283420507,-0.0001359672877656,-0.0001120177523693,-9.34424812198858e-05,-7.774625369507776e-05,-6.153091941007466e-05,-4.441090475867567e-05,-2.945405461859716e-05,-2.013217646711329e-05,-1.6818743672163723e-05,-1.6062607840159258e-05,1.1564576301566136,0.8442300763977358,0.8000295616392272,0.7215825695740118,0.6841051353645969,0.6556784193247003,0.6219642569219878,0.6537272786549004,0.6421726120162854,0.6261972241382914,0.6205231345198597,0.6196042327239966,0.3666915595531463,0.1057657226920127,26.7229118347168,48.83885192871094,2.5563805103302,2.3287298679351807,10.547414779663086,21.37596321105957,639.7554931640625,642.1452026367188,6.10672664642334,5.4864912033081055,-0.68242484,-0.7266779,-0.7593697,-0.7955372,-0.80739814,-0.82302797,0.12297735,0.11173712,0.086370505,0.06426382,0.06826056,0.053314157,-7.842942,-7.713414,-9.131296,-10.0740795,-10.233738,-12.803397,1.0009872,1.2081085,1.386509,1.5205574,1.6587024,1.4346442,0.0352064333856105,0.0356027483940124,0.0347569920122623,0.051515944302082,0.5927900786479927,0.2029256457394679,0.4689168767488984,0.2366179445167562,0.3259875293237086,0.3852074821019325,0.1816132771822693,0.5294846910636477,0.1697092981494059,0.209921128764349,0.2192310527689728,0.2593784089895724,0.3000463973406245,0.1526849464444953,0.2986649558059163,0.1745695338317718,0.2526048311391965,0.2982590002753492,0.133701445621744,0.3002862723061852,0.1467645241405833,0.177061517914875,0.1820947750305153,0.2112230750614263,0.5050804615020752,0.175408586859703,31.494352,2.4761078,18.91109,4.706053,0.0,0.0,0.3040834,0.014480162,0.1158413,0.014480162,0.37648422,0.028960325,0.05792065,0.3040834,0.0,4.097886,1.0425717,10.005792,0.6805676,6.342311,2.7512307,2.5774689,12.250217,1.4480162,1.0,0.0,0.0,0.0,0.0,0.0,0.0,0.0,0.0,0.0,0.0,0.0,0,0.8341414928436279,ltr68JGRi4I,0,0,0,0,0,1,0,0,1,0
Af5WEVevhAw,4.338418006896973,-9.02421760559082,5.23692391777401,-0.0486725663716814,57.77081341542695,3.5265486725663715,3.588539222588456,0.7741935483870968,0.9032258064516128,0.5483870967741935,0.7419354838709677,0.2258064516129032,0.7096774193548387,0.1290322580645161,0.1935483870967742,0.4516129032258064,0.7096774193548387,1.0,0.9032258064516128,0.0311943553388118,0.0173362735658884,153.69940185546875,152.0,0.0545454621315002,157.0,0.3426791131496429,1.1286317110061646,3.3735668659210205,84.05741265544555,5.255058116818686,20.5234273205927,10.503809516872677,1.1277191450580435,5.109296483321271,-0.3011371695271511,-3.054063215651488,-0.5291931499168553,-3.3287533519417525,-1.5405070753217087,-0.9560070450671349,22.810975127791934,22.16620748136803,20.16772615013257,15.508173201977732,13.158427713585567,11.04262470379036,10.582626825426022,9.909448690876356,10.284461872581682,9.306618583660653,8.88391783158859,8.179751627359444,-0.0012980128984858,0.0006339717342211,-0.0005570466315409,-0.0003025961140507,-2.7925980509430565e-06,-0.0001787971713431,5.399888287507117e-05,6.199349420080016e-05,-0.0002260131514846,-0.0001235795818374,7.710208380811215e-05,1.353044601834807e-05,2.089987807450961,1.832071801094322,1.5255582119561122,1.40653830727116,1.3665633383417688,1.235265211535209,1.184950152237105,1.204715878369257,1.1643548942312172,1.074525162162455,1.0576696574071285,1.012677587327124,0.2044487297534942,0.0692345798015594,7.9243550300598145,15.11064624786377,1.885103940963745,1.4428942203521729,25.49846076965332,22.744739532470703,1248.0040283203125,702.8109130859375,16.71681785583496,8.74217700958252,-0.6948634,-0.7170247,-0.7364963,-0.7635968,-0.76780224,-0.76961327,0.074723996,0.09023812,0.085592724,0.06974545,0.058142833,0.043823965,-7.069099,-7.228448,-7.9105473,-8.0880575,-8.195083,-10.979595,1.6589704,1.6586788,1.6413815,1.6965442,1.5973413,1.4797642,0.0679479613900184,0.0444742254912853,0.0651018321514129,0.0813665986061096,0.6821270672716406,0.2777109554205702,0.4225744156460445,0.2831875438003761,0.3791084558039445,0.3763760922068565,0.3519405397236496,0.6572891644340385,0.3148756632430421,0.4041623138442675,0.2914036273309464,0.3922726150856495,0.2891965538368035,0.1679286294403095,0.2586915364059992,0.2073679635486998,0.2262569761859688,0.2457540104159966,0.2035707878925906,0.2657210716020204,0.1984101625647235,0.2679737175082108,0.1811024036431037,0.2181347621956027,0.622766375541687,0.0977862477302551,61.764706,0.6378455,14.670446,0.10630758,0.77958894,0.0,0.85046065,0.31892276,0.0,0.0,0.0,0.035435863,0.0,0.070871726,0.0,0.0,0.0,5.2799435,0.0,2.6576896,0.070871726,1.9135365,6.8391213,4.0042524,0.0,0.0,0.0,0.0,0.0,0.0,0.0,1.0,0.0,0.0,0.0,0.0,0,0.890898585319519,Af5WEVevhAw,1,0,0,0,0,0,0,0,1,0
-OW1TSB5DJE,2.8274343013763428,-8.488480567932129,7.012885716831912,0.0242424242424242,62.46468039003249,4.778787878787878,4.315178115341915,0.64,0.62,1.0,0.5,0.48,0.42,0.18,0.64,0.3,0.4,0.62,0.8,0.045262973755598,0.0151008442044258,119.01334381103516,120.0,0.4458077549934387,152.0,0.0177865605801343,1.0303272008895874,3.5168251991271973,74.99406585794914,15.901606121201318,20.027874868741485,12.277538252572688,4.696570508894649,7.352174474643851,6.5899810332670565,2.9843997007779404,3.450042047526811,2.3153013439838896,3.4793285059779517,3.559003584854004,13.161636532005982,14.744040950611977,13.324972233896489,10.008866319030265,13.148003202141725,9.010248654174248,8.065994295841643,8.392532767811788,8.914741213784279,8.955635953249603,7.715934536461723,7.007973722153272,-0.0008787852251118,9.151111539188292e-05,1.9097945354694767e-05,-8.769011232425865e-05,1.544243456101238e-05,-9.628525899302609e-05,-9.00934864583494e-05,9.050117083715992e-05,0.0001124930476146,-4.499452329034198e-07,-1.2450380341492136e-05,2.448591989935383e-05,1.3094646498655462,1.39048639226863,1.273060423502925,1.141792248292738,1.2123418171381484,1.1629109923055971,1.0336894510513732,1.0586536858404028,1.0458649455519846,0.9720471766922492,0.9925871939772068,0.9498007164387864,0.1927788406610489,0.0583331026136875,10.89704418182373,13.378558158874512,2.539916753768921,1.33410382270813,23.505258560180664,14.327580451965332,1324.0828857421875,651.5821533203125,22.569412231445312,9.581196784973145,-0.7236365,-0.7459045,-0.75370055,-0.781032,-0.783993,-0.7616925,0.058614668,0.06797669,0.06195052,0.052005805,0.046495024,0.038009953,-6.275223,-6.6232677,-7.243857,-7.4637694,-7.481802,-10.123127,1.0951755,1.1112069,1.2431066,1.2602048,1.2864662,1.2855449,0.0778636112809181,0.0470680072903633,0.060425616800785,0.0383259169757366,0.5365181482994437,0.2646174650607193,0.4287745393638502,0.2368986746469118,0.4439240601442902,0.4305140816768775,0.2727407680035651,0.5095299317673869,0.213707937012278,0.3444898823386658,0.1876419528491847,0.3241360326516854,0.2974724793642546,0.1643194844494902,0.259878244734318,0.145805491510951,0.242305594037714,0.2975261971145758,0.1869820663120439,0.3161638218589912,0.1455273958727398,0.2536048395057167,0.1433681289541614,0.1892145023369917,0.5542274713516235,0.0916701331734657,34.207172,14.363735,15.164755,0.36409977,2.748953,0.0,1.8022938,0.036409978,0.25486985,0.40050974,0.58255965,0.43691972,0.3094848,0.0,0.0,1.2015293,0.0,0.34589478,0.27307484,0.98306936,1.9479338,2.949208,17.58602,4.0415072,0.0,1.0,0.0,0.0,0.0,0.0,0.0,0.0,0.0,0.0,0.0,0.0,0,0.8069881200790405,-OW1TSB5DJE,0,0,0,0,0,0,1,0,0,0
b37KPOpx7Js,3.8174328804016113,-11.883371353149414,6.600565173707947,0.0518358531317494,74.37018920550345,4.2570194384449245,4.33839025367044,0.4823529411764706,1.0,0.5529411764705883,0.388235294117647,0.2823529411764706,0.3529411764705882,0.3764705882352941,0.2941176470588235,0.2117647058823529,0.3294117647058823,0.3764705882352941,0.8,0.0440140068531036,0.0210402235388755,121.93205261230467,123.0,0.3940677642822265,117.0,0.0310679618269205,1.402279019355774,4.134750843048096,51.12459428313384,8.042154658907082,18.71078350339158,12.243806465809346,11.2908973607216,8.91348952991772,4.337456083167348,6.809618667925643,2.657183084725544,2.979592286887862,5.546277925449919,4.088618641924398,18.640300575244336,18.500518636080265,14.79129598041914,12.678661325197504,12.371090525405148,10.430980248690409,10.34991008726388,9.774576670948946,9.075043170394386,8.885015598983529,8.430368392382345,8.13923151396486,-0.0009885586720192,0.0002274825078108,-0.0003711563112786,-0.0005188524461553,-0.0004995414268224,-0.0003569306492135,-0.0001968756839036,-0.0001641549082957,-8.845230579021651e-05,-0.0001444144053987,-8.199544413412323e-05,-6.918915413438968e-06,2.2860854149440435,2.0171962634411824,1.6073645018996796,1.4569183601194051,1.4011089264423529,1.2932692467611755,1.2973878635738691,1.260331098240097,1.2792068127015526,1.1718905101603414,1.1961236961027386,1.116514904011214,0.1646037995815277,0.070731982588768,18.88803482055664,37.54067611694336,3.00091290473938,2.4354796409606934,35.637821197509766,26.88381576538086,1979.008544921875,738.985595703125,20.29509162902832,13.941951751708984,-0.7475033,-0.7750205,-0.79249734,-0.8087408,-0.7932745,-0.770137,0.07223592,0.07616459,0.061743107,0.045899063,0.044134915,0.029840233,-7.042574,-7.2563643,-7.4190936,-7.3875027,-7.289625,-9.7114105,1.4794533,1.0776201,0.8624217,0.8607736,0.9186508,1.2278569,0.0821313336491584,0.0490471497178077,0.0847270935773849,0.0461816787719726,0.6863322008553232,0.587531606452471,0.5193973767650827,0.5413509727543031,0.5063780953194531,0.6654541319455795,0.4660455750369923,0.5706768316559233,0.5979395919589288,0.5808151700846802,0.6524765867925627,0.5523141205299122,0.2292860210325008,0.2417041526673233,0.1943557667963975,0.23863963649849,0.1737605821793807,0.2418835321870711,0.177902193596401,0.2015443611137672,0.2145727959234153,0.2081250976298694,0.2578377183686567,0.2000012235929665,0.5381506085395813,0.1296669393777847,7.58044,2.1450646,25.304491,7.925832,11.597891,14.288311,0.3999273,7.1077986,0.1454281,15.306308,1.3088529,2.1087074,0.16360661,0.0,0.0,0.0,0.018178513,0.16360661,0.45446283,0.4181058,1.0361753,0.07271405,2.3268497,0.12724958,0.0,0.0,0.0,1.0,0.0,0.0,0.0,0.0,0.0,0.0,0.0,0.0,1,0.6955398321151733,b37KPOpx7Js,1,0,1,0,0,0,0,0,0,0
79WOWjezU0Y,3.489877939224243,-18.68796730041504,4.033417834711037,0.0103986135181975,76.32738951802966,3.77469670710572,3.658922422821824,0.4821428571428571,0.9285714285714286,0.3125,0.3125,0.3660714285714285,0.2589285714285714,0.2410714285714285,0.2410714285714285,0.3928571428571428,0.2767857142857143,0.3392857142857143,1.0,0.0306492764502763,0.0163479596376419,113.9650650024414,115.0,0.3657957315444946,136.0,0.0135746607556939,1.052382230758667,3.064626455307007,55.22302121951007,-3.059456946609261,18.77128723375389,-2.1523617366520944,14.423719522768542,3.1284336385279725,4.770626568424909,5.359220988753187,8.404351842351076,7.567555867988457,4.14031465439557,-0.6624281770981458,15.195920964962944,13.814247668734458,11.98489475928089,10.453486242264006,10.216097020655388,9.70333378355628,8.667790223539523,8.375838928303535,8.6982117276574,8.860186039335783,7.924153023971592,7.360860739865745,0.0003506087707359,6.800964588472076e-07,-0.000100638891132,5.104552137858141e-05,0.0001273333095422,7.077560380788458e-05,3.098629481577224e-05,-0.0002617134773441,-0.000125745022876,-0.0003497808333173,-0.0001555055631411,-2.6351471411631e-05,2.074670907319457,1.7682134147004929,1.6717218648232015,1.481987869739187,1.439352660557405,1.4747017521859778,1.382372613385246,1.4059157748461042,1.4262869873059862,1.4060059687709243,1.3140444231785635,1.240871338524915,0.1211581602692604,0.0494810491800308,6.390373229980469,17.276506423950195,1.8809785842895508,1.5134285688400269,45.920894622802734,21.684850692749023,2322.132568359375,562.8828125,32.927642822265625,13.630279541015623,-0.7552844,-0.7984197,-0.7980904,-0.80803883,-0.7840252,-0.70880884,0.06533193,0.060161002,0.055971775,0.03768962,0.037368126,0.036011532,-6.809122,-6.6542015,-6.9904566,-7.062273,-6.8548274,-10.008694,1.1225649,1.0851791,1.2057611,1.1797132,1.245168,1.2236075,0.0962894409894943,0.0401143506169319,0.0898088067770004,0.028340334072709,0.8154125473441061,0.7790750771043267,0.7950514325270327,0.640509238322303,0.6621887964180269,0.6512533236020881,0.5362091652294226,0.5282837749394982,0.5829701648858218,0.5543381139806386,0.5897755029557038,0.7160741234846146,0.1591751805987657,0.1536957763895373,0.1693518722758194,0.1735264017165134,0.1771838134385499,0.1707412729305975,0.1661281281953123,0.1551600816560301,0.1563906780546162,0.1482366164718494,0.1665687682527205,0.1880182388701787,0.6053804159164429,0.103186510503292,12.847709,2.901741,0.7804683,0.0,0.060036022,1.7410446,0.20012008,3.8022814,3.9223535,4.2025213,37.442467,3.9623773,6.4038424,0.0,0.0,2.0412247,0.020012008,9.605763,1.2607565,6.6239743,0.120072044,0.16009606,1.7410446,0.16009606,0.0,0.0,0.0,0.0,0.0,0.0,0.0,0.0,0.0,1.0,0.0,0.0,1,0.7140215635299683,79WOWjezU0Y,0,1,0,0,0,0,0,1,0,0
iRG3HysCtgQ,2.6107006072998047,-7.843543529510498,8.35802591169975,-0.014792899408284,68.99120608352102,6.57396449704142,5.626609141979684,0.6,0.9555555555555556,0.8,0.5333333333333333,0.6444444444444445,0.4222222222222222,0.3555555555555555,0.4222222222222222,0.7111111111111111,0.4888888888888889,0.5777777777777777,1.0,0.0581227578222751,0.0210039392113685,89.9865493774414,91.0,0.4440154433250427,83.0,0.0076628350652754,1.6269407272338867,3.707949638366699,61.18580738019758,7.970485863812986,16.773324349496306,12.969370161695489,8.46281720467293,5.853665891357056,8.014518087460308,6.537631972616753,2.7432351569587112,3.028366692617296,0.8367740300293053,1.8702282040197136,25.52400875917412,20.36265685045427,16.87757749154635,12.14785988895046,14.541470855426784,12.68643561978055,11.481357937485305,11.831116106260245,9.846464160028251,9.199736147528547,8.520867222409644,8.309292876069449,0.0006959748858837,9.347241115642798e-05,0.0004117680191972,0.000508703310821,-0.0003407258024613,-0.0003092052323929,-0.0002440010655551,-0.0002034437378438,-0.0002793632975329,-1.7514400737956814e-05,-1.5041237291645274e-05,-7.392755772536158e-05,3.0855862938469736,2.1542115387363805,2.107618910549852,1.6834771208037391,1.8944008900140212,1.7521942433123934,1.5631254567392745,1.596756526475943,1.5016948807184245,1.3457187209475874,1.27920734509568,1.2460277876329826,0.185500755906105,0.0855399817228317,27.81561088562012,58.63324737548828,3.258821487426758,3.053686141967773,32.86738967895508,34.82373809814453,1669.5439453125,1045.0782470703125,22.02874183654785,14.29035758972168,-0.6876303,-0.77161795,-0.7857746,-0.7969529,-0.7978687,-0.77748716,0.08959126,0.09115494,0.07344924,0.06181894,0.04200761,0.0364286,-6.9087434,-6.992333,-7.3711843,-7.3990183,-7.3569374,-9.76527,1.524162,1.5616049,1.5497743,1.5215635,1.4735353,1.4399127,0.1160467714071273,0.0599526762962341,0.0785807520151138,0.063064694404602,0.7538718960791736,0.6622618951177802,0.6504358019532152,0.5760885725001013,0.6047956554071938,0.6427303840479478,0.5112700801821031,0.5270785475387408,0.4521840584130606,0.4792325950275127,0.6366534075439136,0.6660889638134584,0.2433071864923905,0.1966578354882128,0.2263972669922972,0.1841266342376405,0.2117419580995351,0.2156895779967809,0.2071566656015186,0.216438525001472,0.190316606842424,0.1896004262219691,0.216742726000719,0.2016709880416575,0.5572734475135803,0.145577996969223,30.587923,5.4819913,1.3241526,0.7944915,6.144068,7.786017,10.354873,2.7542372,2.4099576,0.6091102,0.6620763,0.34427965,0.529661,0.13241525,0.8209746,1.9332627,2.9396186,5.5614405,0.9533898,3.8400424,0.026483051,0.31779662,1.1652542,12.526483,1.0,0.0,0.0,0.0,0.0,0.0,0.0,0.0,0.0,0.0,0.0,0.0,0,0.5209213495254517,iRG3HysCtgQ,0,1,0,0,0,0,0,0,0,1
CkE2TpViT6o,5.21820592880249,-13.794546127319336,6.685196921168822,-0.0561797752808988,60.630571902821806,3.775280898876405,3.8785479608213818,0.7111111111111111,0.7111111111111111,0.6444444444444445,0.2444444444444444,0.6444444444444445,0.2444444444444444,0.1111111111111111,0.2,0.4,0.5777777777777777,0.4444444444444444,1.0,0.0244896337389946,0.0180648751556873,178.20559692382812,178.0,0.0,172.0,0.3825910985469818,1.117622971534729,3.6221086978912354,75.71174568104456,1.322614250352384,5.452682092031902,3.5284079291199038,-6.930087849839367,-5.424035135921517,-6.368277660871671,-2.7109058833631274,0.0876264095977596,-4.6721044081104495,-5.050373617689991,-0.6910557836128631,17.8866798205671,22.45422126695518,17.513015618905424,11.756328589676531,12.66825844204423,10.288009797474205,9.872823180185671,10.45501375941981,9.721233779680984,8.099966514712609,8.040087687263817,7.962393354490604,-0.0018401494624012,-0.0001906278888713,-0.0004049089982426,-0.0002050307750661,0.0001879141495025,0.0001895985538158,0.0001711336291623,-1.1572830375281472e-05,5.5447903784709526e-05,8.719451867361769e-05,-6.566736532394184e-05,0.0001420520629329,1.738100830822614,1.6812640529168734,1.506732744236165,1.278277749399048,1.3716729673990793,1.2348995196089485,1.2024207791533863,1.246236455515526,1.1700671847305857,1.0892828912820107,1.102538239335647,1.0499382713955896,0.233365312218666,0.0795546472072601,4.317936420440674,8.040776252746582,1.4020267724990845,1.088042974472046,22.882413864135746,22.32822036743164,1348.1219482421875,1750.939208984375,15.017171859741213,8.644553184509277,-0.6786518,-0.7276511,-0.74961174,-0.7660938,-0.7514036,-0.7210684,0.08513659,0.09483786,0.07532961,0.06722664,0.06725304,0.07156655,-8.307535,-7.457103,-8.204663,-8.534372,-9.255249,-13.440427,3.4770267,3.6152833,3.5347877,3.4964263,3.422467,2.853669,0.0623959861695766,0.0417394936084747,0.0595478005707263,0.0800178498029708,0.6311534299483033,0.3303636799794713,0.3728962362846743,0.2297970324862106,0.3095563420048099,0.5482536200495609,0.2881455007300276,0.4024893550548713,0.323477008433702,0.5531334784426152,0.4845133659593867,0.3569847868586557,0.2845519792410823,0.2053727395928777,0.2589278614797491,0.1477634328467632,0.1748259409186495,0.2896601580978316,0.1672125190200649,0.262385523096171,0.200082991601804,0.2635852997664022,0.287181666932355,0.1809017560741608,0.6008478403091431,0.1096164211630821,55.528522,0.43254933,11.381454,0.027034333,0.0,0.0,0.13517167,0.0,0.0,0.0,0.0,0.0,0.0,0.0,0.0,1.0273046,0.13517167,0.91916734,0.0,2.7845364,0.027034333,3.2441201,21.33009,3.0278454,0.0,0.0,1.0,0.0,0.0,0.0,0.0,0.0,0.0,0.0,0.0,0.0,0,0.778617262840271,CkE2TpViT6o,0,0,0,0,1,0,0,0,0,0
VW14js5cm2g,3.1586389541625977,-10.13532257080078,6.978011007979515,-0.0111111111111111,62.41519386217289,4.477777777777778,4.256309767804286,0.8857142857142857,1.0,0.6857142857142857,0.4,0.1714285714285714,0.8,0.4,0.6571428571428571,0.3428571428571428,0.6285714285714286,0.8571428571428571,0.8857142857142857,0.0340309850871562,0.0171983055770397,128.5110321044922,129.0,0.4957746267318725,123.0,0.0392670147120952,1.2108057737350464,4.435714721679688,69.09432383767822,29.163692705786183,21.05878857316304,10.238921558011276,6.585480414759794,8.6472093342405,7.775111259816358,3.3427441715249997,0.6791030127651627,-1.0164005564940757,0.9287509830205044,2.5277010023636293,16.44054612538333,13.708392672517236,14.626581564181768,10.793893933431224,11.758192979886031,9.95205397141365,9.974852217787872,9.18555619476419,8.345004840624597,7.831770314290108,7.618771970763757,7.464655034898662,-0.0020610796012425,-0.0005112466437765,-0.0003664450761456,-0.0004931094404525,-0.0003250105059424,-0.0002229806694747,-0.0001861919848555,-1.86823866065724e-05,2.941018992204256e-05,-5.471851564966792e-05,3.706529813544313e-05,0.0001532441694539,1.9720243388997036,1.664121535183619,1.6078014719563245,1.2570307913574086,1.399972928151262,1.2783918583551048,1.2951712813104246,1.2359704342580289,1.1341856820148248,1.1276601906572994,1.0807815724272798,1.0570086712483089,0.2150894552469253,0.0892530232667923,19.92958068847656,25.490976333618164,3.197441339492798,1.7854231595993042,22.052637100219727,25.35063362121582,1345.1552734375,1611.018798828125,15.993555068969728,8.770330429077148,-0.71180236,-0.7304835,-0.75410694,-0.79733026,-0.79361606,-0.79975635,0.07289113,0.09728711,0.0796153,0.0648087,0.06565067,0.047949664,-6.82238,-7.4407864,-8.080807,-8.425967,-8.287015,-10.235581,3.181651,3.1491656,3.110436,3.079022,3.121657,2.8911974,0.0968741923570633,0.0714923664927482,0.0713075026869773,0.0761245638132095,0.6478319475728141,0.4046977438078764,0.532474841425274,0.3769718084941322,0.5580875850083173,0.4105617453129286,0.3674647604898953,0.6284407838760317,0.3009496476999034,0.3947541891070765,0.3539454794660142,0.4538983947691669,0.2273549522185739,0.1698546717341968,0.2402048977846393,0.1711669030889579,0.2488697297103136,0.2149344507046446,0.1844344782504007,0.2628086589636956,0.159630262328385,0.2709653471075102,0.1509890964071319,0.1821950675821518,0.542362630367279,0.1238663271069526,51.54639,8.479382,6.572165,2.2164948,3.8917525,0.25773194,0.18041237,0.12886597,1.1340206,0.077319585,2.2680411,0.0,0.77319586,0.0,0.0,0.38659793,0.0,2.1134021,0.0,2.0876288,0.0,2.371134,6.134021,9.381443,0.0,0.0,1.0,0.0,0.0,0.0,0.0,0.0,0.0,0.0,0.0,0.0,0,0.849658191204071,VW14js5cm2g,0,0,0,0,1,0,0,0,0,0
5NXeAhoXDvs,3.279543399810791,-7.957680702209473,6.175760990273913,-0.0284810126582278,65.86339798551568,3.941455696202532,4.324794913693079,0.6902654867256637,1.0,0.3805309734513274,0.3185840707964602,0.1946902654867256,0.247787610619469,0.2300884955752212,0.1504424778761062,0.3008849557522124,0.3982300884955752,0.7256637168141593,0.9557522123893806,0.0528487376868724,0.0464111305773258,83.67977142333984,83.0,0.2776572704315185,77.0,0.0043196543119847,1.5706079006195068,5.07668399810791,52.86454568094478,24.88821206392618,17.179923435345064,8.968176042725899,7.857488310852541,8.801724444170818,8.565752010526042,6.263925436794701,3.9252136042814953,3.4960851666334687,2.9509151143926244,3.1870176437055564,21.78640781001257,17.947593715709896,17.27169579919389,14.290040384956953,13.954973664499398,11.221083349479343,10.856518585686135,9.697876571521178,9.87434792381224,9.320550479682058,8.881254080375541,8.78144083613729,-0.0004573968714342,-0.0003110719785315,-0.0002127773296742,-0.0001092129473768,-6.558038258633791e-05,-7.242782942824828e-05,-5.90221383727661e-05,-2.5742426526403564e-05,5.027439339263631e-06,2.443243225734144e-05,2.316900452187225e-05,5.316017657139992e-06,3.0106257671070407,2.561496795664568,2.199497743181768,1.818875322394114,1.8106506451793436,1.5789515229252455,1.5586313274007682,1.43600558961435,1.3840745513246644,1.3293913249261704,1.31221484218896,1.2691512302286918,0.2585683465003967,0.1058135479688644,55.89751815795898,111.89942932128906,4.387573719024658,4.005251884460449,22.480960845947266,27.08143615722656,1417.5147705078125,1070.8804931640625,12.528564453125,8.916871070861816,-0.71936077,-0.72280437,-0.736197,-0.78116137,-0.780136,-0.7965747,0.08662032,0.10419001,0.0930147,0.068395935,0.06713332,0.04438878,-6.9374533,-7.339294,-8.252921,-8.452415,-8.140607,-9.9914255,1.5444721,1.5125158,1.5795374,1.5406585,1.5276706,1.5828524,0.1370324194431305,0.1109099090099334,0.084700234234333,0.0743198469281196,0.905471216339398,0.5255626040160314,0.4428772915335414,0.427344146982237,0.4290040414660068,0.4407744806459399,0.3896399326856988,0.438829405584105,0.5468856675401569,0.6420981280735899,0.6710830767205962,0.6664167858074591,0.1482387394013908,0.1939649151182357,0.1868623366482466,0.1844608795151049,0.1756231956388654,0.1964080001068383,0.1786827986859139,0.1604826979811555,0.2150656495704455,0.2437881926308007,0.2504065394582153,0.2331104440291103,0.443416953086853,0.1521883159875869,0.0,0.0,0.0,0.0,0.0,0.0,0.0,0.05566379,0.0,0.0,0.027831895,0.0,0.0,0.0,7.5841913,2.908433,32.925133,0.013915948,0.0,0.0,0.0,10.868355,10.520456,35.09602,0.0,0.0,0.0,0.0,0.0,0.0,0.0,0.0,1.0,0.0,0.0,0.0,1,0.6596346497535706,5NXeAhoXDvs,0,1,0,0,0,0,0,1,0,0
-k1wPvYSrR8,3.088984251022339,-7.787617206573486,4.966881670582248,0.0168539325842696,76.18545572307588,3.925093632958801,3.6301390655769135,0.5955056179775281,0.8876404494382022,0.4044943820224719,0.5280898876404494,0.5168539325842697,0.3033707865168539,0.2696629213483146,0.3932584269662921,0.3707865168539326,0.3932584269662921,0.3370786516853932,1.0,0.0318482927978038,0.0131130423396825,98.63038635253906,99.0,0.1002506017684936,108.0,0.0049875313416123,1.1169463396072388,3.4879016876220703,50.204211276061415,6.340310514908874,11.944850406623484,0.5380003898770761,7.290256495535784,5.928341819506905,12.17288789813776,8.862872205122285,6.330186017919277,3.835502368895449,1.7173420176393774,-2.07929694168661,16.66663012118259,17.678470540357598,15.251608185677313,12.060396551810344,10.997271015540298,9.668101165778047,10.924540330435288,10.11468986386774,9.779758203223924,9.795886526517394,9.120424242321487,8.983441660260112,-0.0001946732514204,-0.0006412704807818,-0.0003559126688078,-0.0005359011493644,-0.0002283156320993,-0.0002969472964296,-0.0001584821234589,-0.0001925974107677,-9.916123722272024e-05,-5.5826889244494646e-05,-0.0001199838963505,-6.989917043351737e-05,1.7177803659956474,1.753048775299365,1.547587465592189,1.384061702988412,1.3543569792382009,1.353853049896488,1.3411650909830577,1.316643458550217,1.2914006329578822,1.2780618500971386,1.220758062098377,1.1981675963207918,0.1255082339048385,0.0573484152555465,8.966340065002441,31.50934410095215,2.0640554428100586,1.6371148824691772,46.889156341552734,24.733509063720703,2252.368896484375,718.6367797851562,28.379901885986328,12.190584182739258,-0.7306829,-0.77068716,-0.7640646,-0.79723924,-0.7969685,-0.73101854,0.06787651,0.08057109,0.0793835,0.047225155,0.042143203,0.05188096,-6.9041233,-6.9767632,-7.114747,-7.2945676,-6.915265,-9.444192,1.4139452,1.4305812,1.4197026,1.3848255,1.3860282,1.4096501,0.0893271788954734,0.0394109636545181,0.1153542920947074,0.0536618679761886,0.7389676021956084,0.5100533452314863,0.4506011546157891,0.5356193207274599,0.4816417097168803,0.5714793308425463,0.3930913964744771,0.4986337062396811,0.3336925613549085,0.3734778702227659,0.518069252953269,0.5494149887119205,0.2424450959730375,0.1913523120350466,0.1990701646660952,0.2575889534811579,0.1958447554334973,0.275121773856723,0.1694599115201176,0.2171375135223846,0.1588193419910656,0.1544579076558228,0.2293779605618287,0.2202792194494075,0.5970596075057983,0.105509266257286,15.719697,4.469697,21.931818,3.560606,1.8560606,1.6666666,0.09469697,0.22727273,0.24621212,0.3409091,0.3219697,0.0,0.719697,0.625,0.7386364,2.5,0.5681818,5.662879,2.7083333,29.35606,3.4469697,0.3030303,2.5757575,0.3598485,0.0,0.0,0.0,0.0,0.0,0.0,0.0,0.0,1.0,0.0,0.0,0.0,0,0.7038920521736145,-k1wPvYSrR8,0,1,1,0,0,0,0,1,0,0
sT0g16_LQaQ,2.9686150550842285,-17.22719955444336,8.216876701269376,0.0797546012269938,68.45715169060395,4.791411042944786,4.483034122274015,0.4426229508196721,1.0,0.6065573770491803,0.3278688524590163,0.1967213114754098,0.4590163934426229,0.180327868852459,0.3770491803278688,0.4098360655737705,0.2786885245901639,0.5573770491803278,0.5081967213114754,0.0354972444474697,0.0145534696057438,109.7288055419922,110.0,0.5541666746139526,115.0,0.0873786434531211,1.0477358102798462,3.0414295196533203,76.70225945505288,8.315043731109528,24.72657726363039,3.41598383684216,0.679047713145086,4.661789100188713,8.499694848581036,8.597854796632877,3.7805318361715834,0.3666619770712958,-0.5056531406638047,-2.616061248611807,14.377556421301144,13.0756833524894,10.279277910190904,9.14884329724783,9.325884764443956,8.963977738191138,7.825024294337856,8.082475672216328,7.776904808913983,7.335704718434117,7.228057183629115,6.88776589615176,-0.0004919579532058,0.0006254188952977,-2.9773143397404744e-05,0.0001845221072182,0.0004028657550469,0.0001096907288682,0.0001238672323727,3.1338815059740095e-05,-6.121311612529471e-05,-7.571174495958436e-05,-0.0001192318773568,-6.404518138430325e-06,1.6137942893455792,1.6430102030387446,1.387298751524402,1.3345995885550237,1.3664444778642928,1.3124513879797264,1.211667797976716,1.2338538675078077,1.1661472061553229,1.1428045536970226,1.119430380632757,1.073522201721967,0.1735120862722396,0.0782457962632179,14.349390983581545,43.487098693847656,2.6174912452697754,2.0236968994140625,28.77147102355957,18.07386779785156,1580.563720703125,986.0654296875,29.519454956054688,11.819477081298828,-0.68281937,-0.77816254,-0.7654772,-0.7963906,-0.8022459,-0.74659014,0.07131094,0.062055368,0.060948417,0.04568701,0.03589384,0.050310858,-6.679484,-6.5989594,-7.251429,-7.3810015,-7.2074428,-10.241945,2.0592685,2.1794927,2.152653,2.1469264,2.1715398,2.0721548,0.0958214104175567,0.0421454906463623,0.0721841156482696,0.0503082983195781,0.7293891084307725,0.4911048608343495,0.4978833033147462,0.357578889085097,0.3563035452358949,0.6278387202529625,0.4325509360632585,0.5131279648295972,0.3851954415303406,0.599702039858625,0.5633735439225414,0.5314151621373233,0.213089552143409,0.160903737463331,0.2337848491756415,0.1385420045907168,0.1329437570781627,0.2583446891205725,0.1586157607989549,0.2214135279820165,0.1415795847335693,0.2391818719127261,0.2461183571484513,0.1857321547329029,0.5919631719589233,0.0974669307470321,66.64853,0.54406965,3.101197,1.0337323,2.883569,0.08161045,2.6387377,1.4961915,2.8019586,0.6528836,0.0,0.0,0.0,0.0,0.13601741,0.843308,0.08161045,2.5027204,0.0,1.1425463,0.0,0.6528836,3.781284,8.977149,1.0,0.0,0.0,0.0,0.0,0.0,0.0,0.0,0.0,0.0,0.0,0.0,0,0.824078381061554,sT0g16_LQaQ,0,0,0,1,0,1,0,0,0,0
QYN7wFk2zYw,6.022895336151123,-8.583883285522461,3.46029260518454,-0.0165094339622641,58.77251126181862,2.5,3.1615317519942647,0.5288461538461539,0.9423076923076924,0.3653846153846153,0.25,0.0961538461538461,0.0673076923076923,0.0961538461538461,0.0384615384615384,0.1153846153846153,0.2019230769230769,0.375,1.0,0.036938939243555,0.0212464518845081,88.08583068847656,88.0,0.1450617313385009,105.0,0.0140845067799091,1.4041316509246826,4.21937894821167,69.78932389650853,26.85921579658905,16.1858283212279,2.3929811015057134,-1.752466446238256,2.615184433133304,0.2544497402166087,2.5011211780277427,3.864010784637227,0.0891728769343997,0.3854071354828278,-0.1791591027830656,23.15987450464949,17.673977579134885,14.66452811276264,15.297384668970508,12.64356662364158,10.451644649596496,10.564597955227194,9.303015994017128,8.878411998653759,8.020487040113698,7.802508118425479,7.150093163151324,0.0001328363593551,-0.0003277315823214,0.0001468714323151,3.3254042864056025e-05,-0.0001499953678836,5.206821852034818e-05,0.0002034559756172,9.554844251527552e-05,-7.695878107450292e-05,1.960267704521653e-05,5.682710955356498e-05,-6.880240124431007e-05,3.1975406411718668,2.31573820020422,2.027175088196824,1.7837634823168889,1.654723099677565,1.5450441221629134,1.536198602065136,1.350576110273975,1.3148344889609498,1.165265238797912,1.131357667242584,1.1245094325687013,0.2658725678920746,0.0825275480747222,14.36434555053711,24.68160629272461,2.3478593826293945,1.8682869672775269,16.6995849609375,20.43003845214844,1003.6682739257812,795.959228515625,10.057543754577637,7.625184535980225,-0.69458556,-0.7435692,-0.76154387,-0.81808823,-0.79173636,-0.7988032,0.08404673,0.10655777,0.09518385,0.05990031,0.06191127,0.045817077,-7.289671,-7.216303,-8.139432,-8.489996,-8.668926,-11.375095,1.5450472,1.5889796,1.493164,1.4374667,1.4678246,1.505714,0.0841762945055961,0.060570154339075,0.0458131991326808,0.0448844544589519,0.6570719463502969,0.5787793108055781,0.5787408638436895,0.4898113364513121,0.65327914919411,0.5463680540874917,0.4530076654861668,0.4627381217698896,0.4055835485299203,0.5183905262002769,0.4610571586498791,0.4953315349320752,0.2278321791923981,0.2109975308253662,0.2320591489811725,0.1901902119267365,0.2376857651571715,0.2247116723264189,0.21056969871845,0.2122228895030283,0.1842875409352567,0.2166720533723195,0.2453394170739289,0.2342594433345513,0.5446823835372925,0.1379438489675521,23.67047,7.174628,0.6768517,3.1328564,1.2763488,0.7928834,2.1852639,2.7074068,13.807775,0.5028041,0.25140205,1.4117192,0.3094179,4.718623,2.2626185,1.218333,0.5994972,0.812222,0.4834655,0.0,0.5028041,3.558306,25.4883,2.4560046,0.0,0.0,0.0,0.0,0.0,0.0,0.0,0.0,0.0,1.0,0.0,0.0,1,0.5871992111206055,QYN7wFk2zYw,0,1,0,0,0,0,1,0,0,0
JdsYkFe_Fgs,3.540130138397217,-18.0614013671875,6.518838303588173,0.0087719298245614,73.82826341782116,5.473684210526316,4.533585892698609,0.7142857142857143,1.0,0.6904761904761905,0.3571428571428571,0.3571428571428571,0.9047619047619048,0.5,0.8333333333333334,0.5476190476190477,0.7380952380952381,0.6666666666666666,0.8333333333333334,0.032851506024599,0.0157199949026107,80.57865142822266,81.0,0.0030121207237243,117.0,0.0143266478553414,1.1255476474761963,2.7655723094940186,55.67062024889344,-7.657103029303546,29.5775825060375,8.067607281339118,5.536414679228887,10.785844542555468,6.9415428050993135,3.085234358999879,-4.571822484624558,-4.693798207058081,-1.8137796757732887,-4.361748689559845,16.467498652829374,17.568835986221377,12.414743537622666,10.734217125125342,9.575014928846253,8.97432995197866,9.467776493874103,8.940337867502766,8.63183498215108,8.3823655694882,7.7286935846494975,7.4592191840636035,-0.0007178536945716,-0.0007094751759023,-0.000385774084856,-0.0002480513865227,-0.0001926392139563,-6.950922123045533e-05,-7.111580685503882e-05,-0.0001443752329611,-7.884207655551529e-05,4.8895386659908925e-06,-0.0001202051040147,-0.000208253624956,1.8088726590434816,1.9618344693840375,1.492905720979708,1.4325608022378016,1.3220468900880322,1.3335218140149148,1.311579130119826,1.2574667302701714,1.261102420090293,1.2105568245466205,1.1861364654289828,1.1367242386345084,0.1522645354270935,0.0707924962043762,9.260625839233398,32.58235168457031,1.831230640411377,1.7624626159667969,42.920597076416016,20.21937561035156,2024.3096923828125,634.9830322265625,27.741071701049805,13.002148628234863,-0.6983985,-0.7663148,-0.76240194,-0.775953,-0.77067435,-0.69816154,0.06955501,0.06382205,0.06195737,0.049187306,0.04600313,0.055203047,-6.94596,-7.0711007,-7.4004955,-7.290557,-7.1484714,-10.756361,0.8829938,0.93381274,1.0556315,1.1520563,1.1537479,1.1135815,0.0878141447901725,0.0434284880757331,0.0833225846290588,0.0337895937263965,0.777197805465115,0.5983188051909487,0.6565245893840531,0.5494652513827968,0.556930661464383,0.6101582363495276,0.5111810893321322,0.639205839359433,0.4089797719876696,0.3403127995350569,0.6740858287003174,0.660559376859679,0.2031438287435847,0.1560337932702488,0.175045347681009,0.1572782679578037,0.1557871099424949,0.1811763772141392,0.1527223016465737,0.2357715570399726,0.1387184682618359,0.1162195053870018,0.2646401655505195,0.1819090060861946,0.5825851559638977,0.1043799445033073,20.775473,6.4201984,17.186655,4.472498,1.7493237,4.147881,0.6492335,10.099189,0.883679,18.485123,2.6330028,1.6411182,0.09017132,0.21641119,0.0,0.0,0.613165,3.7691615,0.12623985,2.1641119,1.4247069,0.0,0.28854823,2.1641119,0.0,0.0,1.0,0.0,0.0,0.0,0.0,0.0,0.0,0.0,0.0,0.0,1,0.7131707072257996,JdsYkFe_Fgs,0,1,0,0,0,0,0,0,0,0
OfO8OZ4R4A8,3.7755303382873535,-9.699918746948242,4.30638334768054,-0.0488997555012225,66.51298658273976,3.9168704156479217,3.4276217257304427,0.3846153846153846,0.6153846153846154,0.8461538461538461,0.3846153846153846,0.2615384615384615,0.5230769230769231,0.2153846153846154,0.6307692307692307,0.2615384615384615,0.4,1.0,0.7692307692307693,0.0429442264139652,0.0256407279521226,129.843994140625,129.0,0.2732049226760864,123.0,0.0118243247270584,1.184361696243286,4.122838497161865,68.41545485333867,8.533637741372969,12.82332996553953,4.093900834318524,6.031958991619744,2.0504194788136525,2.0579623303230736,5.202864804308468,-1.3585369555714106,-0.4147775426572604,2.332913482534528,1.3153451133649392,14.00246843047758,15.323974547741996,12.700665317935924,11.08445049820891,10.779240280173209,9.765787657217846,8.910552536076274,9.265657066407496,8.373536397889396,8.168796489297359,8.653420047333308,7.990530978903696,-0.0004461170468855,-0.0003167398486455,-0.0001623726717252,-3.406923850121521e-05,4.227132200414503e-05,6.711670395545952e-05,5.705508213029991e-05,3.518442495878534e-05,2.305540348968455e-05,3.165974786826715e-05,5.623655645368789e-05,8.150941164693447e-05,1.5738272562896465,1.5731488662061874,1.5225002015677347,1.4229493706253027,1.313132781560538,1.283200788394958,1.1943089246771943,1.1829675620671372,1.123751995118876,1.098327237755434,1.0960238791481227,1.0433932593561823,0.1786319315433502,0.0783513933420181,7.752093315124512,13.818836212158203,2.0030667781829834,1.3624649047851562,29.433273315429688,19.297666549682617,1625.6778564453125,1045.3084716796875,22.67555046081543,12.290403366088867,-0.72548646,-0.7493239,-0.74486333,-0.779557,-0.7913552,-0.77879876,0.07806807,0.077263944,0.0682562,0.054877374,0.0410348,0.045543768,-7.110079,-6.8859034,-7.462931,-7.7263966,-7.69023,-10.345693,2.4059126,2.2342176,2.2025373,2.2015269,2.3311927,2.1687155,0.0843021422624588,0.0543802566826343,0.0752413496375083,0.0564714297652244,0.646375506825879,0.3548016943088695,0.5128628592033397,0.3451699219975584,0.4590901196722006,0.4499565078105723,0.4119247200097278,0.5754961009822264,0.4073697794695256,0.5766288693425353,0.3865192830116881,0.402483166956799,0.2534683193369079,0.1709198425907837,0.2572843964678613,0.1817668887637655,0.2314313235935538,0.2618520991485503,0.1949739883719422,0.2452890799967646,0.1943275372203282,0.2611921582347473,0.1895827917911671,0.2040204177940406,0.5596908926963806,0.1116529330611229,32.602463,0.28672627,4.7225504,0.67465,9.276438,0.0,0.23612751,0.1011975,1.1131725,0.47225502,0.18552876,0.6240513,0.0,0.01686625,0.0,0.7589813,0.38792378,2.546804,1.1975038,0.13493,1.5685613,11.334121,14.741103,17.018047,0.0,0.0,0.0,0.0,0.0,0.0,1.0,0.0,0.0,0.0,0.0,0.0,0,0.7279953956604004,OfO8OZ4R4A8,1,0,0,0,1,0,0,0,1,0
eATaz5LKNHY,4.547392845153809,-16.614429473876953,5.680637896609332,-0.0351288056206089,58.5060022129898,3.4543325526932085,4.1584144780644365,0.3939393939393939,0.6767676767676768,0.5151515151515151,0.1919191919191919,0.3131313131313131,0.1919191919191919,0.0707070707070707,0.1717171717171717,0.1818181818181818,0.1818181818181818,0.4242424242424242,1.0,0.0340245403349399,0.0183578338474035,109.26537322998048,108.0,0.6626794338226318,115.0,0.0565217398107051,1.1570732593536377,4.010032653808594,69.89524745258639,24.815436785379056,27.47253145853963,12.904149159249542,8.525071150951545,6.063508074228408,2.157064508279814,5.225553255696135,4.27150582805889,-1.6136036657081798,0.5919024171503734,-1.7961798803736808,16.672310744368293,16.607321176266673,15.598866389610055,12.15359060643618,11.697428755957988,9.602291437716843,9.06768328819246,9.277041943596386,8.95753427603421,8.96761706875385,8.306695251934384,7.944161776265653,-0.0010739087462379,-0.0005098558480244,-0.0002209387140592,-0.0002870163901726,-0.0001996165141946,0.0001623067432157,-0.000133980650896,-0.0002869877611466,-2.7409441443618088e-05,4.995476109064687e-05,0.0002171106601307,1.958237080350049e-06,1.9263027308792309,1.5463028877788727,1.3598202170084033,1.2887469362911648,1.2233509827564226,1.1481188144933931,1.131048074319067,1.1111673668888895,1.0564857970892043,1.054973350813546,0.997873888835102,0.988060957211984,0.2152043730020523,0.0683204904198646,24.88372611999512,30.997194290161133,3.484039545059204,2.399263381958008,20.82941436767578,20.3649845123291,1297.8555908203125,1297.2421875,13.34310817718506,8.699112892150879,-0.676064,-0.7374118,-0.7408025,-0.75771403,-0.7718618,-0.77934253,0.07733622,0.107630506,0.09902533,0.08045912,0.06550336,0.039226346,-6.988915,-7.480956,-8.428581,-8.586705,-8.302277,-10.48714,2.564935,2.5062797,2.4207592,2.3954937,2.4489212,2.2374802,0.0705806612968444,0.045695774257183,0.0629220977425575,0.0598735064268112,0.6409426564573398,0.3456051829461242,0.3245244872313212,0.3966353181858166,0.3611692920446073,0.4269090176355448,0.3071041293357058,0.4634688181226017,0.3194146601835584,0.3472088163364105,0.4882258580527528,0.4167224340786531,0.2916749374720649,0.2051616240900544,0.1839088150920458,0.2562924729999732,0.2236646433366829,0.2977157504959513,0.1945099331844574,0.248713525975998,0.1915679103050625,0.2156174928675842,0.2733465907397721,0.2103372570062992,0.5362551808357239,0.110141135752201,8.264614,1.062855,18.416712,5.29595,12.516034,2.8770387,0.80630386,0.78797877,0.0,0.0,0.0,0.05497526,0.5680777,1.9241341,0.2932014,1.704233,0.2565512,1.466007,2.327286,10.042148,10.830127,16.620853,3.5184166,0.36650175,0.0,0.0,0.0,0.0,0.0,0.0,0.0,0.0,0.0,0.0,0.0,1.0,0,0.713017463684082,eATaz5LKNHY,1,0,0,0,0,0,0,0,0,0
cwsHYO0uZHc,4.63252067565918,-7.875921249389648,4.983500674928041,0.009090909090909,67.86706797090538,3.3424242424242423,3.1853386008141347,0.6744186046511628,0.9534883720930232,0.9069767441860463,0.6744186046511628,0.4418604651162791,0.4418604651162791,0.1627906976744186,0.4186046511627907,0.3023255813953488,1.0,0.8372093023255814,0.8604651162790697,0.0420964024960994,0.0163504276424646,82.67330169677734,83.0,0.0320000052452087,89.0,0.0234375,1.1507720947265625,4.088582992553711,65.67961214856375,13.869458894989442,6.776361209488838,4.807948769446442,3.9261211065402977,4.279665506416575,4.534378630485818,3.21025920499726,-2.4378979335248667,1.0431589694418824,2.6203253129611137,1.19835162076875,21.214971626096396,22.7524225304985,16.74527428619445,14.026241138213615,13.23884407354814,11.554743987444803,11.154419681010395,10.007945766789776,10.618591601620814,10.432957196321375,10.174137395824811,9.535241232448534,-0.0006562879523343,-0.0004745495215624,-0.0002297230736684,-8.495372249934294e-05,-1.161439118299486e-05,-2.6209595648846435e-05,8.45820613083004e-05,0.0001396433352602,4.4413019769455566e-05,3.549568155598965e-05,6.609894123685329e-05,0.0001496493843016,1.988062360089625,1.9402642526213192,1.7596145918111965,1.5462787040051424,1.5150027665420112,1.3766184090142797,1.3417619359200808,1.2998460747733305,1.2971514351890474,1.288123668193274,1.2432089069811945,1.2256273423685204,0.1937288790941238,0.0842036753892898,19.899938583374023,53.68431854248047,2.6298954486846924,2.471980333328247,25.799301147460938,23.89168739318848,1334.1712646484375,698.650390625,14.144930839538574,9.77746868133545,-0.72154415,-0.72986126,-0.7218161,-0.7720564,-0.79410785,-0.80248886,0.080829,0.086483575,0.09318102,0.061144564,0.04265112,0.03761722,-7.200329,-7.2285953,-7.792887,-8.226032,-8.097007,-9.915291,1.1420608,1.1393609,1.2125285,1.298147,1.3610448,1.4699765,0.0834629759192466,0.0569529235363006,0.0986935198307037,0.0662545338273048,0.6448480051629216,0.4132691083666733,0.4724446608261533,0.4168831115455126,0.4082343118358335,0.5180389343983746,0.3109786946316468,0.5965205215622564,0.5096221174314873,0.5443612897061494,0.4987100485808114,0.4569506257636415,0.2688762743381251,0.2251908677462591,0.2532876343760682,0.2482368304162831,0.2134748569096058,0.2735860463435241,0.186637283286644,0.2682016144592593,0.2621222824834959,0.2564470164676292,0.2470755057476854,0.229846633388579,0.532088577747345,0.1292292326688766,35.16129,7.4441686,11.538462,1.2158809,1.885856,0.049627792,0.34739456,0.0,0.074441686,0.12406948,1.5880893,0.0,0.0,0.0,0.0,0.9677419,1.662531,9.1067,0.22332506,10.248139,3.2754343,6.7493796,1.4640199,6.8734493,0.0,0.0,0.0,0.0,0.0,0.0,0.0,0.0,0.0,0.0,1.0,0.0,0,0.8456688523292542,cwsHYO0uZHc,1,0,0,0,0,0,0,0,0,0
n3sXkgjuUBo,9.026798248291016,-9.90941047668457,8.16971971132399,0.0067567567567567,61.86771634758753,4.702702702702703,4.988445378070477,0.620253164556962,1.0,0.4683544303797468,0.2658227848101265,0.3037974683544304,0.3037974683544304,0.3291139240506329,0.3291139240506329,0.3291139240506329,0.379746835443038,0.430379746835443,0.8607594936708861,0.0541311353445053,0.0503420978784561,172.2654571533203,172.0,0.0,178.0,0.182089552283287,1.3154224157333374,4.6639604568481445,36.49060252435704,15.858929068960158,10.579729436929124,5.610050593062769,2.786464767575491,2.4281446465130747,1.880899191791173,1.2810896390440163,1.3479344941753084,1.6942645547382509,1.2008341397332876,0.6013039710094816,18.373233205353184,14.517761056205376,14.948075953259591,12.000188948670573,10.151018887745112,9.498857203158016,8.822552302349484,8.254591769301248,8.438348377390893,7.300294834342243,7.134698792084834,7.089410039088268,-0.0005589600055744,-0.000735016017018,-0.0007417544764782,-0.0005317852537861,-0.0002368455702608,-0.0001812910782964,-0.0001978109069746,-5.6821104941614863e-05,5.989249986903486e-05,0.0001248423525542,9.99493614950633e-05,1.909776239539227e-05,2.402572003664204,1.8008523455745882,1.8078417690458817,1.4932745606588371,1.332934570765789,1.2885060948308913,1.2269964073672046,1.151705800238259,1.1434121355223867,1.0565988431099824,1.0169392858838455,1.0352053391297305,0.222893476486206,0.1070163249969482,31.55233383178711,82.70703125,3.1327056884765625,3.3302669525146484,28.443099975585938,34.188087463378906,1668.2523193359375,1077.8111572265625,10.785696029663086,11.101436614990234,-0.6895708,-0.72631204,-0.7655066,-0.8002806,-0.80173147,-0.78210914,0.104704335,0.1291382,0.1093607,0.079762034,0.0641758,0.056079708,-8.947047,-8.383133,-8.726284,-8.90914,-8.689565,-10.905489,3.0379603,2.226908,1.9903316,2.0253959,2.0894775,2.0845003,0.0860481709241867,0.0798965990543365,0.0985190868377685,0.1132421419024467,0.6535342628832064,0.602409963145458,0.5226652134695206,0.5432261513946042,0.6245027780176596,0.5403189530514094,0.4970633610736105,0.463468088490746,0.4661384251287649,0.4407798963461455,0.4081151327613835,0.6181953553515217,0.2493161012049237,0.2413569742639767,0.2336778126424961,0.2391755441214323,0.2411445874471493,0.2417383435913564,0.2467793390711723,0.2219427944730968,0.2250660770164043,0.239405403887565,0.2064924265902288,0.2502133836202093,0.5381320714950562,0.1918210089206695,17.63884,5.012225,0.55885434,0.62871116,0.85574573,3.5277681,1.5543137,9.221097,7.823961,3.1959484,2.5672371,0.43660495,0.12224939,0.62871116,1.7638841,2.5148447,3.5452323,10.775411,3.4055188,0.9779951,1.0129235,0.55885434,8.749563,12.923507,0.0,0.0,0.0,0.0,0.0,1.0,0.0,0.0,0.0,0.0,0.0,0.0,1,0.6892821192741394,n3sXkgjuUBo,0,1,0,0,0,0,0,0,0,1
DgL9z9H8wI8,6.452996253967285,-10.490182876586914,6.614449514751384,0.0268456375838926,59.05496495055944,4.429530201342282,4.211290407153511,0.4915254237288136,0.5084745762711864,1.0,0.2033898305084746,0.1864406779661017,0.4406779661016949,0.0847457627118644,0.6779661016949152,0.2372881355932203,0.2203389830508474,0.6779661016949152,0.3220338983050847,0.0250948015600442,0.0214670654386281,161.6667022705078,161.0,0.3485576510429382,105.0,0.0709342584013938,0.9583669304847716,2.813330173492432,63.59343050735531,16.881868492393043,14.16387765272741,11.147504810223598,2.3384126762998148,0.6083121868873903,0.113886120917594,-2.683883932188607,-2.1812048100549397,-0.2414767999225182,2.007635072128506,0.9509801133690516,16.321741447729348,13.055890249641369,14.329097368846911,10.663125358622269,11.22256055311235,9.16832903690258,8.285447272815073,8.982700419488935,8.52021586218485,7.734174571066932,8.054973046746865,7.771093986257238,-0.0002001998625077,-4.613689615825272e-05,5.973064714625173e-05,8.656369222526033e-05,8.93615221379295e-05,0.0001030377912175,0.0001097146406082,8.594751822926568e-05,3.431839406108348e-05,-1.94194213331864e-05,-3.838974606370877e-05,-3.552169409126913e-06,1.2415743448761738,1.195293222567268,1.176916183972298,1.016465806809734,1.0843457393205074,0.996055733934246,0.9649669385724656,0.9322045571644828,0.9241245036922174,0.8790755347635497,0.9005934072410042,0.8566658412434566,0.2081015706062317,0.0928193777799606,9.304794311523438,13.8568696975708,2.120558977127075,1.429641842842102,22.927114486694336,19.552722930908203,1143.0816650390625,616.8828125,14.642400741577148,9.480317115783691,-0.7158727,-0.72527695,-0.73508924,-0.7703132,-0.78613746,-0.78101104,0.07814735,0.08754272,0.074739054,0.0649762,0.05896697,0.046441566,-7.204889,-7.2594213,-8.219245,-8.411954,-8.570112,-10.878852,1.6713188,1.583723,1.5852742,1.7745925,1.8643925,2.0040233,0.0558774769306182,0.0420655645430088,0.0651614591479301,0.0683215260505676,0.6654021456467627,0.2779218180827543,0.3975788049501234,0.2408449032718836,0.3776658508423633,0.4412703538262009,0.2007248168888855,0.5514914746934872,0.2215233725555525,0.4045733342061706,0.1973227469678452,0.3355143413845103,0.2941782440173156,0.1776061927140378,0.2643127503624109,0.1703971390918496,0.2603418083730096,0.304162578642937,0.1399964617354682,0.2873853881603068,0.1448528137641762,0.2426301894364315,0.1390202436819413,0.2072365302273066,0.5770748257637024,0.1091096550226211,33.720245,4.898682,11.489278,0.15738738,0.60987604,0.0,0.019673422,0.15738738,0.43281525,0.07869369,0.059020262,0.0,0.0,0.0,0.0,0.31477475,0.0,3.5215423,0.0,0.6688963,0.15738738,4.564234,32.225063,6.925044,0.0,0.0,0.0,0.0,0.0,0.0,0.0,0.0,0.0,0.0,1.0,0.0,0,0.8331551551818848,DgL9z9H8wI8,1,0,0,0,0,0,0,0,0,0
c2HYtDOQD-c,3.94397497177124,-8.087484359741211,8.19431265175194,0.0181451612903225,62.07537543066039,4.9375,4.876925281528609,0.7934782608695652,1.0,0.6195652173913043,0.3043478260869565,0.25,0.1956521739130435,0.1195652173913043,0.3152173913043478,0.0652173913043478,0.4239130434782608,0.4456521739130434,0.8586956521739131,0.1018603444099426,0.0871337875723838,82.48603057861328,82.0,0.0,0.0,0.0,1.342909812927246,4.53951358795166,46.40770861827055,22.648761649552128,18.189189326142404,14.653445303207986,10.49399552706381,8.760016341258883,3.972603356978841,3.93970864329448,5.312425156166541,5.474512880078883,5.450899183009746,5.91337314867157,22.93705971674701,17.02354537533416,15.791455355721782,12.98678311838556,11.615585679841724,11.53113615686826,10.769497914115613,10.227268768866567,9.80502416788586,9.292950426501752,8.835414949701017,8.705566918034972,-0.0002463647407919,-0.0001232686919486,-0.0001357312411938,-3.83640594137826e-05,1.9308146165716983e-05,2.1455007144537597e-05,2.2708263573833132e-05,3.0205783404581355e-05,-1.0098678716454483e-06,-2.3733969552350692e-05,6.911805331307003e-06,-2.3197680649754344e-05,2.7738746258251563,2.195997139991884,1.9208434930085565,1.6103311919430738,1.4186795164191617,1.4168482296563627,1.3830817238757382,1.4015755111051171,1.348626599638524,1.259141749492108,1.1816756851615515,1.135047121959118,0.2861464619636535,0.1269475668668747,83.73501586914062,148.8851318359375,5.649967193603516,4.951088905334473,19.15775489807129,26.21294403076172,1455.5938720703125,973.4016723632812,13.206025123596191,10.67327880859375,-0.689991,-0.71410996,-0.7714487,-0.7854454,-0.7651774,-0.79618114,0.07695528,0.110361084,0.07896459,0.05753982,0.05749064,0.051602464,-7.2053275,-7.5816417,-8.119259,-8.244734,-8.141183,-10.158907,1.4310826,1.5276461,1.5147489,1.4003248,1.3092119,1.6873494,0.1121781170368194,0.1026483699679374,0.0560750886797905,0.0584395751357078,0.7267127918163405,0.624930536781442,0.6047396762500151,0.5732214292334059,0.6465387167047257,0.559893627819417,0.4870810004899636,0.4120663613811962,0.4456523865956643,0.461259499645129,0.3383869790440114,0.7204210417213271,0.2745721594329242,0.2361835741319429,0.2179962269284197,0.2148793130788441,0.2027618050723881,0.2161180733167952,0.2076934225727073,0.1905879221650307,0.2034307029948354,0.2282724351134522,0.1580208598930464,0.2711658476650302,0.3796645104885101,0.2102737873792648,24.690971,0.0,0.06258801,1.5647004,0.0,0.0,0.0,0.0,0.0,0.0,0.0,0.12517603,0.20341104,0.34423408,0.0,6.3057423,3.9117508,56.923798,0.0,0.4224691,0.0,0.0,3.770928,1.6742294,0.0,0.0,0.0,1.0,0.0,0.0,0.0,0.0,0.0,0.0,0.0,0.0,1,0.648887038230896,c2HYtDOQD-c,0,1,0,0,0,0,0,1,0,1
bCvKAVztmr4,5.243057727813721,-17.36041831970215,4.849545630229004,-0.0753623188405797,60.52716192470177,3.4840579710144928,3.345844196603259,0.4385964912280701,0.5964912280701754,0.5263157894736842,0.5263157894736842,0.3684210526315789,0.6140350877192983,0.1403508771929824,0.3859649122807017,0.3859649122807017,0.3508771929824561,0.7192982456140351,1.0,0.0188956949859857,0.0194721892476081,128.8718719482422,129.0,0.5785123705863953,123.0,0.0739436596632003,0.9457815885543824,2.10205078125,62.60770109828052,33.031974689371815,21.62123591945367,12.032142001412184,5.13058302665747,4.101584015058446,2.9117524435591022,-0.375808387030913,-1.9524539473912572,-3.843201075905615,-6.661185036553727,-6.917847622675065,17.47077608479735,11.702072204647118,11.42748666201307,8.507061818900073,8.811332786903954,7.374217513180503,7.742486272373156,7.659083975895959,7.032323742239901,7.212436340564409,7.131826911479238,7.307739987447714,-0.0004986980156104,-0.0002220086338543,-7.644892418478204e-05,-5.7015988113732345e-05,-4.327413550798232e-05,-4.461977162201049e-06,4.645252783769792e-05,8.993122658596352e-05,9.183017828878588e-05,7.736784178182525e-05,0.0001071560775176,0.0001478496567413,1.384209517369061,1.0786240567887733,1.09088557850894,0.980613541960387,0.9826181921053264,0.9011652494712564,0.9219336239709436,0.9286495612283152,0.8650952754437219,0.8616310289507177,0.8231710766660765,0.7968846171439598,0.2640277445316314,0.0797219052910804,30.793834686279297,43.220550537109375,3.550542116165161,2.250782012939453,16.024768829345703,27.995031356811523,885.4805908203125,1294.0728759765625,8.998809814453125,4.648967742919922,-0.6483596,-0.72427565,-0.7300436,-0.7804669,-0.77831215,-0.80617356,0.10595846,0.080812424,0.072387055,0.0504269,0.04654739,0.035191186,-7.3791256,-7.7929125,-8.758466,-8.97101,-9.105592,-11.512005,2.280039,2.2699206,2.1760435,2.1469874,2.200606,2.1798809,0.0443238988518714,0.0354635529220104,0.0455355383455753,0.0665396228432655,0.5220935708119455,0.1920639920001504,0.3679633199578876,0.1679967761797375,0.3425234475293952,0.3557054338389642,0.1887649529626274,0.3699834048598739,0.1731158582553583,0.4373509595510051,0.2354352268466576,0.3326404592448403,0.3017278105746933,0.1642886406061833,0.2833436004026146,0.1608037102573084,0.257162580329441,0.2790804663009144,0.1431844477577811,0.2733375632496244,0.1352243349148954,0.2911435507031836,0.1740166530816233,0.2299936547254273,0.5067134499549866,0.1307403147220611,16.289747,15.864649,18.364223,8.774018,3.2817547,0.22105084,12.140793,0.0,0.6461486,0.98622686,0.9692229,0.0,0.13603128,0.0,0.0,0.0,0.0,3.1627274,0.10202347,7.498725,1.2242815,0.0,0.03400782,10.30437,0.0,1.0,0.0,0.0,0.0,0.0,0.0,0.0,0.0,0.0,0.0,0.0,0,0.809564471244812,bCvKAVztmr4,1,0,0,0,0,0,0,0,0,0
0ctI6BZErrg,2.51820969581604,-11.121499061584473,3.6460317080711975,-0.0450704225352112,79.07422553561076,3.4140845070422534,3.185411100656005,0.3823529411764705,0.8088235294117647,0.3088235294117647,0.1911764705882352,0.4411764705882353,0.2352941176470588,0.3382352941176471,0.3970588235294117,0.3970588235294117,0.25,0.4705882352941176,1.0,0.0433376058936119,0.0193728394806385,143.32766723632812,144.0,0.5959183573722839,136.0,0.1281249970197677,1.4594272375106812,3.8984107971191406,52.842821089526666,13.224193016976242,20.13634583111345,10.346683715359426,13.648709794373383,14.22867069016307,15.131869099230672,11.142794738693372,8.376898765913715,5.169683678803855,0.7099912827498929,3.0178593572305377,20.196697036262428,16.77040085168325,16.83190994567578,14.17127711351641,12.640229894871233,12.475543763329664,9.47429462756551,8.85880423503443,8.160962410999872,7.60585793633018,7.627465523974404,7.241003058721333,-0.0004003720191177,0.000217174386797,0.0001876614696962,0.0004711735763089,-0.0001219258443406,0.0001503875291254,4.289753980892577e-05,9.149652287926488e-05,6.30105015197949e-05,-8.063642092408475e-05,3.654122369831101e-05,1.7716324848867737e-05,3.0855528057782826,2.4356617799202622,2.3049067266369714,1.878210375735966,1.855533568435704,1.7866419144594747,1.4870843921689474,1.4490210888539663,1.4303448815417914,1.3122462808240618,1.2873734579301068,1.239585038915805,0.1778006702661514,0.0708046704530716,26.99659538269043,50.52842712402344,3.7887043952941895,2.7322473526000977,32.01504898071289,25.79891586303711,2018.9130859375,743.8399658203125,23.29030036926269,12.242950439453123,-0.74782383,-0.8041496,-0.7816311,-0.8099158,-0.79819167,-0.7602648,0.06722791,0.06027691,0.06795547,0.041329652,0.029020995,0.032582577,-6.377192,-7.012038,-7.267093,-7.3514905,-7.01463,-9.305277,0.8694405,0.94633573,1.1163156,0.98001635,0.930238,0.9372048,0.1291786432266235,0.0656477510929107,0.096298299729824,0.0540118776261806,0.8238892807495883,0.793644392196084,0.7001147851636831,0.5459966089604439,0.4587968307684225,0.4914139618791543,0.5740481909372703,0.5040223045679919,0.4923962406164203,0.4360041097478093,0.4950553786907646,0.8199415405940925,0.1539308039642331,0.1665434612363545,0.1681730812488778,0.1387495906852718,0.1345847313519293,0.1555469161373361,0.1595035230148333,0.1433250663937542,0.1347560855781117,0.1241316760454468,0.1802557332275035,0.1684952854344593,0.5364548563957214,0.1169191673398017,2.6971662,0.0,0.0,0.0,5.257767,10.378969,1.2632297,3.3117106,6.8624105,18.094913,7.545237,0.23898941,0.6145442,0.034141347,0.0,8.12564,1.3997952,0.10242403,0.0,0.0,0.0,2.0484807,30.044384,1.980198,1.0,0.0,0.0,0.0,0.0,0.0,0.0,0.0,0.0,0.0,0.0,0.0,0,0.5434494018554688,0ctI6BZErrg,0,1,1,0,0,0,1,0,0,0
6bTxQRw8HNQ,4.160934925079346,-7.812527656555176,7.790428648705358,-0.0255591054313099,70.74237954768927,3.7827476038338657,3.971635388393666,0.6,0.8181818181818182,0.6545454545454545,0.3636363636363636,0.2545454545454545,0.1636363636363636,0.1818181818181818,0.2727272727272727,0.3454545454545454,0.3636363636363636,0.6727272727272727,1.0,0.0425973013043403,0.0243940576910972,161.53155517578125,161.0,0.2994269132614136,167.0,0.00424929196015,1.059981107711792,4.819223880767822,65.88360518662836,14.046062397832484,17.3125210191552,8.829469045308235,12.372032986640724,10.323944927184607,7.043786492269402,0.6838701561356088,-6.185167836917834,1.500193733779823,7.832063553431089,5.587266850067366,15.925320995204627,12.215491332102069,10.360081922999155,10.310573081897266,10.434587811529711,11.232284519397684,9.315494631247406,9.30339788818574,9.933667784062678,7.748450545494509,8.886100396886699,8.265779256322242,8.493461434072902e-06,-1.9667532786546208e-05,-9.342895218788662e-06,-0.0001461594792217,-0.0001755488313972,-0.0001222523151466,-0.0001723518856548,-1.6782785664429833e-06,2.628706857164388e-07,4.333867605748147e-06,0.0001389940763378,8.603970000104848e-05,1.9403414567324653,1.444883110967428,1.3620855129109322,1.2887684458891089,1.306553983260475,1.3487011965386262,1.2197994002722128,1.1741896135002088,1.2273390148628196,1.1070940541948115,1.1084666673337893,1.1069742722729732,0.1989727467298507,0.0823393613100051,19.150474548339844,47.07175064086914,2.8392224311828613,2.396629571914673,28.55986213684082,26.494762420654297,1561.01708984375,794.4434204101562,17.712526321411133,11.028943061828612,-0.73717767,-0.78377664,-0.74556196,-0.8063795,-0.81056464,-0.7705253,0.08336307,0.064447656,0.09797689,0.04861232,0.03315712,0.035854578,-6.748225,-6.960668,-7.5762095,-7.7143083,-7.5020976,-10.0621195,1.3474529,1.2244959,1.2113312,1.20299,1.1893408,1.2872175,0.078470766544342,0.042441502213478,0.0703987851738929,0.0561842285096645,0.709679975817758,0.5305846481683092,0.5460064413364903,0.4283486594653357,0.5474040044358182,0.403497897905251,0.3546162967851403,0.4273021136588894,0.4135126523009788,0.6622945642268898,0.3769778663805008,0.4395015668717221,0.2394120073877131,0.1828054183374114,0.2479478970862485,0.1696013337811759,0.2572369118700272,0.166157543846301,0.1386952587118444,0.1830407618310848,0.1670775562533941,0.2487977842221817,0.1643676718149416,0.210403572902381,0.4942911863327026,0.1359930634498596,52.75109,6.5676856,1.8689957,1.8165939,0.0349345,0.8558952,1.2751092,3.3187773,0.08733624,3.580786,0.01746725,0.052401748,0.01746725,0.0,0.01746725,0.139738,1.3624455,2.5152838,1.7117904,0.9781659,0.0,0.45414847,11.68559,8.89083,0.0,0.0,0.0,0.0,0.0,0.0,0.0,0.0,0.0,1.0,0.0,0.0,1,0.6462187767028809,6bTxQRw8HNQ,0,1,0,1,0,0,0,0,0,0
5HOfaSSIVcE,3.9189858436584473,-11.91840362548828,4.802369075821549,-0.0319634703196347,66.67651768816424,3.4337899543379,2.93521366233398,0.3924050632911392,0.430379746835443,1.0,0.5316455696202531,0.1265822784810126,0.3544303797468354,0.050632911392405,0.5316455696202531,0.189873417721519,0.379746835443038,0.9240506329113924,0.6329113924050633,0.0316826030611991,0.0221818070858716,164.1226806640625,167.0,0.0,161.0,0.4780293107032776,1.1124716997146606,4.2318644523620605,78.21478080787,19.154130110744426,9.27880178135199,6.135898446534105,-2.2124545618880496,-2.7075855529467185,2.3520464282623874,3.31696750851913,-2.1126409056113187,-3.869593518097288,-0.9855899700392742,0.3353588416054863,12.74507371614103,15.543603304238278,10.867127752821228,9.333771837242688,8.969746146443967,8.739223498369986,8.441631779647649,8.125532386619254,8.023885226116594,8.256629985480943,8.03166460555421,7.808097264483743,-0.0002338735145136,-0.0001807736323075,-9.705111225029836e-05,2.3678620347854787e-05,0.0001071972011825,0.0001385846483687,0.0001515078650478,0.0001025439272384,1.3611120030244408e-05,-2.6086225039008724e-06,4.037731018238375e-05,5.495566160429637e-05,1.4271415436739343,1.752821808635157,1.3373714283093423,1.242052200291733,1.1648939659122732,1.140451556910156,1.1264484901225609,1.0702585930009796,1.058452195492834,1.0728704286266797,1.0285916895717555,1.0122463351308912,0.201650321483612,0.0690872892737388,10.97804069519043,15.717569351196287,2.231421947479248,1.3829621076583862,19.806528091430664,13.413755416870115,1066.4456787109375,497.3309326171875,16.187562942504883,8.200675010681152,-0.71542066,-0.74131393,-0.7525415,-0.78614706,-0.8067791,-0.78327996,0.07299782,0.07157027,0.06275668,0.05710772,0.04295495,0.03896834,-6.81038,-6.566236,-7.4181867,-7.7819214,-8.022468,-10.295672,0.9435372,0.8819141,0.9716146,0.99768466,0.96871,1.0893368,0.0747950226068496,0.0432161577045917,0.052666924893856,0.029528871178627,0.7607307821731749,0.4012679915720281,0.6354703485035457,0.458867788953842,0.3690937618251635,0.3878079888084492,0.2767265236560732,0.4781176875408085,0.290243071902913,0.3261052182678827,0.3056017164851903,0.3665776877152881,0.1820926187969608,0.1765626479946465,0.222414912187446,0.2236534685716075,0.1923857346843056,0.2281607407867239,0.1456782456338947,0.211729239149294,0.1668676699472379,0.1620903367292772,0.1754784828819738,0.1922536131740232,0.5533753037452698,0.1319207102060318,22.013853,2.4835277,23.669538,6.2848454,8.160162,4.240581,1.6556851,6.031424,0.0,5.997635,0.0,2.8045278,0.5575266,0.70957935,0.0,0.0,0.0,0.23652644,0.06757899,0.0,0.0,0.0,3.3789492,11.708058,0.0,1.0,0.0,0.0,0.0,0.0,0.0,0.0,0.0,0.0,0.0,0.0,1,0.62823885679245,5HOfaSSIVcE,0,1,0,0,0,1,0,0,0,0
_xA-Z3IzP-M,3.0834760665893555,-10.795143127441406,7.849565491635117,0.0373831775700934,71.85996326905418,5.311526479750778,5.315834030453732,0.5454545454545454,1.0,0.5272727272727272,0.4545454545454545,0.2545454545454545,0.2909090909090909,0.3454545454545454,0.5454545454545454,0.3636363636363636,0.3818181818181818,0.4727272727272727,0.6545454545454545,0.0490889400243759,0.0387258417904377,93.04537200927734,92.0,0.4853333234786987,123.0,0.0104712042957544,1.191788911819458,4.240034580230713,41.16138011143882,6.959134927496465,18.578674150186288,19.95089531486355,12.94313815000257,13.76283780988918,15.16820197806448,11.6450371955714,7.506560837028581,6.107117855346769,6.9431719966007135,2.875433777307323,17.82662395207406,19.56243770387508,15.134366681436536,11.805968571618283,10.90639841146557,10.215417542342696,9.431189316071787,8.567657654318845,7.620451206755879,7.7694656945358815,7.552378354670928,7.435644660105061,-0.0002037118654809,0.0004008205600199,0.000314911812716,0.0002669912188092,0.0002373567766589,0.0002680682513695,0.0002842930131418,0.0002051656122293,0.0001259033345371,8.739967577080046e-05,5.914495199674239e-05,9.005117831256378e-05,2.8125192333347333,2.464903109985024,1.8660743397703408,1.3873013843220237,1.357678263139516,1.2716451719260908,1.1815701345628922,1.1466271834658734,1.019256150639562,1.0119019331699382,1.0060991224134963,1.013096255104126,0.2274790853261947,0.108966514468193,42.7259521484375,91.0193862915039,4.226417064666748,3.7490391731262207,28.48171806335449,29.35039329528809,1699.3251953125,882.8333740234375,16.985572814941406,9.806764602661133,-0.7017338,-0.742305,-0.6961177,-0.7241165,-0.76184773,-0.77395016,0.07247812,0.08854803,0.08486568,0.06477542,0.052316535,0.030087281,-7.020962,-8.011599,-8.373537,-8.0300665,-7.899136,-10.184284,1.1672364,1.247698,1.1955876,1.0475938,1.164472,1.2989757,0.094736061990261,0.0894885882735252,0.0623532608151435,0.0516246519982814,0.8730547452785089,0.7438168223879174,0.3951600819955753,0.3288867714256642,0.2546459473379672,0.3264675108251272,0.3166051223490612,0.3796743688902249,0.4615291405550147,0.4213218362198905,0.3485575364227506,0.4230551977651587,0.2013147104076991,0.1533996169119019,0.2161565560000152,0.1973920764987548,0.1581654501184298,0.1967222052697748,0.2039876681953542,0.2331858826977511,0.2831088368147852,0.2891830646292572,0.2399747800514831,0.2399482941213424,0.4305789172649383,0.1586606502532959,30.190458,10.616632,6.2040353,0.0,0.150858,0.0,0.0,8.410334,1.0748633,30.624174,3.1303036,1.9045823,0.16971526,0.0,2.7343013,0.0,0.226287,1.9988686,0.01885725,0.01885725,0.0,0.32057327,0.3394305,1.8668678,0.0,0.0,0.0,0.0,0.0,0.0,1.0,0.0,0.0,0.0,0.0,0.0,1,0.6825090646743774,_xA-Z3IzP-M,0,1,0,0,0,0,0,1,0,0
1kyGgx7N8gI,4.560539245605469,-13.721689224243164,7.433252581786568,0.0049140049140049,61.93395642034682,4.184275184275184,4.147519125011069,0.6103896103896104,0.4545454545454545,0.8571428571428571,0.3246753246753247,0.2077922077922078,0.5454545454545454,0.0779220779220779,0.3636363636363636,0.1038961038961039,0.2987012987012987,1.0,0.4415584415584415,0.0371431224048137,0.0228917635977268,129.24288940429688,129.0,0.2445255517959594,123.0,0.0117647061124444,1.1136871576309204,3.5760483741760254,73.1727605579192,13.15890783624707,12.888758930055443,14.221643440066469,10.980313849178854,4.670258883895697,3.1512096412547974,4.733833911994852,4.520110430359789,4.108234133914698,4.033335733668093,2.547209822465499,15.335539267690166,13.249164275113396,12.84169498505804,12.522000031446211,9.941952090771997,9.501847780088276,9.092303590868257,9.2709597488804,8.696606122010225,7.458414709903449,7.594400437109207,7.923109688638071,-0.0013501703431631,-0.0003352985173703,-0.0001889168886825,-0.000295462012857,-0.0002882644111875,-0.0001713679837999,-9.308225764475576e-05,1.806882564635997e-05,1.4351003574488933e-05,8.819855265778248e-07,-8.072445087020356e-06,-3.066750252154133e-05,1.4173016482222078,1.3056985318701029,1.360822527725072,1.2293511777973822,1.1856294553695252,1.1821438395645807,1.0964732215869764,1.0470908907381724,1.048159598155082,0.9852778067855632,0.9817785127448946,0.9738886162203664,0.2145352810621261,0.0686505287885665,11.800370216369627,20.37602806091309,2.458946943283081,1.5455418825149536,21.508708953857425,15.329317092895508,1229.4964599609375,638.7591552734375,17.217832565307617,9.10490608215332,-0.7395812,-0.7465943,-0.75285786,-0.76874804,-0.7914293,-0.7594299,0.060240783,0.08865963,0.07345933,0.05918183,0.048622515,0.04300844,-6.646516,-7.0043354,-7.6663213,-7.9071016,-8.029082,-10.724376,1.4449072,1.4295858,1.4589278,1.4219027,1.4418705,1.3681333,0.0700640380382537,0.0510685965418815,0.0504597388207912,0.0424240455031394,0.5849063472131909,0.2804817601233056,0.4057952374686305,0.295373277189255,0.2985412998874364,0.5308179167312769,0.2042109525845852,0.3392182855744683,0.2822222909550092,0.4417382440029492,0.4675625836930866,0.2990005764301489,0.2965346091316148,0.1625044117447732,0.2618661523861036,0.1833248858153003,0.1826027655785302,0.3161837646287956,0.1305612993577928,0.227039873249526,0.1726160471840477,0.241226238293244,0.3133117258916331,0.1794740677464486,0.5210132598876953,0.1059438437223434,41.69748,0.8067227,15.4789915,0.25210086,1.4789916,0.084033616,0.68907565,0.20168068,0.0,0.016806724,0.48739496,0.0,0.10084034,1.1260505,0.0,0.68907565,0.0,1.6302521,0.067226894,0.75630254,1.6470588,2.840336,18.756302,11.193277,0.0,0.0,0.0,0.0,0.0,0.0,0.0,0.0,0.0,1.0,0.0,0.0,0,0.8272925019264221,1kyGgx7N8gI,0,0,0,0,1,0,0,1,0,0
cwWepGjmGGc,4.997663974761963,-7.84235668182373,6.143406374302921,0.0315533980582524,68.35069811829628,4.089805825242719,3.876014488080601,0.6727272727272727,1.0,0.8181818181818182,0.6909090909090909,0.3090909090909091,0.7636363636363637,0.2,0.4545454545454545,0.4363636363636363,0.5636363636363636,0.7454545454545455,0.8363636363636363,0.0462328754365444,0.0210492368787527,134.95494079589844,136.0,0.3495935201644897,129.0,0.0195694714784622,1.441989779472351,3.641202211380005,72.660385786302,-6.854724176522995,17.446730378451875,7.133445010149541,-0.0670283269258085,7.897108815136249,0.332819207485446,0.2840900236587462,1.7726435700092906,0.530304268447104,1.5606402545163789,-0.2384307393532509,14.65807881408549,15.796260690598665,13.439516581527291,10.217877296969386,10.428132557633017,8.526107920825284,8.306076899233418,8.39775912942258,7.380879593806792,7.388193728669001,7.349043807549913,7.005269090624129,-0.0012211902631747,-0.0006005650459956,-0.0003430420561171,-0.0003269994690142,-0.0003041319707103,-0.0002408770713488,-0.0001484243471587,-7.209810870327295e-05,-4.806734448267276e-05,-3.083991490688606e-05,-2.7424342025729644e-06,-1.37412651899496e-05,1.9071611742346413,1.8899790320054648,1.5497595316838464,1.3667096074251217,1.3539652967569051,1.234612946462868,1.22906382500542,1.1939656322206968,1.1400599224161327,1.109862427947601,1.0662632346899368,1.0535528831117782,0.1659755408763885,0.0622857473790645,8.35779857635498,18.173070907592773,1.7981466054916382,1.688785433769226,30.98664093017578,18.107807159423828,1510.875732421875,590.5215454101562,23.81698989868164,12.918373107910156,-0.7340093,-0.76717675,-0.78842735,-0.80350345,-0.7703084,-0.79431707,0.06382926,0.07119025,0.07138084,0.053121723,0.05488047,0.03703138,-7.0230327,-6.8010445,-7.245422,-7.3528113,-7.7647996,-10.370605,1.4351684,1.4361069,1.4454787,1.5065279,1.4574517,1.3210232,0.0842372849583625,0.0563289113342762,0.0786269754171371,0.0645763948559761,0.8040707278907149,0.6119430098218581,0.4191953363547894,0.4719762574841671,0.4168359765823407,0.6075697304121579,0.4439123159714429,0.356380207737704,0.5584636573889757,0.6483982526164425,0.7308578155212824,0.6614769774833046,0.2004739939073019,0.1944776073631014,0.1539562182508318,0.1976026205766125,0.1585545777629606,0.2333731924977724,0.1664077057030745,0.1540543570196248,0.1691893646398347,0.1660542072392563,0.1998858267740165,0.1861204375811268,0.6301947236061096,0.1071883216500282,33.021744,0.56899005,19.244057,2.3166022,0.48770574,8.026824,0.0,16.622637,0.16256858,3.6781142,0.16256858,0.0,0.0,0.0,0.0,0.0,0.0,0.020321073,0.020321073,0.0,0.0,0.0,14.062182,1.6053648,0.0,0.0,0.0,0.0,0.0,0.0,0.0,0.0,0.0,1.0,0.0,0.0,1,0.7750645875930786,cwWepGjmGGc,0,0,0,0,0,0,0,0,0,0
ghgU8T0XgxE,2.3028805255889893,-10.61508846282959,6.052952508415861,0.0122699386503067,64.27946106135929,4.98159509202454,4.29505692862139,0.9852941176470588,0.7941176470588235,0.8382352941176471,0.7058823529411765,0.3235294117647059,0.4264705882352941,0.1323529411764706,1.0,0.3382352941176471,0.4264705882352941,0.5735294117647058,0.6470588235294118,0.0627830177545547,0.0362092405557632,178.2057647705078,178.0,0.0,185.0,0.4432367086410522,1.6241421699523926,4.052457332611084,71.67039265959437,24.587875608314224,14.08673165591273,11.48577692921761,5.007649772484577,2.160145478058857,-0.2704601920608029,-2.4162410947267308,-2.412221216396012,-3.5281820243562456,-4.572456898980654,-3.1289111325247445,15.611410851531316,16.403135985371055,14.42126317417175,11.52292505849468,11.117293468260044,11.295390543832788,10.916505450170996,12.28984047156731,10.637712568917436,8.814348387490258,8.944880765216936,8.32957884248452,0.0007288864345283,0.0006285353343277,0.0003997309405615,7.730302428781994e-05,-8.823543869520474e-05,-4.798393689604763e-05,-3.926694299131059e-06,8.842037142740379e-05,-0.0001325892664299,-0.0003248028438555,-0.0001986865237102,3.521802674566194e-05,1.9272701777410943,1.873959549542748,1.7150822613808054,1.4678121683933385,1.442697691082651,1.4086340314898151,1.2486278044909558,1.294169916110457,1.2562739824443765,1.2264967194942602,1.214615119994446,1.1280967386295755,0.2236546128988266,0.0665751844644546,12.872411727905272,20.3049430847168,2.3793087005615234,1.5480413436889648,18.04647254943848,13.853479385375977,939.2539672851562,570.2440795898438,16.81450080871582,9.139018058776855,-0.6801298,-0.7122405,-0.7325631,-0.782227,-0.7847251,-0.78717995,0.1034306,0.07536594,0.0759237,0.05665824,0.043919142,0.031866416,-6.596039,-6.6261816,-7.467715,-7.830822,-8.013096,-10.206876,1.2599131,1.0098178,1.0993932,1.1210724,1.02724,1.092516,0.1041124612092971,0.0786874368786811,0.0521377548575401,0.0326552018523216,0.7344702452107269,0.5264698163962717,0.6907114712319607,0.3625297230650668,0.5206892837829127,0.6911174069845273,0.3825801952168416,0.5621709371653139,0.3560494658589067,0.603280768307101,0.3570543325956655,0.2897253971441736,0.2205209290805353,0.2346415280378403,0.2690277391568335,0.1576106633141132,0.2218351990727604,0.2460819225571283,0.1825692842124925,0.2302519502718721,0.1746404083582319,0.2413345574545931,0.1835502792171,0.1685818381230382,0.5939134359359741,0.1128324791789054,11.206317,14.583333,7.96371,0.08400538,10.752688,0.0,0.10080645,0.0,1.0416666,0.4032258,0.0,0.9744624,0.067204304,0.4032258,0.0,0.0,0.63844085,0.016801076,0.31922042,0.3360215,0.45362905,10.46707,5.4099464,34.778225,0.0,0.0,0.0,0.0,0.0,1.0,0.0,0.0,0.0,0.0,0.0,0.0,0,0.6986851692199707,ghgU8T0XgxE,0,1,0,0,0,0,0,1,0,1
hdXdehsdO_o,4.058025360107422,-18.53723907470703,7.167338540150041,0.0123152709359605,53.93354128440362,5.5492610837438425,5.704227707561914,0.76,1.0,0.68,0.36,0.1866666666666666,0.08,0.1066666666666666,0.12,0.2533333333333333,0.4266666666666667,0.48,0.96,0.0962288230657577,0.0668082758784294,97.36125946044922,98.0,0.1818181872367859,136.0,0.0167064443230628,1.4726316928863523,4.4580912590026855,54.91408381406606,30.73696865736326,25.900766714776275,17.84057580672066,13.66610118867888,11.556585661451312,7.777769113138531,5.692418968756247,4.246140580795286,5.2237495726754295,6.403623710250459,4.063295173700267,22.954284064128057,18.359849119837136,16.215344761614816,13.701001966332996,11.312502632862309,10.098076416533084,9.394181979314409,9.022404904046702,8.736798394507725,7.991618089864002,7.872200992602901,8.21297301337795,-0.0003402402872364,-0.0001540941723299,-4.803779726917101e-05,4.066829374794057e-05,8.524336145205008e-05,6.090954986318631e-05,6.25641368238895e-05,9.984282071497813e-05,8.986357948749882e-05,7.408464328189323e-05,7.381761580270374e-05,3.6243103650765805e-05,2.906600034082272,2.3524720778881,2.0378173674275946,1.789128022661149,1.5075584477969948,1.4096011244772717,1.3267215594123567,1.3026803700688747,1.2568746221677851,1.1688338520397192,1.1651074252630291,1.301242914696485,0.303264856338501,0.1202378198504448,79.99223327636719,116.897216796875,5.540699005126953,4.004303932189941,14.275856971740724,24.993303298950195,946.9089965820312,796.9863891601562,11.440446853637695,9.683300971984863,-0.67789966,-0.73844504,-0.7921695,-0.80711097,-0.79459167,-0.79724985,0.086404756,0.101902805,0.08046565,0.060835652,0.056513246,0.051135384,-6.7658553,-7.519442,-8.17215,-8.476922,-8.3460455,-10.37017,1.3825122,1.4372458,1.4840312,1.4333026,1.4121659,1.4091058,0.1166483610868454,0.0845741108059883,0.0498647801578044,0.0580906607210636,0.8569375125408726,0.7634565725007825,0.3920876353154996,0.3549273848233855,0.3194606804378128,0.3795206114043288,0.4553583160340183,0.5266812627569639,0.453677364976975,0.371746710949087,0.387325606572484,0.4464109301671852,0.208090024982078,0.2018312471445903,0.1965217560017811,0.1993803878608673,0.2004106711685994,0.2099424733781621,0.2536676129894859,0.2745394616731059,0.2459253397398408,0.2315164089202722,0.2134500014140243,0.1955194393632795,0.4160549938678741,0.1644504815340042,0.10818608,0.7753336,0.6671475,0.0,0.05409304,0.0,0.07212406,2.2719076,0.7753336,3.0111792,4.2733502,0.30652723,29.949512,0.3966823,0.45077533,0.0,0.0,10.367833,1.1900469,45.131626,0.0,0.05409304,0.0,0.14424811,0.0,1.0,0.0,0.0,0.0,0.0,0.0,0.0,0.0,0.0,0.0,0.0,1,0.6081274747848511,hdXdehsdO_o,0,0,0,0,0,0,1,0,0,1
MpBTnElgYug,5.465546607971191,-23.078044891357425,7.330796311356098,0.034416826003824,71.99477869412001,4.820267686424474,4.696751483539836,0.4473684210526316,0.9736842105263158,0.7368421052631579,0.4736842105263157,0.3684210526315789,0.6052631578947368,0.2368421052631578,0.3947368421052631,0.4736842105263157,0.4605263157894737,0.7105263157894737,1.0,0.0424479842185974,0.0182243958115577,109.31982421875,110.0,0.2789598107337951,101.0,0.0135440183803439,1.3269413709640503,4.557270050048828,48.20383646786537,17.07064630112201,16.539242611351085,4.274766448248126,5.350330547153729,3.0551943978399234,-3.3857783107054376,1.0591821287546124,-0.5222541063840253,-2.118881440676482,-1.9015142987352096,-0.1342467091442905,17.751415192506403,16.969548122155384,15.188918271693856,10.814645045936528,11.46150145341557,9.427894643501254,9.708647188939826,10.08362647810212,8.941296235254244,8.830425417200113,8.60430915587418,8.414925654987156,-0.0001528699129564,-8.055882068406903e-05,-9.858357589767317e-05,-1.9826387389717275e-05,-3.418717938960252e-05,-1.7532546762684645e-05,-1.245891821201917e-06,-1.82698519363962e-05,1.3183220424186931e-06,-1.226530052796425e-05,-5.217226107060016e-07,2.8654682264129524e-05,2.3035448950806683,1.8090244035782697,1.5895195207689004,1.3889081754146737,1.3413405461567087,1.2984811609394185,1.234259401769026,1.2992598877274408,1.234609888861407,1.1946459865220005,1.1650320841353805,1.1116828834932435,0.1393753886222839,0.0696221739053726,10.832451820373535,21.0263614654541,2.4731109142303467,1.6799801588058472,46.06484603881836,32.08891677856445,2148.619140625,802.1950073242188,21.356050491333008,12.332335472106934,-0.7131143,-0.7629329,-0.76583916,-0.77966183,-0.7835182,-0.78029144,0.09305314,0.07476309,0.07498472,0.06629547,0.058231223,0.04581235,-7.3569674,-7.065085,-7.8077736,-7.9664845,-7.45204,-9.567921,1.5429217,1.546167,1.4401523,1.3745078,1.4189103,1.4851706,0.0897096246480941,0.0494117513298988,0.1239158138632774,0.0790794566273689,0.7955051158074933,0.788533550426242,0.6375543407117941,0.5338069753628231,0.5084110313263399,0.5386546148762147,0.6092087972472933,0.4235326448403197,0.4394576607471591,0.3490951905142626,0.3763237856962094,0.675856877260112,0.1838894218920939,0.2058150984278786,0.1747827159596549,0.1844661095269741,0.1661515460793204,0.1783452409264607,0.2082688461277881,0.1626045065934171,0.1652264512521416,0.1334910081861338,0.1660715555983439,0.1983523382254156,0.545211136341095,0.1413392275571823,17.72367,35.334087,10.796527,0.26425067,2.0951302,1.2835032,0.018875048,0.113250285,0.037750095,0.0,0.0,0.0,0.6417516,0.52850133,0.0,0.18875048,0.0,0.45300114,0.0,0.0,0.0,10.230275,12.212155,8.07852,0.0,0.0,0.0,0.0,0.0,0.0,0.0,1.0,0.0,0.0,0.0,0.0,0,0.8823285102844238,MpBTnElgYug,0,1,0,0,0,0,0,0,0,1
ewEc9JXKYaw,3.251255750656128,-8.558597564697266,4.632740345572917,-0.0496277915632754,65.85778356750721,3.1563275434243176,2.7971766005919125,0.3717948717948718,0.7307692307692307,0.5641025641025641,0.2179487179487179,0.4102564102564102,0.1538461538461538,0.0384615384615384,0.5128205128205128,0.2692307692307692,0.3717948717948718,1.0,0.5256410256410257,0.0443314649164676,0.0180900711566209,172.26502990722656,172.0,0.0,178.0,0.29076087474823,1.0854634046554563,3.447652578353882,86.66534037887833,20.346225255801887,11.732878034474805,5.596105024663259,2.047003800756894,4.408962841280879,6.806855619207563,7.048651121342918,4.04032062352123,0.6592306024667285,2.582828484562371,3.702662641575551,15.71687461163732,14.792342128797536,11.995997633770378,9.877222705705048,10.60341744708789,9.569048627218182,9.882043319090537,9.836068988245112,9.000279564535083,9.59408454754016,9.336915706315626,10.383712716631235,-0.0010722907787777,-0.0004550926871892,-0.0003313475639131,-0.0004511310062097,-0.0005787828502924,-0.0002878252052933,-0.0002470712389559,-0.0001451704147163,-1.210955506927129e-05,-0.0001150451979649,-0.0001512242775186,-0.0002366019789536,1.6133393299234111,1.4002961250301855,1.3596218860183231,1.1878607808810415,1.2349150799135131,1.15888531952773,1.1431139896122224,1.139681102686988,1.0663760092258514,1.107901124874759,1.063835593189194,1.025758379089492,0.2357008755207061,0.0707202553749084,11.844073295593262,22.810338973999023,2.255537748336792,1.7572097778320312,20.725879669189453,19.23855781555176,1136.2777099609375,1092.7259521484375,15.444082260131836,6.466833114624023,-0.7375501,-0.7039691,-0.68251723,-0.743126,-0.7824992,-0.7933324,0.07734755,0.087286755,0.09111761,0.073062666,0.05433256,0.04025653,-6.693217,-6.9392,-7.826307,-8.279769,-8.227495,-10.451301,2.126171,2.0793319,2.007176,1.9612702,2.0348103,1.9727308,0.0796405375003814,0.0501445643603801,0.0525094456970691,0.0570049732923507,0.5301926426246962,0.2879833483663939,0.4059151701845239,0.3070589789202894,0.3798702171059266,0.5179373238735743,0.2497113932938797,0.3866690107196057,0.1902253132979196,0.4237952422766702,0.3502768286117372,0.2675182080357182,0.3054746622629157,0.1995447299486926,0.2954482596235932,0.242315162587114,0.2507808807854748,0.3199692728999087,0.1849574897477257,0.268636285244749,0.1426880708654102,0.2865236566377073,0.260722450836661,0.1773484856254366,0.4690974950790405,0.1131069287657737,36.490402,3.1148136,21.33285,0.0,0.16298443,0.0,4.527345,0.41651577,2.191235,0.0,0.072437525,0.0,0.0,0.6700471,0.072437525,0.3984064,0.0,0.99601597,0.018109381,5.1792827,1.1227816,13.672583,3.7305324,5.8312206,0.0,0.0,0.0,0.0,0.0,0.0,0.0,0.0,1.0,0.0,0.0,0.0,0,0.8339122533798218,ewEc9JXKYaw,0,1,0,0,0,1,0,0,0,0
RVGRQMPua1w,4.72538423538208,-14.944897651672363,6.056122945705401,-0.0568181818181818,61.97007184294438,3.238636363636364,3.2168860278619515,0.4259259259259259,0.4444444444444444,0.5925925925925926,0.4074074074074074,0.1851851851851851,0.4074074074074074,0.0925925925925925,0.1851851851851851,0.0555555555555555,0.3703703703703703,1.0,0.7222222222222222,0.0332745760679245,0.0168364997953176,134.78277587890625,136.0,0.4123710989952087,129.0,0.0199999995529651,1.3398401737213137,4.151693344116211,62.2132804849517,25.53343295239898,24.67013967545554,6.018071653409269,7.431302470736467,5.362351953915458,2.7141765930321577,3.111900666290329,-0.4779330475626472,-0.5301356022510728,0.9352414841673444,-0.1752448212767867,22.944059726739592,18.694687926913044,16.877094659010353,13.111607557700426,10.92677349966427,9.993835339053083,8.6140173012634,8.95214267498069,8.45542412467059,7.642279631039901,7.339848814431077,7.002080819627412,-0.0029005435849983,-0.0011912097829895,-0.0005405238538623,-0.0001375784870156,-0.0003933652462774,-9.278278372206907e-05,-0.0001896185179407,-0.000148077035115,-0.0001181305638503,-7.681969945976742e-05,-0.0001599601923663,-7.83174303035965e-05,2.453297380884787,1.8478124965147604,1.6609638132861215,1.4321114331413285,1.3074327063047289,1.2078194610315407,1.2009658550052549,1.206834631083828,1.146953233746208,1.057538210692032,1.0667792098770326,0.9942842421980336,0.19401416182518,0.0672215446829795,12.338168144226074,15.904189109802246,2.5586583614349365,1.5286941528320312,31.68670654296875,36.36164474487305,1601.8853759765625,1069.0897216796875,15.962306022644045,10.148375511169434,-0.7150658,-0.75000745,-0.7425378,-0.7776327,-0.77258766,-0.75561804,0.069326155,0.0732429,0.08302829,0.07170357,0.06454504,0.048517466,-6.8576336,-7.221518,-8.205907,-8.467944,-7.9786906,-10.657248,1.7643975,1.7863661,1.7397318,1.7264724,1.7534083,1.7097025,0.0745684131979942,0.0519028902053833,0.0694686397910118,0.0584789626300334,0.701877360616679,0.4263138850722566,0.5421447150293417,0.3954905557809653,0.4226551475889169,0.501575484637982,0.4471665528942806,0.6346923515274245,0.3963038194972832,0.475701319428636,0.3501439097543464,0.352342293017649,0.270405985946506,0.1916139200113071,0.2480282074557029,0.2084090970604322,0.210104610177731,0.2659840833206147,0.194941867396398,0.2549116360487705,0.195281908285335,0.2505664891429357,0.2153630247329906,0.1893881991792313,0.5877254009246826,0.097992405295372,36.682724,0.0,6.0908465,10.151411,1.6861665,0.24088094,0.0,0.0,0.0,0.03441156,0.06882312,0.0,0.13764624,0.3441156,0.0,1.2044047,0.0,23.468685,0.0,5.781142,0.0,8.396421,4.4390917,1.2732278,1.0,0.0,0.0,0.0,0.0,0.0,0.0,0.0,0.0,0.0,0.0,0.0,0,0.7812002301216125,RVGRQMPua1w,0,0,0,1,0,1,0,0,0,0
KlBd9Y_9CHY,6.009012222290039,-12.834762573242188,9.53504836941097,-0.0778210116731517,68.5005533651519,4.696498054474708,4.622027638098922,0.6052631578947368,0.5526315789473685,0.868421052631579,0.6052631578947368,0.2631578947368421,0.6052631578947368,0.1578947368421052,0.4210526315789473,0.2105263157894736,0.6052631578947368,1.0,0.868421052631579,0.0261554829776287,0.0229699052870273,117.25896453857422,117.0,0.3006134629249573,112.0,0.0204081628471612,1.0329269170761108,3.089712619781494,55.4023117344703,9.622727679241722,11.680791369728066,7.779243856065658,0.5781356609037099,4.238294832509146,3.5033783167114128,-0.3956153414094742,1.699123623609236,1.5711426861256663,-2.04879421834376,0.5470899222692044,17.33976680165898,19.37853717782083,14.95045502708791,10.709337091939952,12.299316185360505,8.842413840254359,8.659201250244164,9.661443139965444,8.382837847294953,9.868884172878628,8.48897136220716,8.066529122891437,-0.0005106740357388,-7.531712236868881e-05,-1.5171171461863495e-05,-4.995659389541074e-06,4.271936568677999e-05,1.0821501813549136e-05,1.5200121930611809e-05,5.361484456415564e-05,2.621578873312094e-05,-3.719877362198899e-05,-7.219172891625865e-05,-5.837699294964415e-05,1.635459970820906,1.5307584671622734,1.3164169826221246,1.086755723045644,1.1793136938841051,1.029965449361787,1.0083010692172698,1.0267575255133337,0.980083829838688,0.9932775269993052,0.967646050770499,0.9317268462178424,0.2170838415622711,0.081190288066864,7.765610218048096,15.152862548828123,1.690556287765503,1.4942632913589478,26.46486091613769,22.682159423828125,1334.2952880859375,705.1244506835938,12.44330596923828,7.6650071144104,-0.73314726,-0.74950933,-0.7395586,-0.7675624,-0.7575503,-0.77641577,0.07529211,0.0800369,0.08914777,0.07427671,0.06815722,0.054557197,-7.5461884,-7.5218754,-8.244887,-8.503195,-8.809416,-11.698872,1.9128747,1.7292271,1.6673083,1.6686906,1.6131744,1.5631725,0.0589281134307384,0.0478250794112682,0.0651144310832023,0.0731115788221359,0.6010230523669332,0.5279847868378114,0.3529701082616175,0.4242933830581327,0.321419184507069,0.4549406228754596,0.3129463516268101,0.2857626114284362,0.516196494296832,0.4628791104007156,0.5833311848895771,0.4517802803254191,0.2777745844078225,0.2368497135141152,0.2090391920750058,0.2543320934794673,0.1890104145552364,0.257184171636737,0.1868770676086167,0.1680207152372952,0.2670457244118764,0.2488604900836585,0.3017131731770643,0.2355751505190473,0.5583304762840271,0.1110158637166023,10.063058,8.4866,5.5701523,0.21019442,0.81450343,0.0,1.2086179,2.2858644,0.31529164,5.780347,0.6305833,0.052548606,0.0,0.0,0.0,0.23646873,0.0,0.23646873,0.7094062,3.2580137,1.6290069,21.466106,3.3893852,33.657383,1.0,0.0,0.0,0.0,0.0,0.0,0.0,0.0,0.0,0.0,0.0,0.0,0,0.6817046403884888,KlBd9Y_9CHY,0,0,0,1,0,0,0,0,0,0
t7rS30s1yMA,4.683485507965088,-11.405415534973145,5.021838931616849,-0.0179775280898876,78.58587479935795,4.303370786516854,3.637521363718174,0.5,0.8035714285714286,0.5892857142857143,0.7678571428571429,0.6071428571428571,0.8035714285714286,0.3392857142857143,0.4285714285714285,0.6071428571428571,0.7321428571428571,1.0,0.7678571428571429,0.0373645424842834,0.0231416895985603,123.8261947631836,123.0,0.3375680446624756,129.0,0.0089445440098643,1.5312998294830322,4.862128734588623,35.617109661824415,4.714404232816367,25.33042999004436,-1.7406064629490892,7.517743012629729,7.307751471909091,3.8450262989810953,1.5496144000889032,2.120185292234624,2.6774575336082496,0.3048307112098865,-1.5941415305051492,18.9080696598484,19.78024898650263,18.88460726912286,14.136388150802262,13.692550119782204,10.693154333706463,10.301246988377269,9.7254252501437,9.470966808841077,9.465614076442964,8.345550807956252,8.353509640729284,-0.0001676298791107,-9.566923309777036e-05,-0.0001838927038919,-1.9355190258385595e-05,6.353960625175084e-06,4.113431620960328e-05,7.10878708083263e-05,6.957134127170916e-05,9.856287024438916e-05,0.0001130636161592,8.082994397880658e-05,6.893372685829217e-05,2.404975693648008,2.4341270605495824,2.19249785587264,1.6562349950985376,1.662914694608862,1.3764752568890162,1.388977328088221,1.3432811382899918,1.3290678022545646,1.2457312522262132,1.1774258610536528,1.1837835510256962,0.1569053828716278,0.0719039440155029,14.804153442382812,56.99491500854492,2.2648189067840576,2.5288610458374023,47.48287582397461,31.211599349975582,2338.337890625,857.3980712890625,19.007678985595703,13.388644218444824,-0.72803307,-0.77126527,-0.77140707,-0.79195476,-0.77404755,-0.7172248,0.08073832,0.07273553,0.07983882,0.057746824,0.05278211,0.057321474,-7.625082,-7.654694,-8.155542,-8.15224,-7.475439,-10.730296,1.5797641,1.4675936,1.5068765,1.4911863,1.5226008,1.342334,0.0772138610482215,0.0624733380973339,0.0941372811794281,0.0464358404278755,0.7944248599825076,0.5584572863581273,0.6059770132510781,0.6385423276227324,0.5492434617310407,0.5602805619278067,0.4527730889958002,0.5013787567262671,0.396572874706299,0.3793711865156801,0.6228161285218378,0.6206701590348528,0.203789082163287,0.1907981702939066,0.2210045492828395,0.243184259177413,0.2277445203399528,0.238270259765953,0.2028952358918346,0.2000853406168422,0.1965116360820383,0.1831324956576407,0.2228271512361787,0.2101322332465859,0.5649471282958984,0.1148610189557075,3.3617747,0.06825939,7.764505,0.0,0.23890784,3.2423208,1.7576792,0.0,0.0,0.4095563,1.4334471,0.49488056,0.9556314,1.2627987,0.0,0.9897611,1.1604096,1.2116041,2.4061434,36.962456,3.2764504,5.887372,23.668941,3.447099,0.0,0.0,0.0,0.0,0.0,0.0,0.0,1.0,0.0,0.0,0.0,0.0,0,0.5715691447257996,t7rS30s1yMA,1,0,0,0,0,0,0,0,0,0
u9pCdivQ2Ts,3.2837202548980717,-11.85951805114746,8.419948630965445,0.0589622641509434,62.199757492849145,4.188679245283019,4.455997035048576,0.56,1.0,0.33,0.2,0.22,0.17,0.12,0.16,0.23,0.18,0.32,0.75,0.0825690850615501,0.0849598944187164,77.84676361083984,78.0,0.0974575281143188,157.0,0.072289153933525,1.3068538904190063,4.543369293212891,51.79912001901684,22.531741412730195,21.126034812038423,7.977559273148806,0.4711182878898683,5.496954834496774,7.452236450037684,2.88255907628937,2.034123439130505,2.4386768993640136,2.3738911481064524,0.8855623055229938,21.07913000066208,15.344116118789092,17.917030646611437,12.884147148437664,13.591056767218737,12.31247688996585,9.01370039902067,9.856528458035482,10.074931147413269,8.25816871770517,7.853948779320178,7.807502693740818,0.0004613325866507,0.000130889697127,-0.0004681788494179,-9.235065637756456e-05,0.0001496030092702,-0.0001362371945114,-0.0001226673232922,-8.651275663392048e-05,-0.0001909828372495,-0.0001490944504325,-0.000170595955774,-0.0001833610076095,2.697207851634318,1.9269063843667444,1.9549164519652635,1.5468302227562711,1.6572486511072937,1.5182278569701029,1.2720238621555005,1.348494705118804,1.3449879333968473,1.2077011124810355,1.21528990978969,1.160451135253426,0.2271018475294113,0.0795350521802902,24.47715377807617,60.3801383972168,3.0993595123291016,3.004395008087158,26.264385223388672,25.90516662597656,1500.337646484375,810.0728759765625,17.099567413330078,9.691835403442385,-0.69279057,-0.7370363,-0.754838,-0.7654025,-0.7607098,-0.74988276,0.080201305,0.0840272,0.069617815,0.056261174,0.051584125,0.052210454,-6.7922726,-6.9733405,-7.630884,-7.8008723,-7.7256584,-10.8069,0.9283414,0.88007045,0.83252424,0.7552017,0.8487982,1.2818081,0.1059383898973465,0.0777088403701782,0.0566513612866401,0.0439262390136718,0.7214938422589237,0.693330388388464,0.6141014339726704,0.574782883343336,0.4711141836992558,0.4484081456155265,0.480403890110686,0.5157037666596513,0.3620705804592733,0.4013495094149064,0.3969847782845864,0.4308823977455446,0.2327490608065805,0.2281631239704051,0.2261791283597451,0.2252021356841488,0.2223352967106841,0.2089806002613236,0.2145811638808093,0.2485353151320514,0.158522882312026,0.1876302982893018,0.1772484078093151,0.2035665356223854,0.5288043022155762,0.1544743925333023,30.374128,7.736208,14.478969,2.5575988,5.8127246,15.007398,0.04227436,3.3396745,0.02113718,3.9315155,0.9088988,0.67638975,0.0,0.33819488,0.27478334,0.0,0.06341154,0.0,0.48615515,0.7186641,3.2339885,1.1414077,1.1836821,7.6727962,0.0,0.0,0.0,0.0,0.0,0.0,0.0,0.0,0.0,0.0,0.0,1.0,1,0.6506822109222412,u9pCdivQ2Ts,0,1,0,0,0,0,0,1,0,0
DqYWh4PuP88,5.360813140869141,-12.876874923706056,6.24932541374248,-0.0533880903490759,63.63473917869037,3.449691991786448,3.527107538026364,0.4945054945054945,0.5934065934065934,0.6043956043956044,0.4175824175824176,0.2637362637362637,0.3516483516483517,0.1868131868131868,0.3076923076923077,0.1978021978021978,0.3846153846153846,0.5494505494505495,1.0,0.0971229970455169,0.1294967085123062,127.84963989257812,129.0,0.4283186197280884,123.0,0.024179620668292,1.5420222282409668,3.6296133995056152,34.91147737929742,17.730143418303122,11.728341044555822,8.619351869161738,6.012295743228901,3.720807654653701,2.6779588277354622,3.2256851134144413,1.558511151005219,0.2456622078668453,-0.4751402950654938,-0.6374523565778751,18.062041000887323,13.983688477005764,14.084155841345122,11.122101623493371,10.373349544158543,9.93231716510816,9.034629551086814,9.631909784930656,9.517080569297017,8.345808900605702,8.281505433357314,7.939698485154973,-0.0003173688280256,-0.0002596561755187,-0.0002174282184176,-0.0001943458134288,-0.0001580031886815,-0.0001243020053288,-9.231548292166556e-05,-7.537193456445635e-05,-6.023765875346698e-05,-5.4854285895898176e-05,-5.102406313834945e-05,-4.1494293954876526e-05,1.7938424716013126,1.432676966091701,1.206688974149652,0.966561433879171,0.9611250210416002,0.9542173544158176,0.8600634173401414,0.8954066814537445,0.8874628991104626,0.8190331298235334,0.821875850062209,0.7995594415960896,0.2247669547796249,0.0927386358380317,33.5816650390625,62.442378997802734,3.6315314769744873,2.941261053085327,22.89159393310547,27.924020767211918,1315.7979736328125,813.3411254882812,11.369078636169434,7.576671123504639,-0.6757716,-0.71986914,-0.7270504,-0.75490505,-0.76021224,-0.7846484,0.09748163,0.090294644,0.08094517,0.06567039,0.053379036,0.040874302,-7.458927,-7.5149827,-8.289043,-8.660852,-8.457989,-10.361839,1.5574552,1.1798912,1.245018,1.2330743,1.2165028,1.3905396,0.0859486982226371,0.0990445092320442,0.0675034373998642,0.058353703469038,0.6408427870490061,0.4357304517384672,0.4710593811743264,0.3598627143706013,0.4115339208515378,0.4088049110845234,0.2953932110041704,0.4290167228079925,0.2512280583129601,0.3860715294503918,0.2956651271148795,0.5412113243882248,0.3409771118836484,0.2497801266204364,0.2638765199628584,0.2294112111366107,0.2519264809069654,0.2594320134693968,0.1825340975783554,0.2471714307056118,0.1653999734513646,0.2703953201709113,0.2290882331700385,0.3091356216426308,0.4635357856750488,0.1503284573554992,14.421769,7.4489794,10.42517,2.329932,14.2517,1.9727892,0.6802721,2.7721088,7.602041,1.1224489,0.7482993,0.18707483,0.06802721,0.0,0.034013607,0.10204082,0.47619048,1.8877552,0.0,0.45918366,0.96938777,6.2244897,6.9217687,18.894558,0.0,0.0,0.0,0.0,0.0,0.0,1.0,0.0,0.0,0.0,0.0,0.0,0,0.6667540669441223,DqYWh4PuP88,1,0,0,0,0,0,0,0,0,0
z_wdlNJIocw,2.829651117324829,-6.690863132476807,6.328154696948559,-0.0094339622641509,66.42949095796105,4.0,4.035222282343877,0.5079365079365079,0.7301587301587301,0.746031746031746,0.7936507936507936,0.3968253968253968,0.3809523809523809,0.238095238095238,0.238095238095238,0.3333333333333333,0.5396825396825397,0.8253968253968254,1.0,0.0338402278721332,0.0131838209927082,109.97900390625,110.0,0.1907216906547546,94.0,0.0099009899422526,1.2637484073638916,3.788030624389648,68.17247993649183,23.882633751567887,23.123809043851217,2.795325021485641,11.967816788428657,6.573728510526628,4.070760438314825,8.327115329446817,-1.906714664323668,1.262488759565365,1.7664968725950208,-1.040328806081236,17.298196580065376,19.60474367571656,17.59896722469199,13.583583896074924,12.158953170382372,10.878041119917071,9.851359175908806,10.852069603073629,8.596589297377186,8.68399195785321,8.99460607436403,8.654261473793516,0.0001616290797958,0.0001830880548479,3.293827186927197e-05,0.0003755816831513,0.0001925305745432,0.0002137483257445,0.0001370044256468,4.721996432835501e-05,0.0001486929460082,7.208750353226381e-05,0.0001741302495713,0.0001123294452178,2.004272073160056,1.8998746936023576,1.863010958931312,1.6535050653294494,1.4621929919768966,1.3486471874780552,1.3063705504778116,1.3578935189286088,1.2028245069554109,1.2195889676032974,1.1834161949549882,1.1789944594084487,0.2072935849428177,0.079653076827526,18.96707534790039,29.780113220214844,3.031224489212036,2.075125217437744,25.59031867980957,24.71793937683105,1574.4619140625,764.9732666015625,18.012191772460938,9.751874923706056,-0.72304034,-0.7565023,-0.7357614,-0.7839786,-0.7820817,-0.7773496,0.07167569,0.07874721,0.094411045,0.06605271,0.04996205,0.037266262,-6.518763,-6.8665657,-7.668423,-7.972522,-7.396816,-10.140227,1.1989583,1.1731352,1.2124755,1.1893002,1.193216,1.4658254,0.0895250365138053,0.0496108271181583,0.0669060796499252,0.0517834052443504,0.7785212555614847,0.4179351958847122,0.3857256024488977,0.3728028864039878,0.3895842285132179,0.4803688740844106,0.3682965373134431,0.4833046794182775,0.2996787515126841,0.2911057023253364,0.4820538902189367,0.5526345530547724,0.2349967577208921,0.1778973522716166,0.1919421071719002,0.2165102622759861,0.20530730025592,0.2907753805948659,0.2061446753929891,0.2498356037637981,0.1965038570635171,0.1718325812021189,0.2542996222920867,0.2201511849596473,0.5411444902420044,0.1192537173628807,5.501146,0.2500521,28.40175,2.0212545,0.37507814,8.439259,0.5001042,15.8574705,0.91685766,28.50594,0.35424048,3.2298396,1.9170661,0.22921441,0.20837675,0.0,0.0,0.0,0.0,0.35424048,0.70848095,0.43759117,1.79204,0.0,0.0,0.0,0.0,0.0,0.0,0.0,0.0,1.0,0.0,0.0,0.0,0.0,1,0.739569365978241,z_wdlNJIocw,1,0,1,0,0,0,0,0,0,0
YzN-dFEvZQ4,2.073172807693481,-6.835474967956543,6.620483785404449,-0.0055555555555555,76.1115623506927,4.161111111111111,4.505754208526506,0.9318181818181818,0.9659090909090908,0.4318181818181818,0.3068181818181818,0.3409090909090909,0.4318181818181818,0.3522727272727273,0.3295454545454545,0.2954545454545454,0.3863636363636363,0.3636363636363636,1.0,0.0316160582005977,0.0122508471831679,172.26536560058594,172.0,0.0,167.0,0.3837398290634155,1.125287652015686,3.4834470748901367,47.97332084932458,6.977740528394261,36.6254890888406,9.818203140890034,16.80213734682699,8.463047640091304,8.90438678648156,4.4234600679717655,4.35073807205899,2.4111604103272706,-1.8748573418810108,-5.218287767980811,15.259028045662944,13.786987242250287,13.035045527785153,11.34755508542404,11.139138483852546,9.501005171250185,9.11744320867424,9.03463363069948,8.990506185034743,8.517896026171623,7.86062016779663,7.573760734739984,-0.0003694103667933,-0.0001503909417432,-0.0004573645320683,-0.0001332358491516,-0.0002626330111911,-1.2637747815037648e-05,2.5536998387184595e-05,0.0001241160442978,-3.107801267793262e-05,-4.564957328987128e-05,2.7873474230181334e-05,-3.741226387567622e-06,1.777277063265048,1.8014502296122468,1.4251309869345234,1.4075381155194648,1.346001053702071,1.3335416911949634,1.306955741273354,1.2148320561888653,1.2438886743398283,1.1830353552213604,1.178195651953681,1.12809911236975,0.1428640931844711,0.0509450212121009,9.423542022705078,13.904010772705078,2.583691120147705,1.4777286052703855,41.98817825317383,23.789064407348636,2196.77685546875,698.9761352539062,35.97829055786133,11.177889823913574,-0.7067327,-0.77606696,-0.7873936,-0.81342345,-0.80022943,-0.7195656,0.06597033,0.072901346,0.07156633,0.037002176,0.0267291,0.04882247,-6.3668437,-6.9428635,-7.2082453,-6.9654193,-6.4868116,-9.569794,1.2343168,1.2209687,1.174461,1.1680744,1.2501472,1.3787664,0.1037738099694252,0.0352818071842193,0.091157853603363,0.0410113371908664,0.7916905420365792,0.5021081605174076,0.5017691340105317,0.5255654363435792,0.5732439875472404,0.6040442820944862,0.5041389853762295,0.7339389697108608,0.4456207168780408,0.3554681009405739,0.5076307128480201,0.4778414026373667,0.1882640997458541,0.1586812494074375,0.188007137140272,0.2191050251034076,0.1908055028380786,0.2022532312119827,0.1582125558226947,0.2024493311056675,0.16753993382312,0.1345636834253016,0.1846956602557442,0.1366288704050619,0.5953901410102844,0.1022354364395141,58.50181,0.19153011,0.14896786,1.9365822,2.1281123,4.7031283,0.0,7.3207064,0.17024899,0.06384337,4.852096,0.5533092,2.1706746,0.0,0.021281123,0.0,0.0,5.1074696,1.5109597,2.064269,2.6814215,1.2981485,2.745265,1.8301766,0.0,0.0,1.0,0.0,0.0,0.0,0.0,0.0,0.0,0.0,0.0,0.0,1,0.6877565979957581,YzN-dFEvZQ4,0,1,0,0,0,0,0,1,0,0
3sSX2Apd4PE,4.350867748260498,-14.343011856079102,5.839856409694007,-0.0238095238095238,58.04235324827875,3.142857142857143,3.2506758411192407,0.2857142857142857,0.7551020408163265,0.3877551020408163,0.5714285714285714,0.2857142857142857,0.2857142857142857,0.0612244897959183,0.2040816326530612,0.2448979591836734,0.2857142857142857,0.7755102040816326,1.0,0.0310135893523693,0.0213433038443326,156.04005432128906,157.0,0.2873900532722473,152.0,0.0833333358168602,1.109831929206848,3.381760835647583,88.29792389275424,22.993443030927995,13.326820873469174,5.755678046588884,3.99464912902433,4.9400012267756,-0.4905908677189606,0.3883399347100107,-0.1731563266006111,-0.0202994342484315,0.7981664611906425,-1.924066484508173,19.185822437263944,17.308399461389403,16.96790729158203,13.391321639972594,10.593883496260204,9.692662669933137,9.37585538838502,10.3405161331368,10.251327296942652,8.5165988839614,8.609333905670729,7.84916997701779,4.66976977397205e-05,-0.0002176675208171,2.9283907397948152e-05,8.371219492294085e-05,8.88741850433486e-05,-7.273982045073465e-06,-1.3771810303077536e-05,-5.9406100614343815e-05,-8.607380504570985e-05,-0.0001148116701902,-0.0001773056793912,-0.000130789328472,1.7615387355923573,1.542178251514354,1.4261422466346394,1.2847236309057293,1.1602411916800697,1.1551745178935595,1.1342403182073602,1.1058229858533022,1.092440398066525,1.0321351634529594,1.008616848390414,0.9634998393211268,0.2747571468353271,0.0735568180680275,9.378480911254885,12.917497634887695,2.008471727371216,1.2974915504455566,14.43074893951416,13.060723304748535,790.5361938476562,499.329345703125,13.024147987365724,7.6501851081848145,-0.701677,-0.73270404,-0.7522417,-0.7807205,-0.7761482,-0.7841823,0.0751609,0.07464312,0.07045975,0.058784377,0.061087377,0.03830031,-6.7726355,-6.8984013,-7.717976,-8.326573,-8.864862,-11.763071,1.0751684,1.1328069,1.2130507,1.1852355,1.2328632,1.25684,0.0630005002021789,0.042130671441555,0.0379574671387672,0.0476223640143871,0.5221403955706864,0.4908380094345474,0.3383455512414824,0.3169842575341658,0.3726960717839377,0.5045805268358561,0.4406495437352733,0.2945560598793919,0.2868238297008049,0.3630407866198362,0.4456436681941778,0.4423341173889968,0.2378095752457195,0.2355439756986029,0.2009986841132884,0.2029378512669265,0.2172643804816716,0.2646220880078088,0.2436178675278453,0.181323972717087,0.1936583636075667,0.2093768798103765,0.2590521349951273,0.2476585055612581,0.5662165880203247,0.1086867675185203,0.53317535,8.175356,0.8293839,0.0,0.0,0.0,1.5402844,6.6943126,2.4881516,29.354265,1.6883886,5.627962,0.0,0.0,0.5035545,0.029620852,2.458531,0.0,0.41469195,0.029620852,0.26658767,7.316351,0.7109005,31.338863,0.0,1.0,0.0,0.0,0.0,0.0,0.0,0.0,0.0,0.0,0.0,0.0,1,0.6116570234298706,3sSX2Apd4PE,1,0,0,0,0,0,0,0,0,0
Kqkpz6ZpKXc,2.16098427772522,-8.176556587219238,7.352017617265841,0.0455311973018549,68.83828413715678,5.630691399662732,4.99479010467481,0.528,1.0,0.344,0.208,0.224,0.36,0.328,0.328,0.216,0.24,0.296,0.672,0.0494979731738567,0.024874173104763,85.0286636352539,85.0,0.0389610528945922,0.0,0.0,1.5038845539093018,5.75930643081665,57.66108312717455,17.672249591788162,19.31502154185429,12.337436103387972,7.096760076590688,9.997821281741984,0.0028713339261152,5.614870614040708,13.815863429332111,7.17351827143979,3.239810227214764,4.412502919701039,19.82712253166326,20.543848942313986,17.555859438140782,16.265226354949387,13.650153445051364,12.84397689335168,12.488929119167366,11.465133307627411,11.178485977918418,9.718611189927032,9.556800381519851,10.029658886340398,0.0005362954777704,-0.0002197350506669,5.451412550613301e-06,3.236742140247528e-05,-0.0001418632056686,-0.0001906729449666,-0.0002478939723881,-0.0001258248052902,-1.218774834424824e-05,-0.0001423240653081,-0.000126442496764,-1.1243055823959773e-05,2.7596790720584874,2.5097930189952184,1.9871917368224337,1.9267705757981448,1.7849091357265534,1.740305779361325,1.8486403503017637,1.6638780312350734,1.5663613469826327,1.3561984385907615,1.4127353260154172,1.4252565503410044,0.2505089938640594,0.0915665701031684,50.33999633789063,134.59446716308594,4.410384654998779,4.036386489868164,21.577869415283203,19.78824806213379,1530.0546875,766.9456176757812,16.905460357666016,10.051971435546877,-0.71164405,-0.7194739,-0.7433559,-0.76743096,-0.7471342,-0.77969635,0.075429395,0.09315488,0.08161651,0.065200344,0.06531433,0.036446042,-6.8268743,-7.1379533,-7.724045,-7.9046764,-7.787227,-9.8565035,0.99705136,1.0641488,1.0894983,1.0577346,0.9497468,1.0914011,0.1220066174864769,0.0664620772004127,0.0604512654244899,0.036927830427885,0.7488385032031811,0.6840017474735235,0.4675962476551524,0.4154311737070306,0.4028907475612507,0.3903418940278709,0.390985254408981,0.6886700549394003,0.7013467001835489,0.5948976180450206,0.5339141512347418,0.4934510030457827,0.2132396036494028,0.2037490754641348,0.195005487451184,0.1973086627037733,0.192023063747914,0.1929360355360979,0.1985006773400338,0.2209045898384345,0.2525899175937462,0.2499411635839344,0.2079553618951951,0.1822013416846306,0.4071391820907593,0.1595359891653061,1.3115313,0.0,0.47692046,0.08516437,0.98790663,0.34065747,0.08516437,0.0,0.017032873,14.971896,68.42105,0.4598876,0.0,0.0,0.0,0.20439447,3.372509,5.5867825,0.34065747,0.0,0.0,0.0,0.4598876,2.8785555,0.0,0.0,0.0,0.0,0.0,0.0,1.0,0.0,0.0,0.0,0.0,0.0,1,0.4368397295475006,Kqkpz6ZpKXc,0,1,0,0,0,0,1,0,0,0
etBSe98cjxI,5.139349937438965,-10.55088233947754,5.174811765515776,-0.1090534979423868,59.8712819677472,3.4814814814814814,3.369352715716788,0.4268292682926829,0.6829268292682927,0.5975609756097561,0.2195121951219512,0.3170731707317073,0.3658536585365853,0.0609756097560975,0.3292682926829268,0.5853658536585366,0.4756097560975609,0.8658536585365854,1.0,0.0278171077370643,0.0170110017061233,172.2650146484375,172.0,0.0,178.0,0.1833122670650482,1.113335371017456,4.381507873535156,80.77811120689637,27.58107915207569,17.08988383426477,10.092817616330372,9.241103369901955,2.553443668701176,-2.65828030136108,-1.3748330574428058,0.3484866966363074,-2.235579641051024,-0.6942163192170063,2.01466747438921,13.186110966352294,17.533983541213107,15.245894112342976,12.068336909139928,12.167799036924222,10.10056313426646,9.649494775365287,9.706782644740851,8.593165344994695,8.484415236268793,8.22269989522014,8.47385915978559,-0.0007346948710774,-0.0004032938282594,-0.0002184044866306,-0.000116858142019,-7.598470904808408e-05,8.18529889263625e-06,0.0001189237723651,0.0001086842913149,5.439880126574409e-05,7.372919786469609e-05,-1.1545702893022692e-05,2.9600198116839507e-05,1.2399037243760769,1.3958966170662592,1.3279632029144977,1.135169407234855,1.144546290592346,1.0817394758329435,1.040102145591403,1.0381544271621497,1.0187926739503774,0.9840666071041264,0.9524533116466064,0.9266699606536009,0.2533577680587768,0.0754030421376228,16.491994857788086,19.846412658691406,2.6815264225006104,1.7368704080581665,14.750450134277344,14.493474960327148,927.5317993164062,549.84521484375,11.425792694091797,4.642780780792236,-0.7159141,-0.6771648,-0.70313495,-0.75712454,-0.76251745,-0.7636224,0.07393188,0.08576745,0.09124795,0.07414409,0.06406652,0.05089222,-6.9576797,-7.4199286,-8.278961,-8.770355,-8.806671,-11.365925,1.4352537,1.2616783,1.2697983,1.3355838,1.3540095,1.34707,0.0542235448956489,0.0388508662581443,0.0453594326972961,0.0694972351193428,0.7521592342278846,0.2087852399631412,0.2028676355636841,0.1521266086374839,0.2623521321678322,0.5821998579042419,0.1823780675536519,0.258471378453269,0.1477012257610083,0.3382082771794907,0.2128846885534701,0.2922565582726243,0.275659516111015,0.1221641316575121,0.190133631022716,0.125477158993191,0.1809787788486495,0.3205697742283356,0.1352673152816588,0.2095328298650057,0.1353323672389183,0.2542167209230112,0.1980694615624809,0.1352926331785158,0.5189275741577148,0.1339891999959945,78.480385,1.5063732,9.468631,0.0,0.0,0.0,0.066214204,0.11587486,0.0,0.14898196,0.0,0.0,0.21519616,0.0,0.0,0.0,0.049660653,3.1451747,0.0,0.066214204,0.0,0.57937425,5.197815,0.96010596,0.0,0.0,0.0,0.0,0.0,0.0,0.0,1.0,0.0,0.0,0.0,0.0,0,0.8488666415214539,etBSe98cjxI,1,0,0,0,0,0,0,0,1,0
DFpValLtCsI,2.1228480339050293,-6.1624531745910645,7.081688511564026,0.0371567043618739,74.1674201456041,4.817447495961228,4.252979867065748,0.5111111111111111,1.0,0.7777777777777778,0.3444444444444444,0.5222222222222223,0.7666666666666667,0.1888888888888888,0.7,0.2111111111111111,0.5777777777777777,0.6,0.6777777777777778,0.034237340092659,0.0161755830049514,109.19564819335938,110.0,0.3343558311462402,82.0,0.3381037414073944,1.1610503196716309,2.368032693862915,55.17136908755163,8.421487442975714,35.419465592830214,2.9277806117011598,11.780307959745178,6.67349611327861,4.609050103919205,5.770079821974038,3.682699977431928,3.6558772255255407,-2.65507402657977,-1.017364439711213,12.131945991163205,12.558650188153536,12.190971947208888,9.490804170705443,8.772082942594759,8.26469916888366,7.923655702388647,8.211532796757583,7.28051926720448,7.343113122971816,7.046215280399382,6.835221338477714,-0.0002132205910264,0.0002052259009458,-0.0003662771480016,0.0001493007807422,-4.3915696213755045e-05,8.192190447643315e-06,-5.403046402217843e-06,-0.000109738532569,7.611991456566239e-05,-1.2909664208387838e-05,5.6754745496249245e-05,5.671692792054192e-05,1.3646669994537308,1.3558313226091656,1.3489784637326276,1.254189856346111,1.2789174058975308,1.1871528522556225,1.150292549814829,1.1639266575659477,1.0799573631396393,1.074182415422439,1.069616336626193,1.009041826944472,0.1465601921081543,0.0660298392176628,9.982108116149902,17.256694793701172,2.518357515335083,1.606076955795288,41.33393478393555,21.789894104003903,2240.586181640625,599.6513671875,34.86186218261719,12.396859169006348,-0.74415386,-0.79202133,-0.7864654,-0.79807514,-0.7900471,-0.74572366,0.061954845,0.054060515,0.055266302,0.046023134,0.037669238,0.0439003,-6.2724223,-6.593227,-7.1953087,-7.128023,-6.587667,-9.622338,0.92789555,0.92945373,0.9780391,0.9910343,1.0535136,1.282087,0.1032847240567207,0.0527605712413787,0.089872121810913,0.0394946485757827,0.6939632857196759,0.4615984001323908,0.6505161292948399,0.476855392379411,0.4028247511721354,0.5997720912876049,0.3762121564042834,0.4699332819866413,0.4360258068602782,0.6113348537650781,0.6065167330953007,0.5355545263527438,0.2528529614437379,0.1867121907352762,0.2539919585193291,0.1979719776192641,0.1588832477127324,0.2147535152434984,0.152487971007272,0.1909632530108978,0.1734898388080346,0.2078525796763991,0.2360014236026192,0.2011434527518268,0.5873848795890808,0.1103150621056556,25.484089,6.5809073,5.8226132,0.027081924,9.370345,0.0,0.14895058,0.0,0.0,0.0,0.0,0.0,0.0,0.121868655,0.027081924,1.435342,0.0,0.50101554,0.7853758,6.702776,2.2071767,15.274204,17.413677,8.097495,0.0,0.0,0.0,0.0,0.0,0.0,0.0,0.0,0.0,1.0,0.0,0.0,0,0.6952577233314514,DFpValLtCsI,1,0,0,0,0,0,0,0,0,0
ucIv-sMta7I,4.220478534698486,-12.250630378723145,8.321534546527708,0.0,55.14671669793623,5.037356321839081,5.289469686338123,1.0,0.3111111111111111,0.3666666666666666,0.3222222222222222,0.1,0.2111111111111111,0.0555555555555555,0.1888888888888888,0.0777777777777777,0.2555555555555555,0.6333333333333333,0.3444444444444444,0.0783288776874542,0.0426531210541725,120.65790557861328,120.0,0.1856539845466613,98.0,0.0122199589386582,1.370406150817871,4.565802574157715,61.88087278950718,33.282575739611154,16.342330047959372,6.649052711505312,4.058275095607945,3.817812364132311,0.6278388196795086,2.879874826826108,3.746372415417013,3.3589403738200394,3.9383555118011024,3.373547227706968,21.12586199089341,16.43523054407608,13.857209504677318,11.122879712401348,8.870079483106574,8.422483333866523,7.961034676469845,7.9107559264999585,8.375356641476726,7.412271859507966,7.008875471340377,6.772656414111664,-0.0009167742887669,-0.0006463077043897,-0.0003529902337408,-0.0001335692969889,9.634615507645704e-06,0.0001247474524219,0.000231083829984,0.0002953237882935,0.0002796105379595,0.0001957413782855,0.0001012506079833,4.6254099527418114e-05,2.320035993962994,1.7616258363251496,1.4618165105750636,1.281620282364004,1.1628503585846603,1.160351749590702,1.0652178368683245,1.0209548523965972,1.0076587846863034,0.9727511687686248,0.9032389926462854,0.908872156421034,0.262181669473648,0.1029343083500862,19.390872955322266,28.91046714782715,2.945450782775879,2.088904857635498,19.850706100463867,25.72851181030273,1275.7135009765625,1732.7640380859375,12.363859176635742,9.24496364593506,-0.7168003,-0.7426212,-0.7508525,-0.79702455,-0.8021828,-0.7926871,0.101720214,0.08241752,0.0805075,0.07028918,0.06941258,0.058527756,-7.377988,-7.3482046,-8.607426,-9.215229,-8.983918,-11.134827,3.504773,3.3930233,3.213833,3.1758683,3.241546,3.1691124,0.0826302915811538,0.0664478689432144,0.0624265484511852,0.0842961221933364,0.6853341701605828,0.4511596493228116,0.3425881707464548,0.5927605557931497,0.5954224728661305,0.5677795141551986,0.5471082124364349,0.660337152001958,0.4955838875844489,0.4608268449319016,0.5557248049401617,0.4813632662634364,0.2409790352906343,0.180087357970043,0.183346604405531,0.2123648748717754,0.1912876468303717,0.2157187904681423,0.1954337371049095,0.2111014882015479,0.2052621379855471,0.2085505570650458,0.2516308865335606,0.2200537572225236,0.5283461213111877,0.1281211078166961,56.733307,3.2440588,4.20596,4.9603925,3.0743115,5.186722,0.0,2.5650697,0.0,1.0373445,0.20746888,2.6970954,0.0,0.0,0.0,0.0,0.39607695,0.15088646,1.0562052,0.0,0.6412674,0.0,7.5820446,6.261788,0.0,0.0,0.0,0.0,0.0,0.0,0.0,0.0,0.0,1.0,0.0,0.0,1,0.743777334690094,ucIv-sMta7I,0,1,1,0,0,0,0,0,0,0
l88m22K_RC4,4.131031513214111,-18.257471084594727,6.682231218532431,0.0391061452513966,59.98186015361157,4.611731843575419,3.483011734653587,0.6875,0.4375,0.8958333333333334,0.6458333333333334,0.5208333333333334,0.8958333333333334,0.1041666666666666,1.0,0.6041666666666666,0.6666666666666666,0.5416666666666666,0.4583333333333333,0.0462214797735214,0.0236153565347194,77.988037109375,172.0,0.0,78.0,0.5232558250427246,1.0821927785873413,3.0974137783050537,80.21817388253768,13.57432164069158,13.522490321719804,9.505893542172414,6.667491929765682,8.005463467429077,8.37676998349271,4.382955639684709,2.7248043431499456,1.8279720614049677,1.1003784645152912,4.606469515570273,14.234869154517868,12.973445734282606,12.717270759028947,8.808898928863643,9.346555483187563,8.497387696137231,7.745470959043902,7.576183637245798,7.420453830209175,7.158218934243617,7.030735591683544,6.914636606690947,-0.000263354846853,-0.0001856616389974,-4.2565472475378486e-05,0.0001116633062243,0.0002092361933432,0.0001750975785744,9.75533559294844e-05,9.488518658281622e-05,0.0001258378423034,0.0001233520195252,9.267918400908076e-05,9.056359593033253e-05,1.4036044058228028,1.3614691466251607,1.4081262699838073,1.2100836002750457,1.198953891317311,1.1556282939392932,1.1006278382875654,1.0455356898533992,1.04760449144425,1.015161554304696,0.9961627601580229,0.9792492583549396,0.229893758893013,0.0804531052708625,15.285650253295898,28.141036987304688,2.5849194526672363,2.041131019592285,21.124038696289062,16.700641632080078,1145.6617431640625,625.8126220703125,20.5312557220459,11.865389823913574,-0.7218281,-0.75239074,-0.74640447,-0.7854682,-0.79908353,-0.76114565,0.067894354,0.07016806,0.06508491,0.042799983,0.03331849,0.04290707,-6.5583544,-6.660281,-7.2879953,-7.6036773,-7.703665,-10.874824,1.5760735,1.2727013,1.3036809,1.2280726,1.2478373,1.328868,0.0791869536042213,0.0512304939329624,0.0463805943727493,0.0455774366855621,0.5005390143097026,0.2938708407058323,0.386627653601503,0.4068628263491834,0.2582977692337309,0.4153680275515127,0.2129200775850548,0.358895888791654,0.3841673818247391,0.3188309900794018,0.4989598087841415,0.3101577853578873,0.2918022395408285,0.198317225337372,0.2269753191372161,0.2494081871936888,0.1516446841769969,0.2578277153177765,0.1383318635919632,0.2441561033210057,0.2506327282580689,0.1840314599571955,0.2664902552033971,0.194709952330939,0.5436131954193115,0.1146428510546684,11.91461,9.046031,19.51968,1.1607739,1.9346231,3.1487658,9.793196,4.1761174,0.7471648,0.0,0.0,0.0,0.0,1.4409606,0.40026686,0.21347564,0.0,0.49366245,0.36024016,2.7351568,2.8418946,6.3375583,9.659773,14.076051,0.0,0.0,0.0,0.0,0.0,0.0,0.0,1.0,0.0,0.0,0.0,0.0,0,0.6969854831695557,l88m22K_RC4,0,0,0,1,0,1,0,0,0,0
uqL__w9_iMU,5.28538703918457,-14.079790115356444,5.886229189445846,-0.0911602209944751,63.502134139307415,3.767955801104972,3.811333885530988,0.5,0.5,0.5967741935483871,0.3870967741935484,0.4032258064516129,0.2258064516129032,0.1129032258064516,0.3548387096774194,0.532258064516129,0.532258064516129,0.6935483870967742,1.0,0.0274018011987209,0.0234660673886537,148.8823699951172,148.0,0.4308943152427673,157.0,0.0224887561053037,1.010676622390747,3.574777364730835,62.98889221014313,23.35135371789263,19.00330335529876,13.73956900937487,8.75805975101389,6.320962671530547,0.4920253528906311,0.4269394757582141,1.2797148738240909,-2.015811948204737,0.4970220404021926,1.683384638132838,14.980933249811766,17.913227998067644,13.761373418972116,9.268841420152595,9.947931634351582,8.580758269097428,8.610262101868004,8.75022030173053,8.574118870243222,7.996718958516782,7.646536412653282,7.664168687365116,0.0002010965811854,4.611328557786126e-05,1.205425660333883e-05,3.0147687103870712e-05,4.329785558191668e-05,5.342071512105193e-05,6.795304683209525e-05,6.865970814466383e-05,6.023173445867546e-05,7.016207126603521e-05,8.338569234236308e-05,7.727098122886323e-05,1.3695507924126082,1.3378469046298402,1.237952507919562,1.00834591460479,1.0563725028203932,0.974962023956898,0.9467327027810188,0.9524150363339162,0.9218091761487464,0.914926065748053,0.8839470450368965,0.8852410935049451,0.2444281131029129,0.0686094760894775,19.425729751586918,26.08768653869629,2.921379566192627,1.995160460472107,17.375696182250977,15.874381065368652,1005.6495971679688,573.6060791015625,11.135289192199709,6.926958560943604,-0.72544694,-0.7442091,-0.74676454,-0.7663605,-0.77803856,-0.78191996,0.07352258,0.06459944,0.09221213,0.063354716,0.056429826,0.03816175,-6.883494,-7.240904,-8.264601,-8.522563,-8.612805,-11.14053,1.1728195,1.0326724,1.2341955,1.2167202,1.238719,1.4140441,0.0617686733603477,0.0531587600708007,0.0494846701622009,0.0365955308079719,0.5947390865227636,0.4450159349104823,0.4675248367439732,0.3744541403254198,0.4230411747181568,0.5536994474604856,0.3337321599697376,0.4243936907714485,0.4040775306948029,0.4396118329798309,0.4335521548919941,0.4271941158935155,0.2490594337323383,0.2279499073214747,0.2715272562321293,0.2278369538300335,0.24447709629054,0.2486963154067589,0.181555245052883,0.2400873898456357,0.2266425120038671,0.2782889295290943,0.262609140701278,0.2246907420674005,0.5242476463317871,0.1173666715621948,27.277433,3.3298826,25.15528,17.218771,5.900621,0.0,1.0351967,0.08626639,0.18978606,0.22429262,0.2415459,0.0,0.0,0.0,0.0,0.051759835,0.0,0.6901311,0.0,3.0193236,0.0,6.9185643,4.347826,4.3133197,0.0,0.0,0.0,0.0,0.0,0.0,0.0,0.0,0.0,1.0,0.0,0.0,0,0.8206796646118164,uqL__w9_iMU,0,0,0,0,1,0,0,0,0,0
4_ja638U3Vs,3.245549201965332,-14.962465286254885,5.902700991322086,-0.0327455919395466,69.12097453889722,3.279596977329975,3.247151332648253,0.3934426229508196,0.9016393442622952,0.7704918032786885,0.5737704918032787,0.4754098360655737,0.2622950819672131,0.0983606557377049,0.4098360655737705,0.2622950819672131,0.3934426229508196,0.9672131147540984,1.0,0.052089687436819,0.0187353286892175,117.27670288085938,117.0,0.1004565954208374,110.0,0.0177777782082557,1.287914514541626,4.832135200500488,69.61767282523746,19.05112304230778,20.838895892300997,8.655098330008048,4.586435778797523,-0.1024634408546435,1.4432106360692174,4.708738020065503,0.3189545433146703,1.0378259575620403,4.574646158836919,4.279402659796311,18.33637602131366,17.117970019109094,15.572158693579008,11.956161780190785,12.75844541523763,10.081382122291744,10.810621517384906,11.571662167051056,10.377113744240214,10.463373080172166,10.376898668890496,10.786473608097731,-0.0008634411223779,-0.0003557565262361,-0.0002206274760698,-0.0002014687517413,3.493899163799526e-05,7.038993992006248e-05,2.184835794807208e-05,-6.323145770201154e-05,-4.0602662681439896e-05,8.522120237457661e-05,0.0001229777889733,0.0001069358910797,1.945593510144264,1.923599603743712,1.6921111759593035,1.492602964186614,1.4595887573568531,1.3885752550344843,1.2739432468600247,1.3406563287327948,1.282585890514347,1.2454678639254029,1.2690226848187318,1.2697259831326997,0.1820528507232666,0.0686684176325798,16.9743595123291,37.50188446044922,2.861077785491944,2.132732629776001,28.69375991821289,20.52218246459961,1635.921875,850.9981079101562,18.97525787353516,9.014155387878418,-0.7484818,-0.7506755,-0.72226524,-0.7517737,-0.7754255,-0.78202623,0.10135426,0.074295826,0.08352176,0.060515553,0.049874406,0.04624636,-6.609829,-6.69128,-7.918002,-7.9153175,-7.591126,-9.645016,1.6028086,1.5451351,1.4896456,1.4458135,1.4765555,1.5287535,0.0944109857082367,0.0509622283279895,0.0761440470814704,0.0465707518160343,0.751667851645127,0.451357395818428,0.4500305464780499,0.6626216142441409,0.4293988260375836,0.6991080243179438,0.3673480333595131,0.4812426612745189,0.6173880025959875,0.6034853932048553,0.6454456863811563,0.5361871676473025,0.2078748558435299,0.1749310662608969,0.1685836015544532,0.2412315705703494,0.1610785970823632,0.2356841017117683,0.1619898676702284,0.2027795063829903,0.22580716523951,0.1970787376175072,0.2260169176707039,0.2010960857030048,0.4995594620704651,0.1320751309394836,52.964745,4.366987,22.015224,10.016026,0.6610577,2.1434295,0.08012821,0.46073717,0.78125,0.84134614,0.54086536,0.16025642,0.0,0.0,0.0,0.0,0.0,0.020032052,0.5608974,0.34054488,0.8213141,0.0,2.6442308,0.58092946,0.0,0.0,0.0,0.0,0.0,0.0,0.0,0.0,0.0,1.0,0.0,0.0,1,0.6353117823600769,4_ja638U3Vs,1,0,1,0,0,0,1,0,0,0
O8TzO9DM16c,3.9903392791748047,-8.634926795959473,6.5647201436494464,0.0615384615384615,66.22102261927397,3.8615384615384616,4.3901180046411685,0.5283018867924528,0.5849056603773585,1.0,0.3773584905660377,0.0943396226415094,0.320754716981132,0.0377358490566037,0.1698113207547169,0.1698113207547169,0.3584905660377358,0.660377358490566,0.6037735849056604,0.0586637370288372,0.0393226407468318,99.94620513916016,99.0,0.3574144840240478,88.0,0.0074349441565573,1.553126096725464,3.957237958908081,48.98291453852377,15.927921872216189,13.703475186270582,12.324126346645428,9.125857254127116,9.457440590197956,10.060250792667754,9.281214654974518,4.3424526177884655,2.626119915389314,4.682393319128569,3.595382015428859,22.392937314247607,19.03544178466472,16.29799768633101,12.46385042427824,14.138780673212365,10.314405802725444,9.74182532320014,9.77843903163858,9.374615140855836,8.279698313074759,8.78768818819274,7.861170294996793,-0.0002367473066057,0.0002403392393979,0.0001333754000989,-4.0481816622890905e-05,-0.0002323961753698,2.4833731907105236e-05,-0.0001213488818777,-5.461157139981516e-05,0.0001583459683288,0.0001985374684495,3.1808908366505384e-05,1.2466991597908294e-05,2.5711709184621223,2.1018803511976003,1.6598712535477456,1.3511079775268051,1.4411208676162175,1.1851789444590493,1.0898112779248783,1.112325057209767,1.0317471015685975,1.0102685068406847,1.0568692359323657,1.034129155704524,0.2349063158035278,0.0962528437376022,50.473026275634766,95.05638122558594,4.502948760986328,4.077061653137207,26.276153564453125,33.42291259765625,1756.7353515625,1651.4095458984375,12.809971809387209,12.260430335998535,-0.7485752,-0.74381995,-0.7364265,-0.7742156,-0.79088885,-0.8017783,0.082095645,0.08678507,0.086780824,0.06744503,0.055904716,0.0458095,-7.616715,-7.9802685,-8.503118,-8.51662,-8.508041,-10.369189,3.2808309,2.966099,2.9180758,2.9201264,2.9415398,2.8296537,0.0993297100067138,0.0736724883317947,0.0736629292368888,0.087864376604557,0.7457171193847002,0.6372512189383744,0.4799279275122327,0.5141194545790518,0.2807457744689294,0.325593507645993,0.2561444999057588,0.3512917294656793,0.6749257748158872,0.6597708859174597,0.5709162399666962,0.5071669170361428,0.2318540562654525,0.2594473159347585,0.2030406062617958,0.2405216537524187,0.1257494411962561,0.2101418066975483,0.1144352147883141,0.1524557776051201,0.228503309897057,0.1984395659636683,0.2082291608807612,0.2033706582856144,0.4353784024715423,0.1803312003612518,25.57676,44.915977,6.978069,0.45571062,2.363999,0.22785531,0.0,0.0,0.3702649,0.0,0.0,0.0,0.0,0.0,0.0,1.0253489,0.0,0.028481914,0.0,0.22785531,0.0,0.14240956,11.4212475,6.2660213,1.0,0.0,0.0,0.0,0.0,0.0,0.0,0.0,0.0,0.0,0.0,0.0,0,0.5596744418144226,O8TzO9DM16c,1,0,1,0,0,0,0,0,0,0
8MaLmg40Bd0,2.965903043746948,-10.278892517089844,4.299093183366163,0.0,57.14883085281911,4.852380952380952,3.448549598173957,0.7128712871287128,0.2079207920792079,0.2673267326732673,0.198019801980198,0.0891089108910891,1.0,0.0396039603960396,0.900990099009901,0.0495049504950495,0.198019801980198,0.2673267326732673,0.2277227722772277,0.0563478022813797,0.0252458248287439,178.20608520507812,178.0,0.0,185.0,0.3217158317565918,1.376392841339111,3.52888298034668,73.56511117326374,30.83050974257664,25.488352680802173,14.682179200374511,13.466116342215336,8.096184843097387,1.4792956798179064,-1.5702773141365056,-0.90621713179193,-0.4642842182229512,-2.358613150664889,-2.840300764210677,13.25001582637479,14.72627071440808,12.872154195277895,9.99180660249634,10.39319128544758,10.6121515418285,8.53348227802495,8.611879232684885,8.595623196305235,7.81260071525134,7.530564380534283,7.147702677240469,-0.0004907746142074,-0.0006170667118699,-0.0005942806410098,-0.00035512920811,-0.0003274771610585,-0.0003644196781512,-9.459204980579056e-05,8.990690826765027e-05,-4.425863224717419e-05,2.9647913045811404e-05,-5.303601171328041e-05,9.91924239245615e-05,1.5689554289559984,1.458094877471846,1.3533232638202428,1.234724769178723,1.1592945510543742,1.1790855459691765,1.0878953105729894,1.094178802572576,1.0972034097996997,0.9869256336829892,0.9770592076888774,0.9678858832420116,0.2337362766265869,0.076623223721981,31.736082077026367,81.72891235351562,3.9311790466308594,2.020874261856079,14.206920623779297,13.74694538116455,954.4404907226562,582.2495727539062,16.343017578125,10.240007400512695,-0.6576566,-0.72800845,-0.7482743,-0.78598577,-0.7891935,-0.79428864,0.0760557,0.08567751,0.07825779,0.067670986,0.05535957,0.041844048,-6.4702544,-7.0343046,-7.955689,-8.217753,-7.9003644,-10.010068,1.3592707,1.3429207,1.325039,1.3975294,1.3750776,1.3649356,0.0937584862112999,0.0554937981069088,0.0558732412755489,0.0358604155480861,0.8913052371126319,0.3638601477734571,0.3091762394537038,0.2676292869824196,0.3064843229101623,0.501244565498642,0.4146313220413191,0.6870980606782574,0.3717470954544307,0.4007336726153716,0.4781085292038706,0.4146074984481803,0.1689579683118855,0.1503913905416634,0.1407502619036169,0.1689004408414963,0.154015810062607,0.2292748844266581,0.1526454855130597,0.2092237520841036,0.1453367528743211,0.1838375952794235,0.2198089747185072,0.1627205752582763,0.5561915040016174,0.1080272123217582,0.16756657,0.16756657,0.0,0.0,0.0,0.0,0.0,0.0,0.0,0.037237015,0.05585552,0.0,1.470862,0.0,0.018618507,0.0,5.045615,0.20480357,1.0426364,0.16756657,0.33513314,12.176503,0.91230685,78.19773,0.0,0.0,0.0,0.0,0.0,0.0,0.0,0.0,0.0,0.0,0.0,1.0,1,0.728840708732605,8MaLmg40Bd0,0,0,0,0,0,0,0,0,0,0
Y_Uao33AOZM,3.987436532974243,-14.701654434204102,5.528394627362571,-0.0466472303206997,71.00166622352205,4.479591836734694,4.489900277080302,0.6946564885496184,0.648854961832061,0.3816793893129771,0.3511450381679389,0.2977099236641221,0.3206106870229007,0.2213740458015267,0.3053435114503817,0.1755725190839694,0.3893129770992366,0.4503816793893129,1.0,0.0444315746426582,0.0296864937990903,105.9858856201172,105.0,0.3038673996925354,110.0,0.0018348623998463,1.645216703414917,5.2047119140625,45.1819562629634,17.507210450972224,21.112006454551416,10.147210525282723,11.961752850853646,8.411440305753217,8.465243987417548,5.294556649589051,3.542436910007871,0.2877016847112471,1.7871088514312083,-0.2700227337853829,17.912142364007103,17.837701811469923,14.65875086569224,13.329880323969627,11.091284104966096,10.383178911116268,9.830949888849055,10.503414807385356,9.261020292090784,9.153786531308969,8.672706024309447,8.669041450035884,-0.0004145077509685,-0.0002735297289742,-0.0003606744120624,-0.0002895821818818,-0.0003054997285619,-0.0002257079260514,-0.0001267311072323,-7.023998802670462e-05,-0.0001093781748442,-6.725601429321212e-05,-8.550263188388123e-05,-4.993617487091352e-05,2.113192209820641,2.175857562931463,2.199633373523167,1.7403558716123724,1.40101692223557,1.290432184490497,1.218373969642096,1.34312793305563,1.0322373464953742,1.1136770716838489,1.1642436296862917,1.061380142455724,0.1781515628099441,0.0819221585988998,29.363529205322266,62.333438873291016,3.7996225357055664,3.0032155513763428,35.46101379394531,30.18488883972168,1978.10595703125,832.4854736328125,18.43001747131348,14.472872734069824,-0.7412844,-0.7626919,-0.7810809,-0.80722356,-0.8049934,-0.74781406,0.07215824,0.08918944,0.0706422,0.05248373,0.042862326,0.046010736,-6.9182634,-7.424173,-7.696676,-7.7776628,-7.4174805,-9.732788,1.3697934,1.2047743,1.2440844,1.2787863,1.3081176,1.1512692,0.0914117023348808,0.0578316934406757,0.0985802114009857,0.057182177901268,0.8054082641935751,0.4096874891852346,0.5845771490054081,0.6021384391606796,0.5879086000168396,0.6776175952166835,0.4652994278499133,0.6004126796848739,0.3068851278894669,0.4392132031659957,0.6904473571692735,0.666455587745822,0.2117387474191831,0.138986030335791,0.1928587904504538,0.2257465456848337,0.2166038894897771,0.2439600161001812,0.1937604497726225,0.2336038138860785,0.1377641398724587,0.1487556059884975,0.2041503965593263,0.1820036148371011,0.5182487964630127,0.1624030917882919,17.976011,1.0194902,11.949025,1.1094453,1.6341829,0.3598201,0.20989506,0.0,0.10494753,0.0,0.7946027,0.3298351,0.0,0.11994003,0.0,0.089955024,0.23988006,3.8530734,0.044977512,0.97451276,0.014992503,0.8245877,3.1334333,55.217392,0.0,0.0,0.0,0.0,0.0,0.0,1.0,0.0,0.0,0.0,0.0,0.0,0,0.605621337890625,Y_Uao33AOZM,0,0,0,0,1,0,0,0,1,0
3nDWRkr6qzI,2.9066061973571777,-10.374090194702148,5.216618629554958,-0.0474308300395256,56.83036192201589,2.984189723320158,3.267964493745993,0.5892857142857143,0.7142857142857143,0.4821428571428571,0.125,0.1785714285714285,0.125,0.1071428571428571,0.2142857142857142,0.1785714285714285,0.2321428571428571,0.5714285714285714,1.0,0.064370296895504,0.0655010566115379,101.88133239746094,101.0,0.5263157486915588,96.0,0.0401785708963871,1.1381075382232666,3.8043735027313232,48.94803074305352,34.63578877631768,26.476332746752828,19.19318955633876,13.442158933111072,8.113732605724914,6.31334520679491,6.52764017657505,5.421789631908034,2.847682330963869,2.3420691957587816,0.6211968654733132,16.86665745083305,12.092047930344334,11.301399168896788,10.224180852299735,9.211051901294637,9.224515546255809,9.120254782119106,8.229990191122397,8.5115832112653,7.222883086436651,7.422953745493498,7.02798515981135,-0.0002566578469414,-0.0002437417640855,2.1610778423816813e-06,7.331998759915332e-05,5.4723728902267873e-05,0.0001731992337345,0.0001704237421217,9.462917030640944e-05,0.0001049605429342,4.81141804006283e-05,-3.8523864881160205e-06,-6.556903780595876e-06,1.8830094699264448,1.5085080136784184,1.375885487620075,1.1663203058992329,1.0937790711676816,1.1226709229766776,1.0524852966637066,0.979861821357426,0.9938925304499748,0.9099532978153864,0.8946597053423468,0.8854743933667827,0.2774810492992401,0.0897798314690589,54.1397705078125,77.58612060546875,4.863015651702881,2.995292901992798,15.41425323486328,23.925609588623047,1044.510986328125,860.8748779296875,10.46052360534668,6.785045623779297,-0.6811609,-0.7122496,-0.76726896,-0.7983632,-0.7943045,-0.780212,0.08392196,0.0957032,0.07277747,0.056681003,0.051986124,0.047707766,-6.4399543,-7.393976,-8.274677,-8.2412815,-8.017168,-10.030574,0.67070293,0.7152217,0.737938,0.73505473,0.7849227,1.0334786,0.0889694318175315,0.0673550516366958,0.0485429354012012,0.044287584722042,0.6165531185119996,0.5285712646062264,0.3956216031902963,0.3968456888546724,0.3315204640459319,0.4004613387503585,0.3825745106736036,0.408736219688392,0.3734071058397539,0.3041137060089464,0.4532194417245744,0.3681627749112336,0.2818466815665122,0.2825894376672226,0.2454371187504951,0.2754045894898235,0.231895297107249,0.2689031104049378,0.2562720651733179,0.26720446246392,0.251580955053662,0.217271898117224,0.2928552914379031,0.2219618422304319,0.4540787637233734,0.1320912986993789,15.544761,7.980569,7.7376823,4.44136,2.463567,6.2803607,0.0,3.7473977,0.5204719,3.7820957,0.3816794,1.387925,1.4573213,0.0,1.6308119,1.8043026,4.337266,1.1797363,0.832755,0.6592644,2.0471895,4.649549,5.4476056,21.686329,0.0,0.0,0.0,0.0,0.0,0.0,0.0,0.0,0.0,0.0,0.0,1.0,1,0.548988938331604,3nDWRkr6qzI,1,0,0,0,0,0,0,0,0,0
N7nKt3KTWVg,3.411949872970581,-8.719951629638672,6.523995075510231,0.1038961038961039,62.18082900399108,4.498701298701299,4.231683018672097,0.684931506849315,0.2602739726027397,1.0,0.5205479452054794,0.3835616438356164,0.3698630136986301,0.0410958904109589,0.4794520547945205,0.2465753424657534,0.1506849315068493,0.8082191780821918,0.3287671232876712,0.0428711101412773,0.0210363194346427,136.0915069580078,136.0,0.1209015846252441,108.0,0.0116054154932498,1.1123144626617432,3.226578950881958,77.26784497019278,6.4374177284935055,22.05368479844464,13.692841819160195,2.6581552826345622,4.718287218292881,4.563236059601331,3.3041593850569666,1.2275026651270713,1.060670406684864,3.3950429838083127,3.158926510296527,14.19253659736353,13.386819029201884,12.063122141446652,8.950344971071306,9.974592443213188,8.197398236463181,8.236929216280851,8.39352052857745,7.41054423654612,7.006126694422164,7.308031337337005,6.931369848932134,-0.0008119810415025,-0.0002268675711879,-0.0002688015271843,-4.614216127761901e-05,6.349429507844261e-05,-1.3130738280914376e-05,6.898992955234379e-05,0.0001088687550165,0.000140751114715,0.0001286470421868,6.537412696887884e-05,7.164814769047682e-05,1.468529935825175,1.3631984471346654,1.2991920978817448,1.1616064240843096,1.2371214725227182,1.1111935440833158,1.0860857754507731,1.1038088126674457,1.01698843648303,1.026416185948323,1.0370261612267115,0.9799684011682628,0.2084235250949859,0.0713677927851677,9.333599090576172,13.568807601928713,2.398186445236206,1.2135615348815918,23.141077041625977,16.127174377441406,1318.48876953125,591.65869140625,23.271286010742188,10.620060920715332,-0.7236475,-0.74717367,-0.77448446,-0.7908757,-0.7859858,-0.77976924,0.06612118,0.08545283,0.057178378,0.04803709,0.046719983,0.04096488,-6.5230823,-6.631592,-7.2500734,-7.376949,-7.548594,-10.476843,1.0361294,1.115927,1.1877751,1.2098519,1.3028785,1.6221199,0.0829635560512542,0.0541521497070789,0.0534119270741939,0.0337609536945819,0.7448039906275701,0.3723514388638165,0.4085654406154941,0.2491154761194518,0.3152500314967095,0.4062247897040719,0.3970997503223702,0.6441882308764614,0.3408267641935211,0.3601809477255156,0.2962013092070213,0.4206396476992013,0.2741545599371986,0.173592552729294,0.2329438519407074,0.1543833784305271,0.2086582171037196,0.2640549932762394,0.1791098351586903,0.2381463977912039,0.1515349284186829,0.1752277290887662,0.1346126422537676,0.188072760364144,0.532418966293335,0.1142915114760398,58.34336,1.0629764,15.483354,0.36101082,0.40112314,0.0,0.0,0.0,0.0,0.0,0.3208985,0.0,0.0,0.0,0.0,0.20056157,0.0,3.7705576,0.0,1.2234256,0.0,0.020056156,15.683915,3.1287606,0.0,0.0,0.0,0.0,0.0,0.0,0.0,1.0,0.0,0.0,0.0,0.0,0,0.833031952381134,N7nKt3KTWVg,0,1,0,0,0,0,1,0,0,0
a7uzNlneBMk,2.819502830505371,-18.56102180480957,6.098743489410512,-0.0060240963855421,62.77965618225388,4.207831325301205,4.073370632399936,1.0,0.7321428571428571,0.6071428571428571,0.5357142857142857,0.2857142857142857,0.2321428571428571,0.1428571428571428,0.2857142857142857,0.25,0.4642857142857143,0.6607142857142857,0.7321428571428571,0.0339052379131317,0.027436314150691,105.11419677734376,105.0,0.6277173757553101,110.0,0.0444444455206394,1.2297866344451904,3.1917335987091064,63.83495445319967,23.044895920491257,27.83108188791592,6.1136595011489545,-5.9919744918574205,3.801684643392623,-3.50019021835862,-5.908955511642834,3.5096461592612624,-1.011134586192619,-3.60912795507434,2.2624262893087423,12.1892488213224,10.98307522457417,10.59964560331084,8.861647584057271,8.99084974495817,8.338434239711342,7.337317167335372,7.14075611825854,7.411552985628158,6.447279268440924,6.536694871614976,6.621948739316096,-0.0011119627389829,-0.0006498185912657,-0.0005445662433144,-0.000193103082489,-5.560654311506795e-06,-7.494259487973566e-05,3.20341708449244e-05,3.8366318833056167e-05,-4.704055130814369e-05,5.357529114429464e-05,0.0001099816768606,3.554843935770502e-05,1.5164124582193383,1.2903327769987545,1.2690063218848973,1.1111817881625166,1.1055893932628542,1.086958924984269,1.0243672594300437,0.9639932634244488,1.0178466644743978,0.9120889719802792,0.8995585444953966,0.9044669083111188,0.1943401545286178,0.0915407538414001,11.174059867858888,13.605332374572754,2.592627048492432,1.305967926979065,24.76097869873047,20.930599212646484,1472.7017822265625,1374.4375,19.653417587280277,8.119169235229492,-0.6977915,-0.75412184,-0.7770481,-0.7946304,-0.7679744,-0.77205455,0.08432681,0.07533352,0.059405487,0.04701682,0.049334057,0.04259391,-7.043917,-6.8238516,-8.029665,-8.21766,-8.006298,-10.761011,2.8031547,2.845869,2.7701807,2.7574368,2.8396323,2.563469,0.0712755396962165,0.0531201399862766,0.0689713582396507,0.0686331614851951,0.7057150162383337,0.4042262516444595,0.3945914118364458,0.3246343926443428,0.4787842298125602,0.5701606500328325,0.4387596521207009,0.5133871217932294,0.3992526764781056,0.6489005445612559,0.4595843186325526,0.4970835500128873,0.2398488947467949,0.1789676909463055,0.2258452152151711,0.1747708974503198,0.234284799427797,0.2177624667326116,0.18402521820318,0.2047842241013239,0.1750040610687635,0.2229136695064624,0.1802050197423598,0.2308203220000086,0.5978608727455139,0.098421961069107,20.965645,17.604456,6.6666665,0.0,0.7799443,0.0,0.35283193,0.51996285,4.549675,0.16713092,0.0,0.0,0.0,0.0,0.0,1.077066,0.037140206,0.0,0.22284123,0.11142062,0.0,3.3797586,18.365831,25.199629,1.0,0.0,0.0,0.0,0.0,0.0,0.0,0.0,0.0,0.0,0.0,0.0,0,0.7838728427886963,a7uzNlneBMk,0,1,0,0,0,0,1,0,0,0
K9cNWhT4HX0,4.455355644226074,-8.977683067321777,6.522466466333413,-0.0366197183098591,69.9684632679102,4.867605633802817,4.334199883854884,0.5862068965517241,0.5517241379310345,1.0,0.4482758620689655,0.3103448275862069,0.4310344827586206,0.2068965517241379,0.3793103448275862,0.1724137931034483,0.4482758620689655,0.603448275862069,0.9827586206896552,0.0967369228601455,0.0357667058706283,100.9851531982422,101.0,0.1853035688400268,92.0,0.0094936704263091,1.767317295074463,3.0984549522399902,48.16523180714447,13.308249421462673,12.025728484276074,9.664220593849013,4.683725390493305,5.011783610561459,4.5936476369148735,5.250127741888884,7.83746399131716,2.4045450916883326,2.582212085357165,1.913470571125594,21.106458081964742,15.289575850545893,15.404328885220826,12.19216541678494,11.544033322753432,10.416583083416178,8.992869514164925,9.876193989024683,9.065042683553978,8.421783192564101,8.542201963197602,7.90981462277511,-0.0001977165427262,-0.0003184830466873,-0.0003485169339641,-0.0001816136332063,3.828233215288428e-05,6.567118002973672e-07,-6.414897585815417e-05,-3.5331288214422845e-05,5.74234478121712e-05,1.513101348850943e-06,-0.0001556406388794,-0.000169307910005,2.50717246437741,1.7339708016189583,1.52351098609653,1.330558053764222,1.3591354607888055,1.2294363008139075,1.1460688004192885,1.112868014472738,1.0636546925518915,1.0796261151083562,1.0602061702178929,1.020777556156114,0.1814736574888229,0.0641943886876106,19.70357894897461,45.42623519897461,2.891020536422729,2.5416505336761475,30.94829559326172,26.86918067932129,1660.1260986328125,701.0277099609375,14.974957466125488,12.216024398803713,-0.75033486,-0.75547165,-0.75698817,-0.7841282,-0.7850308,-0.7664286,0.08778383,0.0745888,0.07466663,0.060645275,0.05055231,0.04237119,-7.1726904,-7.27248,-7.8857555,-7.9589286,-7.873256,-9.921744,1.408952,0.97222227,1.0748649,1.0357549,0.988333,1.1238,0.0864007994532585,0.0731353610754013,0.07547577470541,0.043329682201147,0.8046618757867362,0.7586961676612778,0.6890616898610621,0.5694706075111599,0.4854228362678962,0.7368154885045117,0.6032779813323617,0.5268863697326052,0.2981864792154241,0.3226301290135983,0.3116642116601507,0.6497242231769788,0.1760572001304572,0.2191557503967099,0.1929412761586245,0.1864250995808195,0.1681259897124902,0.2181396551030932,0.2384446589663999,0.2107269041092357,0.1319937772931245,0.1276107503200252,0.1624840876056274,0.1703378133137877,0.5112672448158264,0.1283329725265503,1.3991164,0.66273934,18.360334,3.7309768,3.8291605,1.3500246,0.8100147,0.0,0.0,0.0,0.0,0.245459,0.44182622,0.3927344,0.0490918,1.7182131,0.245459,6.0628376,0.83456063,8.370152,1.1291114,3.0436916,39.76436,7.5601373,0.0,0.0,0.0,0.0,0.0,0.0,1.0,0.0,0.0,0.0,0.0,0.0,0,0.5137495994567871,K9cNWhT4HX0,0,0,0,0,1,0,1,0,0,0
t9ybsLjMNZM,3.474966764450073,-22.788837432861328,6.814451548063983,0.0299539170506912,71.08377858516776,5.071428571428571,3.942789520558167,0.72,0.64,0.82,0.68,1.0,0.9,0.28,0.66,0.6,0.72,0.92,0.74,0.0312787406146526,0.0123110450804233,101.79049682617188,101.0,0.3300970792770386,89.0,0.0048309178091585,1.123340368270874,3.5014994144439697,69.42376339123506,5.014630587628301,23.158396540220146,4.697357441810947,4.540338205562822,-0.1011046468307778,-5.399954431364808,-1.2668566615509855,-1.2591077866106333,-1.329819204476956,-1.1962979119124395,-3.773506211747079,17.689966057532562,14.467074389303544,14.645129332417858,10.41164362113922,9.986979761185411,9.024114180620074,8.769053123521521,8.650175346078685,8.737724896040232,8.221857450585686,7.593357682151294,7.305447618298407,-0.0004615162920042,0.0001100032072409,-0.0002992486430652,8.764718363132572e-06,-0.0001170041643253,7.76569911945569e-05,0.0001411998174231,-7.065664751273025e-05,-2.0755164451875525e-05,-4.784032610149919e-05,-6.0113424122938266e-05,2.113167824895113e-05,1.8437689131353725,1.557136473930914,1.5157678206962286,1.3442672235320046,1.3040992740467492,1.2843204199753324,1.2391094803724003,1.218752360196823,1.1990497237882392,1.159835687279005,1.1319314708998776,1.0863826187788976,0.1251292824745178,0.0443352907896041,6.685564994812012,8.53471565246582,2.0828659534454346,1.0547852516174316,38.806453704833984,22.16744613647461,1838.3946533203125,639.8067626953125,26.925033569335938,12.60983943939209,-0.70578456,-0.77138054,-0.78413206,-0.80060124,-0.79189324,-0.774499,0.06475819,0.06128766,0.056063306,0.04770786,0.041529667,0.038020156,-6.754526,-6.456454,-7.249681,-7.2328596,-7.040177,-9.524161,0.9841298,1.0304093,1.0475321,1.0230707,1.0071211,1.115832,0.0812809914350509,0.0358754955232143,0.1025803312659263,0.0620780661702156,0.7303721980625494,0.498446208343324,0.5336312331038586,0.4387627528656637,0.6235133555713528,0.6955134230765945,0.4163216582275794,0.5839210783079929,0.4121162232504798,0.6625392239232126,0.4055372613359096,0.3872008971097027,0.2034777129681899,0.1753119430298688,0.2112938908998762,0.1742197972513768,0.2195611512045157,0.2076477186790775,0.1815921646976306,0.2134452976114147,0.1604198283784663,0.224957529673501,0.1858412391473673,0.1677597142767874,0.6627407670021057,0.0835503712296485,22.060492,17.977316,26.63516,0.39697543,0.018903593,0.0,0.0,0.0,1.0018903,1.1720227,2.3818526,0.92627597,0.0,0.0,0.0,0.0,0.6994329,1.0207939,0.0,0.64272213,0.0,0.9073724,11.304348,12.854443,0.0,0.0,0.0,0.0,0.0,1.0,0.0,0.0,0.0,0.0,0.0,0.0,0,0.7954174280166626,t9ybsLjMNZM,0,0,0,0,0,0,0,0,1,0
cs_F2VRRZRM,3.955303430557251,-11.12083911895752,6.816286691484147,0.0393162393162393,63.35248533929064,4.705982905982906,4.82114804567753,0.5630252100840336,1.0,0.4201680672268907,0.3361344537815126,0.2016806722689075,0.1596638655462184,0.2100840336134453,0.3109243697478991,0.1596638655462184,0.2773109243697479,0.4621848739495798,0.8151260504201681,0.0860683023929596,0.0667177215218544,90.73575592041016,91.0,0.1431924700736999,86.0,0.0138888889923691,1.4434680938720703,5.3035383224487305,49.5820950971684,14.038397459256917,4.550930467886841,1.4738053834763978,0.2364804112142823,0.4216461749504979,0.246582220421048,0.4342335563265641,2.0828365402263667,3.132782602373129,2.585196872479323,2.662952618939611,23.546835410882515,19.01604529558923,20.4540469343524,15.755936626112968,14.629813596440286,13.349684127837254,11.81100114296578,11.44239101194145,10.46563032986888,9.323263401066978,9.433017316766884,9.1440137463726,0.0001875285183179,0.000130594833904,0.0001764874144122,9.950579733054378e-05,2.088084332843373e-05,-1.4382101557897033e-05,-1.105409560878676e-05,-5.010641357017869e-05,-0.0001009416209756,-7.998344902524855e-05,-4.819307006881443e-05,-3.071952562306796e-05,3.3541148577422177,2.224496021379048,2.3388544439699483,1.9083440998886416,1.667626791024109,1.633794319315798,1.419479901648384,1.3973739998174286,1.4430660959398598,1.3007340821176268,1.2981338902950104,1.2052664564953988,0.2444853782653808,0.1054949983954429,32.56954574584961,77.13336181640625,3.070099353790283,3.2364094257354736,20.461780548095703,24.90571975708008,1203.8856201171875,791.7952880859375,11.386738777160645,9.101240158081056,-0.6908144,-0.73001045,-0.7605068,-0.80231315,-0.8095118,-0.7856007,0.100225694,0.09479161,0.08486503,0.06110918,0.048546053,0.044353183,-7.8816957,-7.1577687,-7.7789135,-8.151368,-8.236161,-10.6975765,1.3512766,0.9900729,1.001298,0.97016543,1.0245134,1.1075993,0.0994908139109611,0.0870408788323402,0.0523172095417976,0.049161322414875,0.7179305534159783,0.5340608055014042,0.5120569399736429,0.5423972577009415,0.624591603513488,0.5882656978143963,0.5072328481312032,0.565061028475127,0.4637296134814658,0.4208063109572972,0.3782277911705234,0.5693316551714127,0.2473442041290235,0.2005600758436965,0.2076426178320821,0.2351703338850253,0.2853259606480876,0.2807359853577411,0.2172487530820626,0.2264961691804617,0.2226914507268359,0.2169130331798598,0.208670465354547,0.1988491346322124,0.5047348737716675,0.1910831928253173,2.0398252,2.0398252,19.621176,1.4084507,4.176785,0.2752145,0.016189089,0.77707624,6.200421,26.29108,7.3660355,10.911446,5.0348067,3.3511412,0.2914036,1.6998543,2.363607,3.1406832,1.3275052,0.46948355,0.33997086,0.37234902,0.32378176,0.16189088,0.0,0.0,0.0,0.0,0.0,0.0,1.0,0.0,0.0,0.0,0.0,0.0,1,0.7398664951324463,cs_F2VRRZRM,0,0,0,0,0,0,1,0,0,0
GPO1QGhYDjM,4.9196858406066895,-14.479106903076172,5.81251048973576,0.0585267406659939,56.76920964841236,3.669021190716448,3.3975474846941816,0.4134078212290503,1.0,0.5363128491620112,0.3519553072625698,0.4189944134078212,0.2960893854748603,0.3463687150837989,0.3407821229050279,0.2849162011173184,0.3519553072625698,0.4525139664804469,0.7430167597765364,0.0305309798568487,0.0246378164738416,131.5258331298828,133.0,0.5563689470291138,126.0,0.1059190034866333,1.2107950448989868,4.290299892425537,57.79982077483252,24.802277562483635,16.42481271357563,8.697713678960096,-0.2493886886935398,-2.6797749568621136,-0.3675947237159323,-0.0158130782591034,-0.3275332851956404,-0.2462421389558747,-0.2832449979006349,-0.3216401603468785,24.49302706111616,17.414492976366365,16.064325060052813,13.64539421328033,12.536394480637997,12.531834394098668,10.33015901296412,9.657048845400226,9.669964720180676,8.741444625898053,8.265075144907664,7.731222947950258,3.4962433684626705e-05,0.0002020153692118,0.0001460209154148,0.0001194890651873,0.0001214552948339,0.0001442095890828,0.000101890718717,4.718467666077346e-05,7.984236762841466e-05,6.397748725484681e-05,-1.753095945477976e-05,-1.926582511453002e-06,2.5764158143747715,1.812934378078708,1.7444250119404974,1.5264486962120638,1.4748041920283543,1.5189944001442133,1.3292800011096957,1.2280716906979308,1.229066390975283,1.188960422685022,1.12133604716067,1.0611586784405382,0.2273460328578949,0.0689562112092971,22.54958724975586,56.283424377441406,3.121898889541626,2.2109837532043457,19.612104415893555,26.414278030395508,1085.677978515625,763.4889526367188,11.001986503601074,8.346435546875,-0.6893677,-0.7351948,-0.77669966,-0.80407214,-0.80484164,-0.79082984,0.09778327,0.101613425,0.07678347,0.060765207,0.048701935,0.041719113,-7.2560883,-6.983082,-8.0375395,-8.171016,-8.241087,-10.485395,1.1473795,0.9925373,1.0221117,1.0040743,0.94377774,1.1250991,0.078562706708908,0.0523270703852176,0.059631735086441,0.0527317598462104,0.5896404241649785,0.4410646964169968,0.4015569288415911,0.4773398178395519,0.4299744974198717,0.4437094744259697,0.4592444927062618,0.5106045277407001,0.4571717649340336,0.4767327814535435,0.5656270831342016,0.5171496925807794,0.281158166183815,0.2269927830694014,0.2242253782984724,0.2766827072594602,0.2271953687485366,0.2594747888749377,0.233550925364632,0.2383328492158038,0.2273905421988249,0.2288404452755744,0.2683481193569796,0.2432613550822428,0.562665581703186,0.136131927371025,2.8009777,1.9657772,8.178855,4.501935,14.371562,13.128947,4.1454473,4.1861887,1.7416989,10.572418,2.17967,7.465879,1.9250356,2.2815237,1.8842942,0.56019557,1.1916888,0.67223465,0.75371766,1.252801,2.098187,2.2917092,7.3130984,2.536158,0.0,0.0,0.0,0.0,1.0,0.0,0.0,0.0,0.0,0.0,0.0,0.0,1,0.5668148398399353,GPO1QGhYDjM,0,0,0,1,0,0,0,0,0,1
7Znh0OM9jiA,5.263399124145508,-16.440786361694336,4.794456032325206,-0.0456140350877193,64.02408387159599,3.621052631578948,3.299693597795889,1.0,0.5853658536585366,0.6341463414634146,0.4878048780487805,0.3170731707317073,0.6341463414634146,0.1463414634146341,0.8292682926829268,0.1951219512195122,0.4146341463414634,0.8536585365853658,0.8536585365853658,0.0339968837797641,0.0237583313137292,99.03557586669922,99.0,0.2857142686843872,94.0,0.0317460335791111,1.204916000366211,4.424524307250977,63.175790956891,17.46250071056393,15.01510091826806,13.707948925257991,11.333235322252914,4.194846409418484,0.8425939228701528,5.752464307435564,6.469240534643327,1.7807322554032443,3.7311423434027886,3.010502193009683,21.415665377270173,17.653681632807405,15.355066851374463,13.675657781700645,12.373868390766,10.943152926101703,9.634082302186238,9.198442025882024,8.594414946360917,8.733198995329493,8.48939420733208,8.160159619514493,-0.0008131427893777,-0.0001542154315166,-0.0002404015847287,-0.0001805185982822,-8.100466450278777e-05,2.637252379455187e-05,5.039853304623508e-06,-8.883014759463125e-05,-9.90981970656932e-05,1.561140236991935e-06,-9.15678175995858e-06,-4.9722773047452606e-05,2.5448398401371684,2.2427080700975672,1.6222633260426276,1.4626480118583305,1.481072205930822,1.390968287187934,1.2680388582927369,1.2146668579339126,1.2002079196209587,1.1305087484676108,1.122229780838674,1.0922728312464285,0.2311216443777084,0.0846968367695808,13.31622314453125,23.710956573486328,2.4469668865203857,1.8605927228927608,24.157337188720703,26.210107803344727,1394.6826171875,1667.249267578125,12.94285011291504,8.902409553527832,-0.72752714,-0.7456523,-0.7601687,-0.78019303,-0.7913213,-0.7621899,0.076343335,0.08151032,0.091699,0.07540416,0.06503801,0.062257484,-7.427881,-7.9075623,-8.495258,-8.656235,-8.896587,-11.677277,3.423438,3.3630726,3.2750947,3.262895,3.2425683,2.8479826,0.0759989246726036,0.0564894080162048,0.0595595985651016,0.0824741795659065,0.641695071210954,0.4395225473740649,0.4207430971898152,0.2925399711191089,0.5238757837617037,0.5856809942391998,0.4078983944369231,0.3972015593185439,0.3122492250696348,0.4728979892468867,0.5014548341318313,0.4904459445226743,0.2824423822461,0.2282153743473663,0.2275858649238728,0.1567511560404696,0.2403612698875107,0.2784298822667942,0.2153604627012351,0.2577537211487036,0.1718919925200065,0.2409318649665152,0.2706812386360979,0.2267106978400645,0.5297887325286865,0.1247795820236206,27.724205,6.292189,25.96432,0.16875602,0.0,0.24108005,0.0,0.5062681,7.642237,1.5911282,0.43394408,0.0,0.0,0.14464803,0.0,1.3741562,0.0,0.096432015,0.0,0.0,0.0,0.072324015,19.382835,8.365478,0.0,1.0,0.0,0.0,0.0,0.0,0.0,0.0,0.0,0.0,0.0,0.0,0,0.9321607947349548,7Znh0OM9jiA,0,0,0,0,0,0,0,1,0,0
qeWx1HpIXMU,4.778442859649658,-10.594651222229004,5.895702886512415,0.0946291560102301,70.76896833265297,5.173913043478261,4.548734095854747,0.4626865671641791,1.0,0.6268656716417911,0.373134328358209,0.2686567164179104,0.4925373134328358,0.4328358208955223,0.7313432835820896,0.2835820895522388,0.2388059701492537,0.4626865671641791,0.4626865671641791,0.0595957562327384,0.0376173220574855,83.55393981933594,85.0,0.5101351141929626,80.0,0.0586510263383388,1.6882808208465576,3.544236898422241,43.96637680397742,18.271424951857377,21.96963237501768,19.16412596490032,9.65433997453975,8.975335617946556,9.171589537269364,8.204511676436299,4.860098987376192,7.3163606856823025,7.320688507079683,5.010027707577514,18.94497069128737,17.645887948193177,15.148965070166534,12.991557448362254,11.678417962454668,10.434431715808266,9.298949550921565,8.667340956967234,8.986206776760307,8.382872539726735,7.828825076687469,7.208360601752156,-0.0002610720901667,-0.0001197748072678,-0.0002833564694007,-0.0001171035577663,0.0001953966805849,0.0003435069642342,7.793168311168944e-05,6.937928460869779e-05,0.0001521538344292,0.0001480434294472,1.9272111781030112e-05,-3.53600497322717e-06,2.3971692855929074,2.051229604670787,1.866571202675382,1.605292983870876,1.5319043030823765,1.4515193752834266,1.361590595457085,1.2609333350034977,1.267809481021953,1.2019728293984164,1.1369391877550927,1.1017682959434172,0.2329048067331314,0.0915282070636749,45.895145416259766,90.15298461914062,4.426214694976807,3.6576547622680655,26.1375732421875,26.7009220123291,1646.5262451171875,897.6310424804688,13.367870330810549,10.577503204345703,-0.7396915,-0.7269123,-0.76748866,-0.7661655,-0.76964676,-0.7722464,0.06276132,0.09680655,0.07387266,0.06054139,0.056631893,0.03819512,-6.9716907,-7.80818,-8.325134,-8.134935,-8.135946,-10.213726,1.1342614,1.3627968,1.3484393,1.2616943,1.2225449,1.4249995,0.0886808186769485,0.078473150730133,0.0686543434858322,0.0538389571011066,0.7761095099555534,0.4260263046904547,0.376223386440616,0.3333681568408151,0.3238745743286836,0.6191843210969362,0.2552450863093658,0.2788050003510286,0.2412948129420661,0.3303346779294359,0.4487427079751783,0.5466007726972995,0.245836616978176,0.2298870879982854,0.1981079700577199,0.1802976016092298,0.1739815414010772,0.3142136239657566,0.1441972693241514,0.1419539355122833,0.1515802099962244,0.1802885786538957,0.253209195724247,0.279490103056587,0.4427657723426819,0.1272270828485489,33.218124,0.0,5.030722,0.0,0.115207374,0.0,0.0,0.0,0.0,0.0,0.21121351,0.15360983,0.09600615,0.0,0.0,5.184332,0.8640553,41.052227,0.53763443,3.1682029,0.0,0.6336405,9.7350235,0.0,0.0,0.0,0.0,0.0,0.0,0.0,0.0,0.0,1.0,0.0,0.0,0.0,0,0.6870760321617126,qeWx1HpIXMU,0,1,0,0,1,0,0,0,0,1
E-QGDqfM1bM,3.25909423828125,-9.486600875854492,6.222488209401368,0.019047619047619,63.53018618618622,3.721428571428572,4.205553908044621,0.4166666666666667,0.7638888888888888,1.0,0.4861111111111111,0.2777777777777778,0.2083333333333333,0.0972222222222222,0.3472222222222222,0.3611111111111111,0.2916666666666667,0.8888888888888888,0.6944444444444444,0.0529614202678203,0.0455954521894454,145.9963836669922,148.0,0.4330708384513855,117.0,0.0210896302014589,1.1270262002944946,4.454145431518555,59.90414234945746,31.154227819500708,18.79071920570743,12.71641591655534,8.84003669600877,7.517574065121091,6.617970261159595,5.437793124550846,1.6656779073955783,2.406819349843024,2.893269962415943,2.927244538791557,15.846101415903064,14.30498896843344,11.699240737072534,9.876670562835196,8.805952071864727,8.171011295492127,8.179492341472939,7.844313934986459,7.4988976467226145,8.194694115635611,8.742506977499712,8.7317887556736,-0.0005834179302052,-0.0003458375585273,-0.0001263680244294,1.32154444321119e-06,2.396110495993217e-05,1.8432670691476616e-05,1.2191216683457144e-05,1.1030690423563117e-05,4.7345511098293694e-05,8.105906319921726e-05,8.834178863159896e-05,7.108493574575174e-05,1.811722904118267,1.5734768094573903,1.3100157376803558,1.0884669141289398,0.995564053214118,1.0129662198023623,0.9298746052056436,0.9462257120827912,0.9458644839045218,0.9513680447202908,0.944647628602312,0.9529179625008892,0.2662203907966614,0.0901161357760429,31.819602966308597,52.72319030761719,3.6048192977905273,2.5613484382629395,17.556127548217773,21.09703826904297,1053.966796875,964.5873413085938,12.729389190673828,7.85935115814209,-0.7053947,-0.7020794,-0.71622384,-0.76269275,-0.7846373,-0.8170493,0.09694914,0.08741822,0.08587401,0.07048446,0.058819756,0.03813046,-6.739236,-7.23292,-8.064965,-8.614815,-8.467588,-10.076157,1.7363691,1.5708829,1.5410929,1.5677356,1.5773782,1.6051953,0.0825493931770324,0.0761706829071044,0.0596338212490081,0.0611920580267906,0.5348116414558373,0.1906284770251834,0.2913871239152302,0.1883280394190601,0.2901358095716619,0.3785602727061082,0.2276123320116471,0.3980605221200919,0.2485665471931593,0.3786886643260088,0.174399675280109,0.2424177334369714,0.3059129475185839,0.1706819885968242,0.2508907610933463,0.1698258743257151,0.2235986461345916,0.3108072425534538,0.2241905693489246,0.2879039714325239,0.2203457867856247,0.3152368698353324,0.1575940000119985,0.2005753307550457,0.4582262933254242,0.121549554169178,18.526356,13.813005,35.167374,1.481339,1.7314352,0.0,0.23085803,0.0,1.2120047,0.6156214,1.2889572,0.0,0.0,0.0,0.0,0.5386687,0.26933435,14.832628,0.19238168,2.1931512,0.0,0.73105043,0.15390535,7.0219316,1.0,0.0,0.0,0.0,0.0,0.0,0.0,0.0,0.0,0.0,0.0,0.0,0,0.8190582394599915,E-QGDqfM1bM,1,0,0,0,0,0,0,0,0,0
4PCKYe4g4X8,5.093503952026367,-17.07058334350586,6.929722233775349,0.0032258064516129,73.98739564576853,3.925806451612903,3.884333109360538,0.5098039215686274,0.8823529411764706,0.5882352941176471,0.3137254901960784,0.3137254901960784,0.4705882352941176,0.2941176470588235,0.3333333333333333,0.3529411764705882,0.5098039215686274,0.5098039215686274,1.0,0.0346940904855728,0.0332946665585041,128.3768768310547,129.0,0.2766497731208801,123.0,0.0364464707672596,1.3160479068756104,3.542861223220825,40.29897055499018,-3.2681382356048614,6.909570482798155,8.097495576521952,9.11631241128009,4.711819884435869,1.9212052645571045,4.892632394181185,4.294116797184928,2.855675597251353,4.403231922012391,3.278134238275612,15.185437192531689,17.197831085589787,17.29571311020291,12.480797108373665,12.18728386807461,11.23950247135286,10.435359345014543,11.102605527533727,10.125285273892246,9.705996304439203,9.644049342915828,8.861373413472476,-8.724092489219961e-05,0.0002202374582677,0.000211995184723,-6.601856263308653e-05,-0.0002136210188763,-7.080311793278289e-05,0.0001222367946003,0.0001267144195403,-6.461584058820374e-06,-9.258841532602718e-05,-6.112790851694857e-05,2.326729266370443e-05,1.6927483767755214,1.6653239572108378,1.996787456013024,1.3345859137004854,1.3657006241716876,1.2848302901119877,1.215876427071463,1.2270729885218836,1.1777358492459729,1.12809335865315,1.1627560904568368,1.124429279851435,0.1931624859571457,0.119167611002922,14.39731502532959,40.555057525634766,1.5290486812591553,2.0525102615356445,34.306278228759766,22.19537925720215,1902.587158203125,915.755126953125,15.928332328796388,12.44003963470459,-0.74121386,-0.7856042,-0.74483746,-0.7433541,-0.78698987,-0.7394608,0.08319961,0.07787817,0.082876794,0.08209086,0.04981471,0.055111,-8.026156,-7.948996,-8.127711,-8.198012,-8.080263,-11.099998,2.265129,2.3033664,2.1365042,2.1292875,2.1924696,2.0192044,0.0762071087956428,0.059894785284996,0.0807147100567817,0.0473991930484771,0.7097633895033941,0.6549237680118976,0.5727547146963964,0.5787492137775206,0.5616971024618105,0.3954388014915,0.5575908361670978,0.5863671750488184,0.603731809414247,0.6421806639654825,0.5532643330039536,0.7012371626362619,0.2105686077741243,0.191802040693412,0.1832202501045068,0.1879742538597439,0.2028206223840142,0.1677737808234422,0.1918857459280774,0.1832824035069453,0.2074152048495015,0.224112498022658,0.1868986154337991,0.2123083283827536,0.5093300342559814,0.1374230235815048,21.395142,13.639402,14.77602,0.9360374,3.3652775,0.06685982,0.20057945,0.9583241,0.7577446,0.44573212,5.3487854,0.28972587,0.9583241,2.9864051,1.8943615,4.3681746,0.55716515,1.0474705,0.06685982,6.619122,2.0503678,5.3933587,10.83129,1.0474705,0.0,0.0,0.0,0.0,0.0,1.0,0.0,0.0,0.0,0.0,0.0,0.0,0,0.805629312992096,4PCKYe4g4X8,1,0,0,0,0,0,0,0,0,0
zOl4F6FnOPw,4.987245082855225,-16.110727310180664,3.4714400103581142,-0.0744416873449131,53.83076891806747,2.930521091811414,2.6612067406634634,0.4626865671641791,0.6865671641791045,0.6417910447761194,0.4029850746268656,0.373134328358209,0.373134328358209,0.0597014925373134,0.3582089552238806,0.2835820895522388,0.3880597014925373,0.9850746268656716,1.0,0.027246169745922,0.0266200806945562,122.73826599121094,123.0,0.597484290599823,81.0,0.18886199593544,0.9477326273918152,3.0844149589538574,68.52217357225453,32.560109520185954,21.04306722418604,11.26054712740868,1.251308523546496,-0.9413377873395704,-4.792120978916187,-4.615914564042871,0.129864500695206,-1.265694564558061,-2.4702204822518508,-0.1189175476696193,21.288780763225365,13.993737758874998,13.92563820377676,13.060365472348472,10.32697441289964,9.401226246555044,8.990738149394657,7.654488502871261,10.42227439789309,7.172143380046182,6.345639116645942,5.914750012767226,-0.0004389754217564,-0.0004850194906125,-0.0002837219018643,-0.0001027824472671,-0.0001454824291072,-7.001849644920543e-05,2.8408382288334252e-05,-2.4178818298298813e-05,-6.338493854146465e-05,-5.29884817529859e-05,-5.220914553389815e-06,1.6143079860532366e-05,1.3883796949226646,1.0965290974809467,0.9907143538477938,0.9591092713318844,0.9057512993760286,0.8908119593798347,0.8507014904007835,0.8072062684745916,0.8432531534349148,0.7781157963051668,0.7681840334217308,0.6919187561813597,0.2572928965091705,0.0787918269634246,15.91541862487793,16.126123428344727,2.638590097427368,1.4069669246673584,15.555142402648926,26.20797538757324,810.4922485351562,674.3104858398438,10.61843490600586,6.159240245819092,-0.6586559,-0.69356465,-0.7508332,-0.7846966,-0.7727297,-0.77943736,0.07720966,0.083508074,0.079096414,0.053774055,0.058665782,0.049732726,-7.083057,-7.112879,-8.381081,-8.489897,-8.82055,-11.118232,1.0931412,0.9476453,0.93665475,0.87296337,1.013778,1.3172358,0.052044678479433,0.0357969403266906,0.0445693768560886,0.0487862639129161,0.6022759348209472,0.2522171104521193,0.445497004939953,0.2635139141940137,0.3768415228408656,0.3146114665983896,0.1741276172834111,0.5985536118558912,0.1733953016250653,0.2952421713915244,0.2151275189709562,0.3939162964822618,0.3055297068344113,0.1800286020811236,0.2845437386070086,0.2023633707275371,0.3126696432831823,0.2362665963411931,0.1393137008899659,0.2796110608299678,0.1449372159250563,0.2643375796711014,0.1630622875939295,0.246446680557158,0.5958639979362488,0.1016619876027107,36.301636,8.671083,12.120031,0.31176928,0.097427905,0.25331256,0.0,0.0,0.7989088,1.4614185,2.6890101,2.0070148,0.0,0.01948558,0.01948558,0.33125487,0.05845674,6.176929,0.19485581,1.6367887,0.15588464,3.8191738,15.510522,7.3655496,0.0,0.0,0.0,1.0,0.0,0.0,0.0,0.0,0.0,0.0,0.0,0.0,0,0.8978551626205444,zOl4F6FnOPw,0,1,1,0,0,1,0,0,0,0
BEdDkTzhEec,4.486685752868652,-11.965545654296877,8.60707821872692,0.0049140049140049,68.33157966193737,5.167076167076167,5.019039626568847,0.7391304347826086,0.855072463768116,0.5797101449275363,0.3043478260869565,0.4202898550724637,0.391304347826087,0.2318840579710145,0.4057971014492754,0.3043478260869565,0.3333333333333333,0.3333333333333333,1.0,0.1579016596078872,0.1542051136493683,172.26507568359375,172.0,0.0,178.0,0.2617354094982147,1.4584656953811646,5.461964130401611,22.966602446444508,13.7027448896476,17.829659848115643,13.367251663811446,9.224458995668224,8.52348883402724,8.08820839586275,7.516196400057831,7.079845066222478,5.6278094039974,5.620445410762644,5.199763252649615,14.380970836487029,15.820355922497283,13.67138113093821,11.812626659941436,11.93783350324852,10.902763407448246,10.140507445109591,9.213537769555789,9.104727655778277,8.469185365063712,8.146378986046747,7.472529576745357,-1.2236896152847238e-05,2.9549324551276107e-05,2.8313480800981705e-05,7.501834102265883e-05,9.16397090521147e-05,6.029761724696863e-05,6.530492404119294e-05,7.070876309714778e-05,7.807008513135669e-05,9.780677421739423e-05,8.256100486689187e-05,6.66082442356602e-05,1.7987453493101275,1.6202080968383958,1.585015996244993,1.289964203119473,1.328727885413342,1.197594362435179,1.1764041559603329,1.022208015141189,1.024047799814707,0.9370533608939232,0.9596927819399144,0.94344081161993,0.2983925342559814,0.1595275402069091,236.61854553222656,460.7391357421875,8.435012817382812,8.783746719360352,26.888242721557617,38.82784271240234,1680.869140625,1125.8507080078125,9.183876037597656,11.667425155639648,-0.6728856,-0.74066424,-0.7863666,-0.79789424,-0.7765209,-0.7841672,0.11850128,0.10182963,0.08843234,0.079904236,0.06577676,0.058143772,-8.031411,-8.325444,-8.9284315,-8.616743,-8.3608675,-10.195411,2.1365428,1.1348073,1.1796829,1.3388447,1.218316,1.3363935,0.1142662614583969,0.113926388323307,0.0873729884624481,0.0891011580824852,0.6685519184452903,0.5990717627037271,0.6399643744852762,0.4826093852998831,0.5533696445897127,0.4315434978243986,0.3599447101678782,0.4119571290167208,0.3923182343840934,0.3911262574070775,0.2873684830248046,0.5399068657094898,0.2742187800051474,0.2322025330866222,0.2745927029204942,0.2038630387578061,0.2755384779373596,0.2410290071399407,0.1957162190977842,0.2284441800007373,0.2416365687324398,0.2058600994578835,0.1658911633866184,0.2282717351597665,0.3969000279903412,0.21967613697052,1.4100186,18.998144,7.495362,12.059369,1.5769944,2.5602968,0.111317255,3.7291281,12.96846,3.0797775,1.3729128,5.695733,0.48237476,0.0,0.0,0.5194805,0.0,1.8181819,11.985158,0.77922076,3.8961039,2.077922,7.2356215,0.148423,0.0,0.0,0.0,0.0,0.0,0.0,0.0,0.0,0.0,0.0,1.0,0.0,1,0.4420371055603027,BEdDkTzhEec,0,1,0,0,1,0,1,0,0,0
RGCN6MMg8Lo,4.486366271972656,-10.520930290222168,3.305842590942775,-0.0018382352941176,63.28280854257207,2.5606617647058822,2.0481331895332087,0.2735849056603773,0.5754716981132075,1.0,0.4150943396226415,0.1792452830188679,0.1415094339622641,0.0849056603773584,0.3490566037735849,0.2169811320754717,0.2924528301886792,0.8773584905660378,0.7264150943396226,0.0382442586123943,0.0217646807432174,97.96470642089844,98.0,0.0601202249526977,92.0,0.0099206352606415,1.2411096096038818,3.7292094230651855,63.04838573997899,19.744522047007354,6.383574547502461,-0.7970069292831644,-2.7242274641347546,-5.023819105215055,-2.0127066839699554,0.6806557418027236,-6.2717328530322325,-9.0687231578679,-6.71360464002267,-5.158187935083418,16.8428834197419,16.371136293491684,13.23577836389878,10.851349845922428,10.782663726301063,9.867725908373808,9.552593596314953,11.452639273704468,10.146169952705153,8.765371628452023,9.460193165462512,9.10978041499464,-0.0002209775472374,4.574544203925832e-05,0.0001543810266455,7.599548328837277e-05,-2.885484011503015e-05,-6.783474497645727e-05,-6.193919588003432e-05,-2.759448621297576e-05,4.57977869309126e-05,0.0001240800729581,0.0001397829301935,8.800326753550951e-05,1.717986012970093,1.629434079498974,1.3509828850562404,1.2341091556746129,1.163598443069556,1.1156728086394792,1.0727403335997228,1.1568104192784168,1.0455069087102045,0.9671133851136602,1.028764020274044,1.0347705809848813,0.2239377200603485,0.0842364877462387,17.53032875061035,31.316041946411133,2.595280647277832,2.009906053543091,18.79873275756836,19.38162040710449,1107.29296875,923.2472534179688,13.585540771484377,10.00428295135498,-0.62413436,-0.71475554,-0.70477337,-0.7769824,-0.7918677,-0.8126176,0.131347,0.08827511,0.0818776,0.064154714,0.050835893,0.038018636,-7.9537425,-7.214393,-7.989832,-8.418461,-8.389181,-10.468625,2.246413,1.9510779,1.7714255,1.7929925,1.9595962,2.0231946,0.0742396414279937,0.0505565851926803,0.0640021190047264,0.0588481202721595,0.6969849268822865,0.4327462967396844,0.5931999635018992,0.3319110365959803,0.4282909712195143,0.3604405308245333,0.2901857817771697,0.5453456774538232,0.2437225957062049,0.427237874626874,0.2720997713291986,0.4147825640884103,0.2702174308305101,0.2572650330464042,0.2919065029963866,0.2172287451811575,0.2425876885370208,0.2491057242386017,0.1912581035202906,0.2521454601007801,0.1484669281700809,0.2387827512572935,0.1902640810449734,0.2475897162448903,0.5223289728164673,0.1401221752166748,48.952408,4.6093984,24.154446,0.32924274,0.3741395,0.0,0.0,0.0,0.0,0.0,0.0,0.0,0.0,0.014965579,0.0,0.61358875,0.0,5.462436,0.0,2.3944926,1.4067644,2.1251123,4.938641,4.624364,1.0,0.0,0.0,0.0,0.0,0.0,0.0,0.0,0.0,0.0,0.0,0.0,0,0.8680684566497803,RGCN6MMg8Lo,1,0,0,0,0,0,0,0,0,0
xZkUHuxQowA,3.975966215133667,-10.72216796875,10.50763302966235,0.0179372197309417,68.61071683055437,5.105381165919282,5.258784469093661,0.7066666666666667,1.0,0.5333333333333333,0.3066666666666666,0.2666666666666666,0.2933333333333333,0.3333333333333333,0.4666666666666667,0.36,0.4266666666666667,0.5066666666666667,0.7466666666666667,0.0637594982981681,0.060052964836359,92.023681640625,92.0,0.0912281274795532,120.0,0.041775457561016,1.432730793952942,4.504629611968994,46.23454426339128,16.527047575497367,12.666865153398556,12.814311979589712,9.328450471738844,7.780623843592845,5.0825382540322295,3.388099061124681,4.767554901329542,4.584822511108547,3.334058782055473,1.745060917538537,20.38031387235697,15.71702052000022,14.289569790172123,12.115728211172629,11.450392284169297,11.68806786848073,9.778899807579256,9.724116998423622,9.979777848098816,8.789249561391145,8.776226387048544,8.486207128396762,0.0002152252277557,-0.0003844787170896,-0.0006553261836658,-0.0003530490334951,-0.0002108948090234,-0.0004068679843397,-0.0001678392180042,7.152443502521851e-05,-6.332948043603293e-05,-6.276766716684224e-05,0.0001382675632644,0.0001521167005387,2.7206855153235483,1.9372413525583116,1.9012388004649248,1.634898037952086,1.559615126960193,1.692451739364767,1.4257926374703809,1.4196527801973242,1.4488532463830726,1.309232695024643,1.2725122686481931,1.2144373628750376,0.1869637668132782,0.0923916473984718,32.324790954589844,57.62600326538086,3.8207311630249023,2.9444689750671387,33.844417572021484,33.67107391357422,1715.736083984375,976.2551879882812,17.420759201049805,12.488097190856934,-0.69131804,-0.7614157,-0.7753484,-0.79352456,-0.79929787,-0.7845966,0.094124265,0.089563146,0.065948434,0.06331188,0.045103528,0.043558557,-7.1112413,-7.189124,-7.6494102,-7.865748,-7.591154,-9.374422,1.2219651,1.2003553,1.2673341,1.3474811,1.3781549,1.457683,0.1081504449248313,0.0738398656249046,0.1016640588641166,0.0673421993851661,0.6774442433664483,0.5881650996182013,0.5816396482325833,0.5827378025482308,0.5367213989851969,0.6464776277493737,0.5364087239588391,0.5428961857664635,0.5332577263510442,0.5420523248844147,0.5858305925248579,0.5483918260420373,0.2413177807165572,0.2234756226072727,0.230435656503817,0.2329662715133587,0.2234993528141556,0.2306771982297989,0.2067764612591152,0.2125668974382455,0.2022803729134981,0.2080276800562565,0.2126789192582729,0.2128025382252584,0.514496922492981,0.1405612677335739,12.450199,2.370518,4.6015935,2.5498009,1.4541832,5.059761,2.1713147,24.063745,5.318725,9.083665,0.7370518,3.5258963,0.69721115,0.3984064,0.119521916,0.3187251,0.0,1.1155379,0.13944224,0.43824703,0.99601597,4.2031875,13.645418,4.5418324,1.0,0.0,0.0,0.0,0.0,0.0,0.0,0.0,0.0,0.0,0.0,0.0,1,0.5098516345024109,xZkUHuxQowA,0,1,0,0,0,0,0,0,0,1
3Wl1bVAqKco,4.604931354522705,-6.782102584838867,4.7265898427788615,0.0119904076738609,68.82218984818276,3.906474820143885,3.534466307874538,0.4133333333333333,0.5866666666666667,0.8666666666666667,0.44,0.4133333333333333,0.4133333333333333,0.04,0.3466666666666667,0.2533333333333333,0.28,1.0,0.5066666666666667,0.0350687988102436,0.0204349681735038,118.03235626220705,117.0,0.2760618329048157,112.0,0.0094696972519159,1.0880377292633057,3.754735231399536,76.97458422155098,7.483225964008624,5.936739795098056,3.161601980844952,0.8534310656708718,4.053022781608007,2.452737659088418,1.3544934111424027,-1.7984859551368677,-1.9500001568899152,1.5618684886024838,2.154742151335905,17.929800775839254,15.412140297898729,13.877385669366694,10.475052512652567,11.113988921313169,9.88859997276488,9.326169773030026,9.441998339386876,9.494739264630857,8.394399650083313,8.976923764132273,8.3200553488881,-0.000383949576363,-0.0003767693198117,-0.0002343829370545,-4.863641143368375e-05,1.773792940001837e-05,-2.4529622111198523e-05,-3.354636770408153e-05,2.4784419095704225e-05,4.7879428362586105e-05,-5.777005188196261e-06,-5.2183181942728e-05,-3.755730478915984e-05,1.7536160424491003,1.6470877442162173,1.4998348861982005,1.3979909142704128,1.3681493335412538,1.2881391272812894,1.25268486272322,1.174714470144094,1.1576466260576777,1.103384277620247,1.1620098932333254,1.1028187605067228,0.2037625014781952,0.0917574912309646,7.394370079040527,19.45939064025879,1.5829553604125977,1.5416611433029177,24.280153274536133,19.32166862487793,1279.5345458984375,927.5613403320312,18.46170425415039,10.58644199371338,-0.72874135,-0.7397246,-0.73669726,-0.79077595,-0.79933506,-0.7954433,0.07302117,0.086294994,0.07607497,0.052256685,0.048334718,0.04322369,-7.187642,-6.92086,-7.507188,-7.9043345,-8.216212,-10.613778,1.9577597,1.9744712,1.9411703,2.0301342,2.1534936,2.214103,0.0743392258882522,0.0442864336073398,0.0655767172574997,0.0574662238359451,0.6428358035546321,0.4172752708535473,0.5351821587427004,0.4005946138366468,0.3095028422171431,0.3945715065463334,0.2925616995058705,0.567489855299302,0.2691134885208265,0.3507690977954124,0.556092478943428,0.5739964670979123,0.2472895766386376,0.1732176636872613,0.2302987151926502,0.2626221144146257,0.155056099548556,0.2331642818957944,0.1398547329213997,0.2741637314852096,0.1460051238214017,0.2203119248360028,0.2402468675920986,0.2093865708656553,0.5650064945220947,0.1227099895477294,41.47307,6.005851,1.7552917,8.62158,1.066942,6.6425743,1.2390294,9.137842,0.034417484,1.3939081,0.29254863,1.2906556,0.0,0.0,0.051626228,0.0,0.0,0.0,0.103252456,0.0,2.4436414,0.0,4.887283,13.560489,0.0,0.0,0.0,0.0,0.0,0.0,0.0,0.0,0.0,1.0,0.0,0.0,1,0.621586263179779,3Wl1bVAqKco,1,0,0,0,0,0,0,0,0,0
1XMvPTFzgVU,3.4136862754821777,-12.307619094848633,6.8817070555606605,-0.0025220680958385,71.76331202280652,5.245901639344262,4.665216892182722,0.6391752577319587,0.8865979381443299,1.0,0.5360824742268041,0.5567010309278351,0.6185567010309279,0.4123711340206185,0.4123711340206185,0.4639175257731959,0.7319587628865979,0.9587628865979382,0.9587628865979382,0.0440230369567871,0.029904181137681,122.14537811279295,123.0,0.3177441358566284,117.0,0.0108108110725879,1.754428148269653,6.5811309814453125,42.83582939871074,16.111834423939026,14.167849150971504,10.102720415299563,8.892239452586464,4.906689253242087,3.0235843934114244,3.727399693140403,1.6560240036860292,0.124420999187248,-0.7990302833528862,-1.2540796592828292,17.387960856694416,15.00593975183762,13.280825194093923,9.984472627130868,11.30883821598978,8.484926744695413,9.353627679816752,8.849559696699563,7.829449468809916,7.869137443593331,7.507771467297698,7.574881337287186,-0.0003124336219621,-0.0003783862751491,-0.0003625469285989,-0.0001397969233384,-0.0001730598992305,-5.099733817249084e-05,-9.549725554073453e-05,-5.388345807413513e-05,-4.878386338708573e-05,-1.8318074573566763e-05,-2.7337646490830527e-05,-1.362819923215838e-05,2.4196406742763457,2.1229198866309757,1.9596688547884804,1.534512169596788,1.627903267736169,1.354775670505053,1.302761354263581,1.314535875616971,1.2474028325003763,1.221861514448899,1.1572523477051226,1.1704319894055792,0.1608384549617767,0.0753595307469368,16.78923225402832,26.99008178710937,2.92156195640564,2.0352749824523926,39.79112243652344,38.58277893066406,1977.58154296875,1199.9954833984375,16.860233306884766,13.28276252746582,-0.73487824,-0.7781346,-0.7808212,-0.80508006,-0.807564,-0.7991711,0.07431837,0.06658364,0.07297393,0.05831685,0.04678483,0.044609584,-7.2899194,-7.330525,-7.832757,-7.978716,-7.700579,-9.565439,2.220738,1.9924668,1.966699,1.9852585,2.0052269,1.9195814,0.0991830751299858,0.065493494272232,0.1161931678652763,0.0834859237074852,0.818313546085788,0.5687289820900455,0.7126348692233305,0.4603273426845914,0.4768052873834045,0.3990886380321727,0.3982767112156458,0.4427602972207357,0.4205229606958422,0.5170080166384272,0.5955172677111283,0.6226031314426728,0.2111225023098121,0.1694132422481438,0.2157221089706826,0.1416897753455889,0.1646267538671162,0.1437545500737514,0.1622582739917755,0.1531486202637084,0.205074990856231,0.2940772569973928,0.2102562849591177,0.1902435330439905,0.5611585974693298,0.1365937441587448,2.302799,5.0890584,17.64631,0.050890584,0.7379135,0.45801526,0.0,0.31806615,0.089058526,0.025445292,0.17811705,0.06361323,0.06361323,0.0,0.2544529,0.13994911,0.0,1.3358779,0.49618322,3.384224,8.715013,19.516539,32.82443,6.3104324,0.0,0.0,1.0,0.0,0.0,0.0,0.0,0.0,0.0,0.0,0.0,0.0,0,0.6814081072807312,1XMvPTFzgVU,0,1,0,0,0,0,0,1,0,0
Tq_6seRbB2U,7.330353736877441,-14.382964134216309,3.759224228056464,0.0076628352490421,67.57241129616217,2.0919540229885056,2.0879081755695705,0.5555555555555556,0.8666666666666667,1.0,0.4444444444444444,0.2,0.2,0.0444444444444444,0.0666666666666666,0.1333333333333333,0.4222222222222222,0.9333333333333332,0.9333333333333332,0.0173227954655885,0.0215235818177461,108.33773040771484,108.0,0.6792452931404114,115.0,0.0712328776717186,0.8974153399467468,2.1492702960968018,45.88832965290627,20.102741888742337,10.045402708551377,4.662782627506956,1.9407758339674683,-0.0152876471515349,-3.819822895941457,-7.745425593119206,-10.330635361732874,-8.910236507654872,-3.986211179504557,0.8124682297096131,14.060210751368835,10.0017382686507,12.185893860714588,8.707723485116476,8.526188768376926,7.358302423812908,6.921410618001225,8.355927302618932,9.6766805218328,9.75840102448358,11.334073133201649,13.607819627611253,-0.0001243144043368,-0.0003236153539305,-0.0002256049882276,-0.0001946195271747,-0.0003046660877085,-0.0003159886815253,-0.000102252914959,7.335999433155602e-05,2.8848407278389595e-05,-6.262975632250254e-05,-0.0001133508074102,-0.0001539484474201,0.806040271135464,0.7344828247507812,0.7388131351662472,0.6471363731016176,0.6372811472384274,0.6175026352472185,0.6416831780492459,0.664871110031642,0.7422825903354185,0.7539652644188981,0.9155647045499312,0.975752885744708,0.3938970565795898,0.0935563743114471,18.345531463623047,55.35799789428711,1.8886353969573972,2.3103859424591064,7.723698616027832,10.17222785949707,607.4691772460938,575.8634643554688,5.310556888580322,3.449248552322388,-0.6408129,-0.58305144,-0.65662223,-0.7547708,-0.79128486,-0.82208705,0.09851855,0.13382451,0.13042845,0.09705232,0.080301985,0.052264895,-8.625607,-8.92283,-9.736726,-10.32682,-10.446743,-12.856729,1.3091152,1.5574505,1.4578727,1.5141451,1.505511,1.075477,0.0478487722575664,0.0503952763974666,0.0294985901564359,0.0404193587601184,0.4437124670428987,0.1662911129695077,0.268793506745375,0.2678098741448776,0.1636303457908932,0.2408548306566081,0.2310836116404739,0.3704401199198264,0.2047185200501954,0.1850839842249437,0.2551350971085567,0.2685328556940528,0.2729787606205486,0.1622947082279718,0.2648127316021293,0.3087974075341034,0.2059900887032361,0.2900939799590686,0.2251739069593274,0.3156439233291595,0.2202834881821585,0.199204264913678,0.2554378480633806,0.2163900743420446,0.4294120669364929,0.1306381374597549,26.873903,7.470544,7.4204063,3.6099274,1.679619,4.96365,0.95261973,12.308849,1.0779644,2.005515,0.45124093,0.3258962,0.5264477,0.0,0.22562046,0.0,2.456756,1.0528954,3.334169,1.5793432,0.20055151,3.9358234,9.9273,7.620958,0.0,0.0,0.0,1.0,0.0,0.0,0.0,0.0,0.0,0.0,0.0,0.0,1,0.7528123259544373,Tq_6seRbB2U,0,0,0,0,1,0,0,0,1,0
9g_Zkhy61Ms,1.9678467512130735,-8.923258781433105,6.8707151123494,0.0504885993485342,73.04739674118967,4.109120521172638,4.234511713826048,0.9484536082474226,1.0,0.6701030927835051,0.3298969072164948,0.3298969072164948,0.4123711340206185,0.1546391752577319,0.6391752577319587,0.3298969072164948,0.3608247422680412,0.3814432989690721,0.7731958762886598,0.0364482663571834,0.0163685362786054,142.692626953125,144.0,0.5136518478393555,136.0,0.1802168041467666,1.1229630708694458,3.490578413009644,66.73633455101405,13.275036673546492,37.77276282733062,8.625806564971608,6.156491309057887,12.8627685863815,7.322180080344876,4.853461550532963,10.718008906991132,7.018324567149134,2.867199528664697,0.700903230178381,12.0435569078352,13.941950479962404,11.520473075399009,10.50547200824859,11.008933655128343,10.688458824664067,7.914885804750964,8.68048125015072,8.317643709033476,8.305339554741854,7.574097329200897,7.122970679074808,-0.0003302988768414,-0.0001098014377838,-0.0002903517336515,-2.917326142476048e-05,9.73445594046513e-05,-5.637295904050569e-05,-4.486100913271408e-05,-4.022690409820197e-05,4.603390498228715e-06,2.912472022306164e-05,4.623535140283372e-05,3.918579257230226e-05,1.417755658767434,1.5586486095088468,1.406435287794808,1.374936890043304,1.265690429262871,1.3331793678776431,1.1718813033535822,1.2094387014546435,1.170522588769383,1.1801057308729528,1.0965029634801553,1.0732415499005732,0.1980680078268051,0.0645471960306167,21.43194961547852,40.227630615234375,3.4515151977539062,2.2130093574523926,24.37520408630371,14.35319709777832,1639.3748779296875,591.9591064453125,27.43438720703125,11.529267311096191,-0.7118763,-0.7758831,-0.7935631,-0.78994155,-0.7917575,-0.73324794,0.06443276,0.07522974,0.059883717,0.042659897,0.028648451,0.038997732,-6.186824,-6.6128554,-7.263696,-7.281549,-6.8729258,-10.079766,0.73227054,0.81398356,0.78560877,0.75831485,0.811864,0.97876024,0.0949846655130386,0.0461358986794948,0.0592916756868362,0.0265626441687345,0.6729282762040475,0.5140354056052876,0.4258361087616194,0.4130991242503705,0.4495966852821401,0.5181896157554564,0.3934577703690805,0.4485617265689036,0.4306025185264413,0.4209064975071753,0.5326022958198897,0.4391548220353682,0.2207061366777276,0.2465955902963116,0.1846473777770173,0.2039815044290145,0.1923335902375859,0.2578830250776001,0.2045756530942434,0.1863186753145154,0.2201041593062897,0.1758583478539646,0.2634657645658209,0.1707957419051413,0.5288006663322449,0.1144467741250991,7.696862,13.543517,19.227354,6.4239197,0.23682652,1.4505625,0.19242156,4.721729,1.687389,8.851392,0.0,0.014801658,0.05920663,0.0,0.029603316,0.0,2.6494968,1.5689757,4.8697453,0.9473061,1.9094138,4.381291,13.425103,6.113085,0.0,0.0,0.0,0.0,0.0,0.0,0.0,0.0,0.0,1.0,0.0,0.0,1,0.7699027061462402,9g_Zkhy61Ms,0,1,0,0,0,0,0,0,0,0
PVjEKIKMWQE,4.314158916473389,-8.370672225952148,7.753022320491591,0.1002865329512893,60.72799803608695,6.134670487106018,5.603076950190793,0.5384615384615384,1.0,0.5230769230769231,0.2307692307692307,0.2307692307692307,0.3230769230769231,0.2,0.5538461538461539,0.4,0.4615384615384615,0.3538461538461538,0.5538461538461539,0.0453346744179725,0.0314065217971801,155.52896118164062,157.0,0.4059633016586303,152.0,0.1415770649909973,1.6352401971817017,4.648586750030518,39.70402985753576,26.762515218572243,23.062197779504437,10.054090151052142,8.959701067811757,4.117343309490033,-0.3622483029093791,-0.6857922126327687,-0.0402852064475556,-2.486727595962551,-2.7793117907308647,-1.8059185930991768,27.286259175488357,20.19635260726987,18.79761429194138,15.115227516447716,12.737376860164114,12.533112466088877,12.606153551568244,11.107166689723249,10.50561510568662,9.063952434833134,9.271458087500127,9.447805884336422,-2.248478209947555e-05,-0.0001284054157821,-9.822031784373913e-05,-4.795707152097292e-05,-0.0001054608125283,-6.131328116342533e-05,-2.94237215958077e-05,-6.496363830146135e-05,-5.410806877527031e-05,-3.727843571515305e-05,1.0685645710878394e-05,-1.4659046785448851e-06,3.4348150728208275,2.3533200961934475,2.19727458835978,1.8809258100378183,1.609410585677873,1.5155426901842195,1.6236001286263475,1.4531319488294192,1.389707098724913,1.1901702461879813,1.2332443199704386,1.2479476340229163,0.2484699040651321,0.1146806925535202,43.78453063964844,86.93976593017578,3.7926430702209473,3.623537540435791,36.24891662597656,44.58705520629883,1759.049072265625,1251.777587890625,11.31147003173828,8.100934028625488,-0.66446424,-0.7283517,-0.77154964,-0.7852421,-0.7558145,-0.7687805,0.10666611,0.104084685,0.09406362,0.07601511,0.08118583,0.061878756,-7.510858,-7.902171,-8.929367,-8.969087,-8.26742,-10.6362505,1.3146029,1.3675772,1.3590393,1.273723,1.3338631,1.6027956,0.0953390225768089,0.0786265879869461,0.0843775868415832,0.0732402205467224,0.634216743496441,0.4306031424764391,0.4125027024271044,0.4695838769931076,0.5376467798520761,0.5762671642544344,0.5562619074813255,0.6082033090036771,0.5914443484724734,0.6104011572926192,0.5490949742229311,0.5746532506150728,0.2705546165377,0.2030187663158156,0.2169205482490011,0.1993404876966411,0.2078572971456412,0.2567321611973167,0.2354882545032039,0.2474216563417304,0.2564082642399182,0.2762247944415412,0.243189148606743,0.2345413779150059,0.5359585285186768,0.163552239537239,6.74378,4.888695,5.3251853,4.845046,2.9899607,0.61108685,0.0,0.021824531,3.5137494,3.666521,4.845046,0.065473594,0.0,0.4146661,0.043649063,2.0515058,3.535574,25.622,2.597119,0.8948058,0.52378875,0.39284155,15.713662,10.69402,0.0,0.0,0.0,0.0,0.0,0.0,0.0,0.0,0.0,1.0,0.0,0.0,0,0.4988556504249573,PVjEKIKMWQE,0,0,0,1,0,0,0,0,0,0
PYAAT0z95XM,2.7915267944335938,-9.969861030578612,5.864186728207124,-0.0060150375939849,76.78627751304741,4.38796992481203,3.686982538566869,0.4,0.9555555555555556,0.6444444444444445,0.5777777777777777,0.5333333333333333,0.5111111111111111,0.4777777777777778,0.5222222222222223,0.6333333333333333,0.6555555555555556,0.4777777777777778,1.0,0.0241964980959892,0.0123953754082322,164.3321533203125,167.0,0.0,161.0,0.2459459453821182,1.04990816116333,2.916501760482788,39.60288479936159,-6.829259738037875,37.86129467960917,0.8444053527942285,6.058864396518947,17.8851427491411,9.961552036061338,3.747040041030085,8.77249658501356,7.565227584620398,3.2612792295810635,-1.5335565525767283,13.969211509745335,11.912254551863231,12.455230687183771,8.90810490614899,8.74585216109014,8.688671873244786,8.31202439101819,7.660501544169144,7.485536217706067,7.384383747841538,7.260389784384558,6.890057444417687,-0.0003296829404456,-2.2936985594777678e-06,-0.0004302038585945,-2.532068640440096e-05,-3.68234418007532e-05,-0.00017619506103,-0.0001513376552339,-7.779803950524044e-05,-0.0001192201194735,-0.0001049180079788,-1.0686424243466413e-05,2.271000245281303e-05,1.5170231470598268,1.5005375627529007,1.3139506982772584,1.2519241321619852,1.2672789308310393,1.2235401812742115,1.2098226386786526,1.2118982280677335,1.1845022709051654,1.1702543265583518,1.15199822695987,1.118341567845663,0.1221343427896499,0.0454481914639472,3.2966620922088623,6.948431968688965,1.641421675682068,1.199973702430725,60.62976837158203,26.72824478149414,2610.760986328125,704.0469970703125,32.73670959472656,10.348198890686035,-0.764921,-0.8017632,-0.80133563,-0.7976381,-0.7715834,-0.74806625,0.06378632,0.0579545,0.048424978,0.037752636,0.03340802,0.042053636,-6.992639,-7.1930604,-7.3167415,-7.1934347,-6.7101984,-9.752138,1.803219,1.5874627,1.5357602,1.5362428,1.6125351,1.471597,0.0867014452815055,0.0403685010969638,0.1166397854685783,0.050157219171524,0.7314650195902436,0.5890273231325128,0.5865797598880633,0.6556641250128266,0.517821148630427,0.5867225512054779,0.4112273717916017,0.4323419934934526,0.4010209104529053,0.3745739923206003,0.4255919849293167,0.5128712146795344,0.1965373438444314,0.1917651630003715,0.2011906890268153,0.2207653588146614,0.1676651230382635,0.2357846368825201,0.140491028357247,0.1427782609342058,0.1870195147439793,0.1568310636301649,0.1847154843266629,0.1696661138349057,0.5978894233703613,0.1176355853676796,1.4129521,0.4878049,21.36249,11.068125,1.4970564,3.5996635,1.8166527,4.373423,0.18502943,12.34651,0.08410429,1.76619,0.25231287,0.42052144,2.9268293,1.3961312,7.06476,0.0,0.117746,0.16820858,3.3809924,5.1303616,11.808242,7.3338943,0.0,0.0,0.0,0.0,0.0,0.0,1.0,0.0,0.0,0.0,0.0,0.0,1,0.444132536649704,PYAAT0z95XM,0,1,0,0,1,0,1,0,0,0
GviUsPdnROE,3.977541446685791,-15.578485488891602,7.225616923226869,0.0090497737556561,59.06587962962953,3.6493212669683257,4.0624772317858575,0.8243243243243243,0.9864864864864864,0.6081081081081081,0.4189189189189189,0.2432432432432432,0.1891891891891892,0.2972972972972973,0.2432432432432432,0.2702702702702703,0.4729729729729729,0.4189189189189189,1.0,0.0517922863364219,0.0227308813482522,106.68412017822266,108.0,0.5,103.0,0.1300448477268219,1.2374298572540283,4.030533313751221,66.29290835313665,24.66915763177166,14.326810627400349,11.932840227865167,8.230193435197394,3.68919529089856,4.919303890437736,-0.1665138356932283,3.458603895283946,3.887744306960999,-1.2992232763683569,-5.486622260423661,16.336279039061548,15.439895779946804,14.489570924840171,10.578824518580362,11.80373411217715,9.557645581965131,9.206156127446842,9.819736569712925,9.821172729898274,7.522780642632185,8.417610896386595,7.665803101247897,-0.0001027642998086,-0.0001403862810626,-0.0001130479916291,-4.927570889900776e-05,-8.115400216544233e-05,-3.306550530160357e-05,9.53991041495549e-06,3.135742871024266e-05,-4.2039226038103005e-05,7.679929710180048e-06,6.468459136503254e-05,4.817257882605255e-05,1.5009617137316795,1.6774432287346466,1.1705521065669724,1.0890489557379428,1.2444343198692345,1.0106544426991737,1.152378820638254,1.0219348797336565,1.074116906033809,0.9247264509033032,0.9450301913524998,0.8860084675266365,0.1919901967048645,0.0512787662446498,16.692197799682617,20.084646224975582,2.9846057891845703,1.7915440797805786,21.05306434631348,16.18366050720215,1312.5726318359375,939.9830932617188,14.566362380981444,7.028035640716553,-0.711283,-0.72819465,-0.74193555,-0.7656095,-0.7893493,-0.7502583,0.068693414,0.07972869,0.08023168,0.057782605,0.039036125,0.03656581,-6.744991,-7.1834393,-7.801295,-8.151672,-8.042825,-10.260719,1.7328016,1.6958052,1.652532,1.6117629,1.639626,1.6212068,0.0697013214230537,0.055151131004095,0.065132588148117,0.0451132729649543,0.6962107105855698,0.4382570509032782,0.4922908468780915,0.4565640499858099,0.5899198597558988,0.4723535339237764,0.501272283795845,0.6346473569783405,0.2834446698455036,0.4525624847633979,0.459045652092139,0.6489010593051515,0.2522461848021745,0.1983434642792917,0.2304306629927542,0.2026977128173243,0.2178958337664601,0.2389185032093195,0.2144954261356066,0.2851736787952064,0.1566123358087207,0.2017489980974305,0.1775573522218836,0.2172181666988471,0.5649120211601257,0.1001589819788932,0.0184196,0.23945478,1.5472462,0.38681155,0.0368392,2.2103517,0.20261559,0.34997237,18.622213,3.997053,57.045498,1.3077915,10.186038,1.0867563,2.4498067,0.0,0.0,0.0,0.0,0.0736784,0.0,0.0184196,0.0,0.22103518,0.0,0.0,0.0,1.0,0.0,0.0,0.0,0.0,0.0,0.0,0.0,0.0,0,0.8290939331054688,GviUsPdnROE,0,0,0,0,1,0,0,0,1,0
1w60B6tD6c8,3.960911989212036,-6.61375904083252,8.094946981824913,0.0814332247557003,71.33057756079586,3.566775244299674,3.7213098406261342,0.5576923076923077,0.8461538461538461,1.0,0.4423076923076923,0.1923076923076923,0.4423076923076923,0.0384615384615384,0.3461538461538461,0.2115384615384615,0.25,0.7307692307692307,0.8461538461538461,0.0277559496462345,0.0179925635457038,133.83804321289062,133.0,0.4806866645812988,148.0,0.0204918030649423,1.0058428049087524,3.348063468933105,63.22628839743099,9.570340441105808,21.816243728940997,6.4687617871892185,1.2748659742352295,2.3547862231956054,2.088473669751193,4.357570102347933,4.544835273701994,-1.310205508826875,-0.8378787811109953,0.6108383043741354,15.163240061979876,16.10276097954679,13.013079748538583,10.194548541685702,9.676550785763697,8.647451912206673,8.92068228560033,8.450468950899127,9.213559749100204,7.998778879601158,7.891839256551517,7.70345565868501,0.0002299661779852,0.0002486781747978,-8.997548373128504e-05,7.524468308876935e-05,-1.0428208396938216e-05,9.243313361188802e-05,4.552976832777885e-05,-8.952983165468493e-05,-2.9462641656197858e-05,-0.0002771615621317,-0.0004495003887604,-0.0004455472627195,1.597409497100512,1.5113253523923251,1.3333353061481847,1.2365135516404258,1.172598418991846,1.14192239468296,1.1385739190937187,1.0938943523047535,1.0830465276074863,1.0600103153449347,1.0080301154133806,1.0197541257955682,0.164453238248825,0.0717518627643585,9.11092758178711,17.154624938964844,2.2155508995056152,1.45127534866333,34.922115325927734,24.080759048461918,1701.815185546875,782.1328125,23.724422454833984,13.526426315307615,-0.72417414,-0.7335452,-0.7553619,-0.77792203,-0.779782,-0.76371336,0.07285646,0.06528597,0.060699597,0.051619943,0.045112547,0.042029124,-6.8545485,-6.8948584,-7.5064306,-7.549148,-7.4913635,-10.024197,1.2831167,1.1007437,1.1605744,1.2314744,1.4590356,1.821746,0.0754201859235763,0.0425936393439769,0.0824608877301216,0.0500052869319915,0.6764547675711241,0.3401072731636766,0.5264671739102762,0.5082429153955453,0.2874128682408335,0.3953699751898308,0.2639841577914507,0.4353633579399202,0.4495142224642753,0.3743953435857259,0.6393751208291626,0.4502519204039681,0.2617813371236546,0.1751155747966362,0.2417195577662411,0.2453540931241501,0.1342170803171739,0.2159568045648348,0.1308821704420043,0.2247155469893871,0.2911346951751751,0.1645365294605104,0.2573132759683997,0.2127824088983016,0.553464412689209,0.107104554772377,7.6874204,14.167726,20.584497,0.7835663,2.668361,0.0,4.256671,0.0,2.3718762,0.0,0.10588734,0.0,0.0,0.0,0.0,0.5506141,0.0,0.44472682,0.021177467,0.0,0.0,6.43795,26.387125,13.532401,0.0,0.0,0.0,0.0,0.0,0.0,1.0,0.0,0.0,0.0,0.0,0.0,0,0.6455095410346985,1w60B6tD6c8,1,0,0,0,0,0,0,0,0,0
vxqekFB9lZs,4.125702857971191,-9.809853553771973,5.920961577948105,0.0337423312883435,55.63224371803422,3.3404907975460123,3.071342665901626,0.6956521739130435,0.782608695652174,1.0,0.6086956521739131,0.3478260869565217,0.5,0.0869565217391304,0.4782608695652174,0.3478260869565217,0.6304347826086957,0.8478260869565217,0.7608695652173914,0.0261469781398773,0.0187247693538665,172.2655029296875,172.0,0.0,178.0,0.3455657362937927,0.9742127656936646,3.9127163887023926,77.68233493385699,23.866396953494228,12.892964334902436,13.58560776843658,7.2188482253254,0.9506021418136504,0.6387830299941205,-2.454967918947727,-2.173461809537355,-4.8221218093208345,-4.120586561386169,-4.633592359146612,22.146400149099737,16.382806225657905,13.742324486328553,9.810245895294566,9.484519291201464,9.59875425328661,9.998045271227737,10.19863150908323,9.28168955783197,9.172116279599864,7.696578611786539,7.257321465405906,0.0002459599610716,-0.0006079203837128,2.382130208752903e-05,-2.51162638752587e-06,-0.0001739232977071,3.1393114898732295e-05,-1.0580675371463611e-06,-0.0001387695095707,-3.376892886996517e-05,-2.144883002025237e-05,5.401449077123714e-05,0.0001546543534174,1.8316371776694944,1.3885566811151508,1.2095838485770238,1.0654049306087618,1.0128296934359144,1.007438072058134,1.0361213309082609,0.9638232250293588,0.9624214174216704,0.924210040386848,0.8971769162177295,0.8472382070840588,0.2334499359130859,0.076053537428379,16.818204879760742,23.416332244873047,2.748627185821533,1.676628351211548,18.003093719482422,21.67030143737793,904.02001953125,699.7102661132812,13.256826400756836,8.028575897216797,-0.6395492,-0.68799883,-0.72757703,-0.77313656,-0.8030914,-0.7801391,0.08671866,0.08140505,0.06016977,0.05009599,0.041852865,0.039683715,-7.1359487,-7.272398,-7.923897,-8.1862,-8.42356,-10.554295,0.8727046,0.9026829,0.90715134,0.91589695,0.9448516,1.0105441,0.052302747964859,0.0389743894338607,0.0473532564938068,0.037368394434452,0.619200927377274,0.3251612267718492,0.231254467700411,0.324440595633693,0.2707377235526194,0.4054530255515735,0.2054067074254217,0.3653862851083366,0.4110408335809211,0.2601524850877942,0.3614651989117026,0.3034155458916079,0.3174459273834085,0.2294072459250359,0.1616160644703234,0.2293251613013155,0.2121081846828315,0.3204498121910853,0.1706139906661425,0.2589550258895847,0.3038341349778328,0.1941681373695895,0.2830091177771099,0.1973358556577231,0.5473948121070862,0.1097501963376998,30.7266,18.513958,6.999179,4.823481,0.32840723,0.34893268,0.0,1.1083744,0.0,24.117405,0.0,0.34893268,0.18472907,0.0,0.5541872,0.0,0.41050902,0.22577997,1.8267652,0.86206895,1.046798,1.8472906,0.7799672,4.946634,0.0,0.0,0.0,0.0,0.0,0.0,0.0,0.0,0.0,0.0,0.0,1.0,1,0.7712478637695312,vxqekFB9lZs,0,0,0,1,0,0,0,0,0,0
90YUS_rQfAA,3.6916894912719727,-8.027952194213867,4.64443346029694,-0.0243161094224924,63.27121910565932,3.082066869300912,3.4565405138369165,0.58,1.0,0.88,0.46,0.2,0.24,0.22,0.24,0.2,0.58,0.98,1.0,0.0520791746675968,0.0213845241814851,114.30828857421876,115.0,0.485029935836792,110.0,0.0231213867664337,1.1081209182739258,3.3096444606781006,81.48296319852092,13.784763536384633,21.488070984161396,9.480079540845168,0.4063860202974064,1.9051065426572895,3.0984199153438228,7.730903786820176,4.826271899246964,0.6170531988320888,1.68100641440383,3.2043709602856483,17.655192325436335,18.11741931438056,15.569012820860571,10.5868031847269,13.192868553047546,10.08554588361648,9.582169269830777,9.528440261043084,9.63201939224573,8.58924308862831,8.37660035650915,8.351665141787642,-0.000601479954937,-0.0007872564363075,-8.6944074757028e-05,-0.0002103051697783,-0.0002359716523343,-1.831227743502213e-05,-0.0001179147264973,-7.848969150587836e-05,2.352774038339484e-05,-3.660035130972282e-05,-1.586668954454417e-05,1.3207315350320426e-05,1.6950082473704025,1.664608875871088,1.4404320175690697,1.235487776843439,1.3311744263223388,1.1734804327657868,1.1346632693101468,1.0789465819807431,1.084426667443619,1.0483602775546486,1.0106311368985064,0.9955351930700216,0.2271959781646728,0.0814255028963089,10.651354789733888,17.62063980102539,2.253415584564209,1.4715638160705566,20.85550117492676,14.075593948364258,1132.3436279296875,560.2330932617188,18.454591751098636,9.46860694885254,-0.7055008,-0.7246999,-0.7514146,-0.7562047,-0.76266354,-0.7676274,0.06540214,0.07992735,0.06957461,0.0656739,0.06325745,0.043076586,-6.5409718,-6.7018056,-7.5116744,-7.8271756,-8.073345,-10.887548,1.1250126,1.1705389,1.1438655,1.1936989,1.2647953,1.3789558,0.082465186715126,0.0472451038658618,0.0471065826714038,0.0358398035168647,0.5959532622168341,0.2799020456496626,0.3700666363969943,0.4078625947965766,0.3102870079484692,0.577816103295503,0.2300664331871876,0.3248194661017363,0.4921009663981868,0.3698780188897029,0.5185899813472242,0.3954201898806327,0.2878451734798897,0.159848752704775,0.2074572090219235,0.2303204910547539,0.1810551398222526,0.3102232047187761,0.1417826142610333,0.1733024837685783,0.2749732599753521,0.2029080302130955,0.2737913461117183,0.2218705772137888,0.5300737619400024,0.1108054891228675,25.831852,0.4572009,7.975616,0.33020067,1.473203,0.27940056,0.0,0.0,0.0,0.0,0.0,0.4064008,0.27940056,0.8382017,0.66040134,0.0,0.0,0.8382017,2.2098045,51.231903,3.2512064,2.971806,0.5588011,0.4064008,0.0,0.0,0.0,1.0,0.0,0.0,0.0,0.0,0.0,0.0,0.0,0.0,0,0.6774710416793823,90YUS_rQfAA,0,1,0,0,0,1,1,0,0,0
qFEN6Co5v8Q,6.472936630249023,-13.019956588745115,8.409782564158393,0.0068649885583524,60.79720822796156,3.965675057208238,4.311786073524532,0.5657894736842105,0.5,1.0,0.3684210526315789,0.2631578947368421,0.4342105263157895,0.131578947368421,0.3947368421052631,0.2368421052631578,0.5789473684210527,0.8026315789473685,0.4736842105263157,0.018380707129836,0.0198073629289865,172.2652587890625,172.0,0.0,178.0,0.1704917997121811,0.9821739196777344,3.3775293827056885,50.735169621387904,16.969434069876602,16.80233291186706,7.740384675105384,3.009272275554384,5.504433394798946,2.916168139651361,1.8608847647955484,2.2450830086478173,1.4995564638275227,1.4254607972940676,0.3166435292394929,18.13961435874521,14.537889449099186,16.113659239501906,11.738235534603636,11.010081828992528,9.605886736924116,9.22942494955714,8.619287087730898,8.417005076586786,7.343211147210773,7.069645388995559,7.19666844305682,-0.0005001749235698,-0.0003077220179527,-0.0001987787882479,-0.0001133875142997,5.984973939400278e-05,3.379989357863996e-05,3.820555513061925e-05,0.0001331940561986,7.718043573711398e-05,4.0031232800036325e-05,-0.0001107775738598,-0.0001896034158722,1.4698632571170682,1.226076903006656,1.263800254875593,1.0743878536065188,1.044982233277463,1.0361131037681437,1.017059858858809,0.9264480293113428,0.913875485691376,0.8515654967911395,0.8141983176693377,0.8228061905454872,0.2736994922161102,0.1299921572208404,12.334369659423828,20.413732528686523,2.244964838027954,1.736585259437561,22.65276336669922,25.271717071533203,1174.092041015625,1107.2451171875,11.110481262207031,8.939627647399902,-0.6821628,-0.7244649,-0.7416536,-0.7660972,-0.760695,-0.7878709,0.07807083,0.093489885,0.081162296,0.08032378,0.084643275,0.05650488,-7.700394,-7.8566957,-8.74192,-9.166248,-9.321953,-12.070642,1.93717,2.017827,2.0610096,2.160983,2.222824,2.08357,0.0461078658699989,0.0415420122444629,0.0491295233368873,0.0528020486235618,0.5703344725595788,0.3093574493791972,0.1792643633380583,0.3048254925774309,0.1954937152766865,0.5027908129055836,0.1921547839790128,0.3588339173571667,0.5062430530521332,0.2650828785157021,0.3482109655774445,0.2947804695464717,0.2713219924140367,0.214999386405439,0.11995554141617,0.2525188861676461,0.1338040608198154,0.3036041001778319,0.1335067233042626,0.2335621145510323,0.3010202709781882,0.1627909352775579,0.2270827948696046,0.1719835678562005,0.518699586391449,0.1248467788100242,45.01282,18.018625,11.202592,3.320286,0.0,2.2405183,0.0,4.6430016,0.17546228,6.0332026,0.39141583,0.09447969,0.32393035,0.0,0.0,0.0,0.5398839,0.0,0.25644487,0.0,0.0,0.0,1.2822243,6.46511,0.0,1.0,0.0,0.0,0.0,0.0,0.0,0.0,0.0,0.0,0.0,0.0,1,0.8087393641471863,qFEN6Co5v8Q,0,0,0,0,1,0,1,0,0,0
sw_LpINt8lk,3.0688395500183105,-14.916767120361328,9.540795932141837,0.0502673796791443,55.28303693173565,4.747593582887701,4.902954700728121,0.5857142857142857,1.0,0.6928571428571428,0.5571428571428572,0.3357142857142857,0.4857142857142857,0.2357142857142857,0.5357142857142857,0.3142857142857143,0.4571428571428571,0.6071428571428571,0.8714285714285714,0.0535264387726783,0.0392449647188186,115.43434143066406,115.0,0.4872280359268188,120.0,0.029126213863492,1.2524343729019165,3.1337690353393555,69.2463356209033,33.17521427776752,16.52163273701122,9.880568636807824,8.22499656914798,8.174854039049439,6.576175529298135,5.175118163190003,4.152245693080066,2.4301500591354426,1.818329429693775,2.959912074931193,18.00442764012681,13.596374003799305,13.741402551048816,11.991194009560374,10.196957234623408,9.610998018894223,8.461545837957951,8.251816759606637,7.82553131171046,7.6478709454611,7.686257598068471,6.999602388356227,-0.0003451444566501,-0.0001768310812512,7.655035534011084e-07,2.336953288902256e-05,3.916682708776315e-05,1.6873152529474043e-05,-3.398573792559708e-05,-1.9803437198877893e-05,-1.1446292911763407e-05,-5.206831801858694e-07,1.843402757934172e-05,5.154074906930783e-06,1.7014671128482888,1.3024484867351085,1.324485038206889,1.0855191414106693,1.0264807356081318,1.0352325206464756,1.0140228307953438,1.0047657412760098,0.9527040742658328,0.9286916754658084,0.9126243483396252,0.8770783203163717,0.3180910050868988,0.0909371450543403,19.325963973999023,35.56165313720703,2.6582798957824707,2.1039745807647705,12.86246395111084,13.29705810546875,720.47900390625,531.9932250976562,13.028576850891112,7.593464374542236,-0.7269562,-0.7604561,-0.7593448,-0.8104036,-0.80626076,-0.79161865,0.06262301,0.06608881,0.080633424,0.056517884,0.04598504,0.042895354,-6.263058,-6.604399,-7.5605173,-8.166833,-8.640009,-11.414487,0.55584687,0.8348596,0.89893174,0.8915335,1.0549845,1.2165993,0.0844272077083587,0.0621771700680255,0.0340919233858585,0.0303585790097713,0.763640041602054,0.2685449010793168,0.3002123595359016,0.3141904180749744,0.2308371171311107,0.4203765973699242,0.3394075478375299,0.6689803082947277,0.274543603095846,0.305271570987729,0.4391107624744993,0.3808043374146451,0.2426923676364348,0.1785989134102532,0.1863104618577587,0.2311485282023177,0.1503955413308215,0.25812605484673,0.2307595498181689,0.2427059118686187,0.1965968518832271,0.1919617036455755,0.2575033985867421,0.2096541840415682,0.5222696661949158,0.1275157481431961,35.51947,8.024594,7.362447,7.8590574,0.48084503,11.461453,0.39413527,13.258711,1.5765411,1.6080719,1.4110043,0.039413527,0.0,0.007882705,0.0,0.18918493,0.023648117,0.25224656,0.12612328,0.03153082,2.5224657,0.0,7.3939776,0.45719692,0.0,0.0,0.0,0.0,0.0,0.0,0.0,1.0,0.0,0.0,0.0,0.0,1,0.6961275339126587,sw_LpINt8lk,0,1,0,0,0,0,0,0,0,0
EwsEICKOyh4,4.047019481658936,-8.203200340270996,4.541183557557657,0.0245535714285714,61.58281782853502,3.1607142857142856,2.858426051133022,0.2625,0.6375,1.0,0.45,0.375,0.3375,0.1,0.375,0.3,0.2125,0.7125,0.8375,0.0526500605046749,0.0350179448723793,103.97761535644533,103.0,0.2948113083839416,108.0,0.009345794096589,1.3366398811340332,4.428743362426758,61.18694830053403,19.972432390107222,18.76441596685247,6.442189506830266,-2.793618018354126,-1.0972300583214578,-7.458448710318482,-6.965050247500082,-0.099014095607509,0.2299108898366831,2.1664391411553883,2.3539892703386505,15.634016288492628,17.412040554519816,15.165284381663778,9.43181731957938,12.303716316737242,10.425946907049587,10.106141815737637,10.483696777463791,9.755265768593285,9.116282853920884,8.698977180492108,7.952616498683245,-0.0010242146848998,-0.000563800702883,-0.0005017898913663,-0.0002429499851291,-5.314016933090983e-05,2.2582139234313788e-05,0.0001567553523251,0.0001974163909724,9.015880501231032e-05,2.278619572480238e-05,1.300792588293132e-05,9.381948347630625e-06,1.7651361711740343,1.8266098422158443,1.7669450205387156,1.157665958276611,1.3327224449165354,1.2733982285259886,1.204911106543586,1.1890734233645546,1.1623055620712468,1.0803719585746752,1.0382459957713055,1.0084079977168805,0.1951283663511276,0.066321425139904,15.860803604125977,29.444618225097656,2.690711736679077,1.9058574438095093,24.79125022888184,22.660797119140625,1322.61767578125,702.1657104492188,14.783308029174805,9.086285591125488,-0.66683155,-0.695428,-0.74336976,-0.7842332,-0.7785703,-0.7951724,0.11938365,0.083124235,0.08246943,0.06942914,0.061331123,0.038967665,-7.535657,-7.0951285,-8.074763,-8.172314,-7.9768806,-10.073292,1.7500468,1.4781758,1.4316866,1.4347913,1.4343985,1.5515194,0.0794996991753578,0.0595948100090026,0.0729910582304,0.0689458325505256,0.6327715629688628,0.3440236549763878,0.5058179029788699,0.2860860494226172,0.4797080349395909,0.5519516063888318,0.4044515890467802,0.6090435524908628,0.2763502797168508,0.4668833588900628,0.336970034848403,0.4675259878465647,0.2529269602179787,0.1978246686486747,0.2772407293214406,0.1885147436429226,0.2632124321751513,0.2770542385690938,0.227622546790802,0.2574123372357124,0.1623948362856072,0.2534801158727612,0.1960825322664809,0.2462881065539738,0.535678505897522,0.127730906009674,52.647335,7.4462113,12.778297,0.03741815,1.4405987,0.0,0.1496726,0.0,0.0,0.0,0.0,0.0,0.0,0.0,0.0,0.9541628,0.0,4.4527597,0.0,2.2076707,0.0,5.7811036,8.942937,3.1618335,0.0,0.0,0.0,0.0,0.0,0.0,0.0,1.0,0.0,0.0,0.0,0.0,0,0.8349481225013733,EwsEICKOyh4,0,0,0,1,0,0,0,0,0,0
z9FGkud6qzI,2.752735137939453,-7.733300685882568,9.381169666266048,-0.0162412993039443,69.46494210725159,4.758700696055684,5.362260681010689,1.0,0.6146788990825688,0.2293577981651376,0.1192660550458715,0.2110091743119266,0.2844036697247706,0.073394495412844,0.2935779816513761,0.1559633027522936,0.1926605504587156,0.1834862385321101,0.5963302752293578,0.0839279145002365,0.0362801067531108,82.54010772705078,82.0,0.0158311128616333,0.0,0.0,1.7187871932983398,4.560121059417725,59.02260187809171,14.613500321180515,18.12164712981897,23.024147173429444,13.453345134787742,3.6223697282184175,8.850521856371468,11.24960616930428,8.638461420106596,2.7101457190393194,1.0110581146636155,4.744689632000295,19.4894998189081,18.594702413926147,16.767257866562552,15.213880060771087,12.2998496732786,11.486981081817092,10.124126449448568,9.98062753581894,9.90847436400276,9.334295497621811,8.504212270343327,8.411279658379422,-9.649539266478558e-05,-0.0002110404312462,-0.0001477227894695,-0.0002410945538336,-0.000239833244408,-0.0001747372278692,-0.0001695241235307,-0.0001375308597425,-0.0001344231577575,-7.407990135955588e-05,-4.670272247760119e-06,-4.673792141613432e-05,2.4949736265301814,2.31189550499614,2.0040969658522885,1.945712602553333,1.6358581477962362,1.6151963700437095,1.4022870530660032,1.3948294735998057,1.4076081626056591,1.349377775139302,1.2786809301836042,1.239288842845814,0.2438855916261673,0.08452058583498,37.10729598999024,58.69291305541992,4.225128650665283,3.119647741317749,21.46576690673828,22.6672477722168,1476.7354736328125,822.4253540039062,17.43292236328125,9.823549270629885,-0.7477895,-0.7629431,-0.76753116,-0.7535688,-0.78020066,-0.7519595,0.080532655,0.07741376,0.062783375,0.056387346,0.052639376,0.04487214,-6.4572444,-7.0476465,-7.634431,-7.657534,-7.8048997,-10.155306,1.2454976,1.1125836,1.1974709,1.1948135,1.1825058,1.3127221,0.110082134604454,0.0684948340058326,0.0500047281384468,0.0433199144899845,0.746218115632523,0.5083431256243847,0.4584355146338692,0.3778140812648894,0.4729366203965253,0.4854689868104587,0.356315612326097,0.4287519671010367,0.4195304692945077,0.264458856002793,0.2704304741374286,0.5593416292856392,0.2500942287005587,0.2230299957594338,0.2157140580675765,0.1694771120795854,0.2890356629249498,0.2828532730498393,0.1890903513501772,0.2420916753351164,0.278392800829761,0.1376420784870637,0.1413840534763671,0.2120756742353522,0.4312970042228699,0.1487363129854202,45.939598,0.55369127,0.68791944,0.11744966,0.0,0.0,0.0,1.2080537,0.0,36.71141,7.6510067,2.114094,0.033557046,0.0,0.0,0.0,0.80536914,3.1543624,0.0,0.4194631,0.0,0.0,0.0,0.60402685,0.0,0.0,0.0,0.0,0.0,0.0,1.0,0.0,0.0,0.0,0.0,0.0,1,0.8184221982955933,z9FGkud6qzI,0,1,0,0,0,1,0,0,0,1
ePhUvyM5gNc,3.714243173599243,-9.744098663330078,7.664084271338416,0.0042372881355932,67.8827891768942,3.597457627118644,3.890861999051389,0.7532467532467533,0.6103896103896104,1.0,0.4545454545454545,0.3116883116883117,0.2597402597402597,0.0909090909090909,0.2467532467532467,0.3376623376623376,0.4285714285714285,0.7532467532467533,0.8831168831168831,0.0648699328303337,0.0485776923596859,172.26522827148438,172.0,0.0,178.0,0.4537313580513,1.260348200798035,3.976160287857056,56.13979060426764,23.548785188727557,10.844331745494122,7.875962841322946,14.603458412187738,8.912718576891988,7.472046424074466,11.665685384091748,8.836739324296262,5.744190363924343,5.572242837344689,-1.1418295923890218,17.024071597352943,16.21834708074115,14.019960295183472,12.778171601293812,10.80705586094406,10.82002393624681,9.828592308241824,9.7649479332359,9.733417368998756,8.24758869751203,8.038874392302995,8.420771657971464,-0.0006967847507926,-0.0002349651732515,-7.057747809252855e-05,4.087885958150648e-05,-8.798162738003264e-07,-2.1461406351681992e-05,-2.116720595417592e-05,2.0770552032024604e-05,0.0001184707506031,6.872606556291644e-05,-6.17205815458468e-05,-6.40677577450635e-05,1.9582909098206267,1.8418328754538205,1.455964683631588,1.4834575129451395,1.2982726212735325,1.2844862373842425,1.1797789760687394,1.1669413986499348,1.139418653755245,1.0867631135356863,1.0514704018776249,1.0440293525260604,0.2024846524000167,0.0661782547831535,30.81822204589844,53.61232376098633,3.826850175857544,2.9707553386688232,25.710567474365234,20.19588279724121,1743.553466796875,743.3980712890625,17.29334259033203,10.681649208068848,-0.7345896,-0.7353544,-0.72490597,-0.77745944,-0.7723679,-0.75527275,0.07195452,0.09216931,0.08715356,0.058461253,0.045248263,0.039466504,-6.684706,-7.145903,-7.726223,-8.02823,-7.605673,-9.48584,1.1084893,1.0706238,1.1719661,1.2076892,1.0998461,1.0814679,0.0981783866882324,0.0700888559222221,0.0700764134526252,0.0377465412020683,0.6764506135006828,0.4838554499948939,0.4972119892025483,0.5494310312488284,0.3633798581653685,0.4860536765530997,0.2860894318993228,0.4164805524603501,0.401086184558192,0.2917671919716427,0.4331837423067063,0.4361256676384138,0.2791918056152542,0.2654555564116597,0.2668715439040787,0.2762561160152503,0.2007567515689682,0.2906029061071615,0.1764099653623811,0.2516454517881237,0.2499850924051618,0.1701287080800336,0.2762858199806063,0.2172152462143666,0.4521868824958801,0.1180690675973892,29.539513,2.915745,4.6249747,0.040217172,2.0309672,0.0,0.36195454,0.0,0.12065152,0.0,0.0,0.0,0.0,0.0,0.0,0.10054293,0.0,0.34184596,0.0,1.1260809,0.7038005,15.483611,9.772773,32.837322,0.0,0.0,0.0,0.0,1.0,0.0,0.0,0.0,0.0,0.0,0.0,0.0,0,0.6584218740463257,ePhUvyM5gNc,1,0,0,0,1,0,0,0,0,0
73B-NoUG0rI,5.699569225311279,-15.518831253051758,7.598166103375797,-0.0247191011235955,66.75063176372998,3.348314606741573,3.716048171563731,0.6172839506172839,0.6296296296296297,0.8518518518518519,0.3333333333333333,0.2222222222222222,0.345679012345679,0.0,0.2962962962962963,0.1604938271604938,0.2716049382716049,1.0,0.7654320987654321,0.0233210884034633,0.0211953017860651,117.89274597167967,117.0,0.3395522236824035,86.0,0.0157068073749542,0.980095148086548,3.0725622177124023,48.93552976478491,22.859905751185536,15.551936793894782,9.41320999476748,10.017493912883422,5.7212339255126325,2.944851542301711,3.6081983032625407,-1.212730894993465,-1.8018103465638025,1.163533772386918,1.8521064088001005,15.494614267600925,13.725510835067643,11.732650477750632,9.467784477975709,9.670527571804746,7.887447836894318,7.695220748504206,8.793454476277823,8.263566613873326,7.757797688810641,7.651206126114809,8.587350217489888,-0.0005874025037814,-0.000467466103703,-0.0003318862715602,-0.0002140492559313,-0.0001319732919993,-8.767678066708187e-05,-5.755263940425292e-05,-2.1053772602827275e-05,1.4439859162094332e-05,3.6452675359885416e-05,4.482237129132748e-05,3.820522938059345e-05,1.2007358673442583,1.1094109615226893,0.9985641456449948,0.9289694017184892,0.862944845153567,0.8243615754119168,0.7880124558031331,0.8410885723040026,0.7759874651352409,0.7823437101983024,0.7722513247554185,0.7704695973445881,0.2627193331718445,0.0961515605449676,16.025615692138672,23.327194213867188,2.417079448699951,1.8677629232406616,18.45936393737793,19.375089645385746,1094.77294921875,909.3170776367188,10.868194580078123,6.987002372741699,-0.72253245,-0.74814343,-0.7012971,-0.7445893,-0.7638298,-0.7798999,0.087198876,0.06882906,0.10147496,0.08370399,0.075606756,0.05359431,-7.1651998,-7.4497395,-8.643688,-9.334347,-9.026475,-11.469317,1.8337008,1.6087662,1.6648707,1.6858315,1.7032629,1.6494081,0.0551576688885688,0.0521098859608173,0.0514006912708282,0.0583541803061962,0.5079611012547143,0.2186296857256464,0.4239128135353965,0.2265742757716506,0.3198736723194329,0.4353648334015581,0.1800995307721892,0.4145717975990601,0.1830678389653994,0.5009265138957006,0.3602731132378575,0.2298383462909788,0.3039386416242237,0.1878033705765001,0.2829948251866672,0.2141608985430945,0.2370242783973351,0.2864202136799966,0.1545586245680786,0.266480614058982,0.1568312527117279,0.3228164945326646,0.2930423367205909,0.1861187276476909,0.5131949186325073,0.1128346472978591,39.82481,9.166276,8.30596,0.28155795,1.8301266,0.17206319,0.37541062,0.43797904,0.093852654,0.14077897,0.31284216,0.39105272,0.0,0.0,0.0,0.046926327,0.18770531,0.5631159,0.0,3.879243,0.31284216,9.2132015,4.176443,20.287815,0.0,0.0,0.0,0.0,0.0,0.0,0.0,0.0,1.0,0.0,0.0,0.0,0,0.7829750180244446,73B-NoUG0rI,1,0,0,0,0,0,0,0,0,0
v-ZA5j8UKg8,3.472562789916992,-9.55594253540039,6.725063288048789,0.0360501567398119,69.17666464278487,4.824451410658307,4.673734143407214,0.4692307692307692,1.0,0.3307692307692307,0.2615384615384615,0.2307692307692307,0.3076923076923077,0.3230769230769231,0.4153846153846154,0.2384615384615384,0.2461538461538461,0.3461538461538461,0.7384615384615385,0.0478337854146957,0.0313179455697536,166.39967346191406,167.0,0.0,172.0,0.25,1.2758532762527466,5.039012908935547,45.40817110574275,10.688544260524123,11.79916540044575,11.973565931276015,2.796758898690956,4.056013211612338,4.595935475834126,6.366412933745307,5.930571320379709,6.92858620976921,7.820716923270561,5.97235686630666,29.0693930179584,23.08936646879984,20.32781717523712,17.645389003785724,14.4325367470797,13.083843105630557,11.857395670976777,11.74639428411354,11.113793423762726,10.96916160171261,10.78438249890103,9.988005604278902,0.0003182367518139,-1.8131897966440862e-05,7.967395724851747e-05,4.7793305336496905e-05,-1.0573387270387917e-05,6.504878023389655e-05,0.0001210428028862,0.0003060979355743,0.0003913999756725,0.0002319641827525,0.000275839103713,0.0001714414008687,3.275045477885703,2.9951386125812767,2.4358692556829653,2.055242837932572,1.8463282511525136,1.770581167660542,1.6418797802031695,1.5802994920970177,1.534551678288062,1.4811796821825125,1.423259125075747,1.368637973381082,0.2445480674505233,0.0909371674060821,42.93366241455078,112.63444519042967,4.109311580657959,3.983401536941528,25.51594352722168,26.82464599609375,1833.8663330078125,1118.9605712890625,12.879406929016112,9.29694652557373,-0.6583461,-0.70984805,-0.7437246,-0.7566289,-0.7644086,-0.76420605,0.102214456,0.10950455,0.093047656,0.073789805,0.061074443,0.053538363,-8.298329,-7.6979346,-8.163462,-8.165776,-8.02302,-10.071538,1.8779925,1.4402931,1.4525673,1.4098256,1.3046066,1.5582843,0.102419912815094,0.0726824402809143,0.0653895810246467,0.0605884529650211,0.7855739456856711,0.5553683625475312,0.4472158447889413,0.4007724580214608,0.3687093938284214,0.3859090797140941,0.3683166953459412,0.3682189800288893,0.3460919609848789,0.3109018023934503,0.4371322753948042,0.5140794923028538,0.2731985333752398,0.2784919827672209,0.2745211107005392,0.2590575005910839,0.2418686190383236,0.2385645555352492,0.2361388821085193,0.2441751558663378,0.2399808963893744,0.2310320812136705,0.2611447703110335,0.2653130288701945,0.4014516174793243,0.1898644119501114,27.705967,4.439222,19.323671,0.2219611,0.23501763,0.6006006,0.40475258,23.279802,1.1750882,7.886147,0.07833921,0.3003003,1.3448231,0.2219611,0.8617313,0.19584802,0.0,0.013056534,0.20890455,0.9661836,0.8617313,4.5306177,1.2664839,3.877791,0.0,0.0,0.0,0.0,0.0,0.0,0.0,1.0,0.0,0.0,0.0,0.0,1,0.550824761390686,v-ZA5j8UKg8,0,1,0,0,0,0,0,1,0,0
ZIszesDaK9U,5.767751216888428,-13.434547424316406,5.373795382944636,0.0087527352297593,67.9219689236702,3.5798687089715537,3.4746140292623746,0.6486486486486487,0.5945945945945946,0.918918918918919,0.5945945945945946,0.3378378378378378,0.4054054054054054,0.1216216216216216,0.1756756756756756,0.2027027027027027,0.5405405405405406,1.0,0.6351351351351351,0.0516666769981384,0.0299016088247299,91.17682647705078,91.0,0.0767045021057128,83.0,0.0056179775856435,1.2809491157531738,3.772920608520508,53.23882276598384,21.01650208618578,15.67471533673604,3.881304269022967,13.965673420592598,6.758880937553318,5.927828228336358,6.614101282468506,-2.889322585393256,-1.2146944117098968,-2.1889162289665376,-1.3313551459202704,16.725603099822372,16.319754760053875,15.113262554476943,13.421686144851575,11.613649817912888,10.761832960915848,10.146033170624156,11.773210540206726,10.313162876399629,9.676981371123327,10.005468113092183,10.13453660617167,-0.0006986961751362,-0.0004888166616306,-0.0004115798871151,-0.0003179664669285,-0.0003104621484532,-0.000207556138945,-0.0001478751923995,-0.0001119963257385,-1.829800069649333e-05,-1.7113166801139307e-05,-6.234713860352793e-06,5.385397195025747e-05,2.1105135508101425,1.7983693556320872,1.5642161023300842,1.5518439642201254,1.4338781097217144,1.4617924521993966,1.323681678760661,1.350042610495128,1.2216968425956305,1.1883725314976716,1.215657658412195,1.2267715641371748,0.1904704719781875,0.0625021681189537,21.820093154907227,45.79040145874024,3.0642330646514893,2.586461544036865,27.64724349975586,25.15187644958496,1618.8701171875,738.414794921875,12.41230297088623,8.359756469726562,-0.71350443,-0.7500234,-0.72545785,-0.7693211,-0.77736735,-0.78448534,0.080258176,0.089023404,0.08839397,0.05547331,0.05496402,0.0430818,-7.1662526,-7.575572,-8.169646,-8.439078,-7.968115,-10.285644,1.0528603,1.159876,1.1524911,1.0452282,1.1475316,1.3187524,0.07748993486166,0.0592440590262413,0.0835175290703773,0.0567016936838626,0.6438458631129398,0.4975235105856415,0.3673793363811162,0.5082017275636378,0.5759315153557033,0.632995361223173,0.4905509983795799,0.4542199290667095,0.5628830971183528,0.434655821718107,0.537709896503238,0.4680423414773422,0.2782062418564514,0.2373435418396076,0.208321717298804,0.2714491746449485,0.2415704526421823,0.2486102234756482,0.2341637126892799,0.2289811010490167,0.2574682955610661,0.2181989403113125,0.2690276403798166,0.253071475288125,0.5066333413124084,0.1231409087777137,39.677227,2.02716,2.1846094,0.0,0.31489864,0.0,0.9053336,0.0,0.9053336,0.0,0.0,0.0,0.0,0.0,0.0,4.9202914,4.3495374,2.6372762,0.5707538,1.1808699,0.0,0.47234797,1.2989569,38.5554,0.0,0.0,0.0,0.0,1.0,0.0,0.0,0.0,0.0,0.0,0.0,0.0,0,0.5667760968208313,ZIszesDaK9U,1,0,1,0,1,0,0,0,0,0
E7u4RDORpFE,3.95395827293396,-8.155302047729492,8.19540900029831,-0.0194174757281553,57.91699290935477,4.223300970873787,4.518209196828954,0.5714285714285714,0.967032967032967,0.5164835164835165,0.3076923076923077,0.3956043956043956,0.2087912087912088,0.2307692307692307,0.1098901098901098,0.2087912087912088,0.3846153846153846,0.7582417582417582,1.0,0.0895515084266662,0.0836987048387527,91.00360107421876,91.0,0.0418410301208496,0.0,0.0,1.5524322986602783,5.803935527801514,54.20054871825585,23.25033671207196,15.34590253255782,11.44187762733258,11.090085293357392,10.873896944648294,7.075499626325182,2.858926783706601,0.312942503760991,2.90748094397246,6.543103644109436,3.2729280227446123,21.706248849309027,17.863610676027307,16.7453007171485,14.373698077227656,11.510725852512149,10.65130720177584,9.05711596633019,9.095389019913792,9.202402479323606,7.590277320472081,7.756098729897035,7.268490050717918,-0.0006371499788324,-0.0002296908398474,-0.0001425588361646,-0.000160192888893,-0.0001786483288515,-0.0001619806495332,-0.0001160297114536,-4.311231030940396e-05,2.7963906481956765e-06,-1.821968276777158e-05,-7.480530994204466e-05,-4.57179397717347e-05,3.1358431667886832,2.214815039380659,1.9171385159448888,1.7282113236633327,1.5216387096304689,1.5200770301812196,1.3678930927327977,1.2954544188829842,1.2900731608665554,1.172182728024304,1.165118304288174,1.111879672061485,0.2497666180133819,0.109981283545494,41.31679916381836,83.04338073730469,3.86849856376648,3.227996349334717,22.945051193237305,30.790197372436523,1253.1715087890625,911.9440307617188,14.327730178833008,10.925403594970703,-0.7467659,-0.7569084,-0.7614882,-0.80085903,-0.79133767,-0.80829835,0.08418431,0.088049956,0.06961532,0.056866463,0.06118072,0.039392132,-6.648367,-7.087721,-7.660232,-8.10191,-8.185622,-10.064389,1.2285962,1.2052797,1.2552983,1.3155478,1.3318734,1.3815688,0.1189907416701316,0.0952168926596641,0.0635216832160949,0.0599227510392665,0.689733283835143,0.5590797856966323,0.4603064767377586,0.5645044600088738,0.608731420097674,0.6228841126528442,0.5210034092502376,0.5314357906132783,0.4392086325666357,0.6240033811733713,0.4785750212328622,0.6735522561231113,0.2555121264065637,0.2102634142297806,0.2046683779425901,0.2554289882739953,0.2155450038333083,0.2515551340397111,0.2313435756238088,0.2510001945114524,0.2094929806625264,0.2270731372526384,0.2111473907287123,0.2686459982318946,0.4945771396160126,0.1584334224462509,68.23719,10.201086,7.2801995,0.11742257,0.029355643,0.0,0.0,2.1723177,0.073389105,2.1282842,0.014677822,0.014677822,0.0,0.0,0.0,0.0,0.058711287,0.058711287,0.22016732,0.0,0.0,0.0,0.073389105,9.320416,0.0,0.0,0.0,0.0,0.0,0.0,0.0,0.0,0.0,0.0,1.0,0.0,1,0.7876764535903931,E7u4RDORpFE,0,1,1,0,0,0,0,1,0,0
Q7mEpR8sqsU,3.814637899398804,-8.050766944885254,6.351151010920131,0.0362694300518134,68.81778592295545,3.2202072538860103,3.1410215754363597,0.4027777777777778,0.7777777777777778,0.9305555555555556,0.3055555555555556,0.2361111111111111,0.3472222222222222,0.0972222222222222,0.2083333333333333,0.2083333333333333,0.2777777777777778,1.0,0.5694444444444444,0.0553472861647605,0.0248306896537542,125.9373779296875,126.0,0.1400437355041504,120.0,0.050000000745058,1.226172924041748,3.954692840576172,66.64236071608643,6.488732528278423,3.3987090433835725,8.41157366939557,10.459255652732102,10.037975375182077,6.440530553145935,5.321439058034803,-0.7484702009545549,1.6019918323736435,3.5475165549042167,3.1145122670654084,18.017210444533927,18.57865388698291,16.611085951101803,13.380410884486675,13.482482993384393,11.380148567449377,11.23774142488349,11.800776966773162,10.44299407046086,10.641303090945636,10.613855601445856,10.045785767450456,-0.0005380163962151,-0.0001372352720038,-2.7581557702700643e-05,-4.220649911717479e-05,-2.5609767418830192e-05,-7.718191673470635e-06,-2.3283399293289144e-05,-6.669390120297365e-06,-5.453962559925851e-05,-0.0001260690820617,-0.000106694620052,1.4837855211124806e-05,1.9811417927630008,1.882798334727265,1.6550596909200843,1.6141834145670908,1.5587199106754024,1.4987751566263143,1.3930031630872106,1.4343253569168868,1.3140493392170205,1.2783190755701912,1.3047812388934874,1.3067551269481592,0.2004918158054351,0.0782125294208526,17.491901397705078,47.3393669128418,2.4682178497314453,2.460622310638428,29.586240768432617,25.52938270568848,1497.2755126953125,1097.1353759765625,14.860280990600586,6.716574192047119,-0.72319996,-0.7428292,-0.6976196,-0.74656147,-0.7725722,-0.81758773,0.09293402,0.08062944,0.09726731,0.07517983,0.06297261,0.031740744,-7.3340406,-7.3837504,-7.7755694,-8.131918,-8.233302,-9.7299595,2.3149867,2.1307368,2.1081765,2.07038,2.076658,2.0694828,0.0964828357100486,0.0584601424634456,0.0915324985980987,0.0729385465383529,0.6355456956247105,0.4903189511591231,0.5455575148481305,0.5760666328812999,0.4980123132003105,0.5804599656094782,0.3636555705348983,0.4524426109905473,0.4850592616235533,0.3855187909450269,0.5156139755469564,0.4658643832515448,0.2304918760471535,0.2195595952775184,0.2279100532644629,0.2356228566154029,0.2366802383391589,0.2454972953509035,0.1653031571706882,0.2225106113360526,0.2394024695624277,0.1894534448836053,0.2444726926175263,0.1829293881195763,0.472599983215332,0.1300298869609832,17.291014,12.382359,13.434213,0.9780402,8.3410225,2.1959772,2.7126777,1.3286585,0.4797933,0.036907177,0.0,0.036907177,0.14762871,0.81195796,0.27680385,3.3770068,0.33216462,0.9964938,0.9964938,4.8717475,3.3954604,10.887618,9.743495,4.945562,0.0,0.0,0.0,0.0,1.0,0.0,0.0,0.0,0.0,0.0,0.0,0.0,0,0.7558909058570862,Q7mEpR8sqsU,1,0,0,0,1,0,0,0,0,0
Bc4-HJ5wZV0,3.717363119125366,-15.582067489624023,9.372673647886453,-0.0409356725146198,67.67880294483221,4.3879142300194935,4.691206378639772,0.6421052631578947,0.8315789473684211,0.5684210526315789,0.3263157894736842,0.1684210526315789,0.3684210526315789,0.1473684210526315,0.3578947368421052,0.1894736842105263,0.3473684210526316,0.4526315789473684,1.0,0.0429538674652576,0.0350562706589698,119.00960540771484,120.0,0.4646840095520019,115.0,0.0161001794040203,1.604840636253357,5.313227653503418,55.25300460829553,28.55559112544816,10.914220007968732,4.822485218030097,4.814792513107437,2.608099171395242,3.365574537993672,2.483278998510138,3.1908361093136164,1.5759439880673145,-0.1963642290905468,-1.060420885234625,18.40134937254241,13.318604644532751,14.172926856474586,11.238855355039291,10.209958105347402,8.96143085643267,8.693426468699446,8.736277406992354,8.143798143798858,7.768892449746957,7.253233718669241,6.817410153335139,-0.0008300217303399,-0.00066673509945,-0.0005071879794563,-0.0003510775036171,-0.000237956150497,-0.0001783066860868,-0.0001331075218401,-0.0001012125746386,-0.0001069007580713,-8.819465758046422e-05,-6.576134630053445e-05,-6.911732172586422e-05,2.697105758831296,1.8043759446146348,1.7003498338223109,1.562580408715822,1.5248431045967152,1.3361996561102396,1.3396839807912706,1.2926490669014177,1.2371221048970482,1.1793585747820494,1.1211093027734325,1.0428923383733866,0.1740370988845825,0.0767661705613136,27.484569549560547,49.71522521972656,3.654797077178955,2.327034950256348,26.79899406433105,22.910722732543945,1566.1416015625,1109.40576171875,15.90225887298584,10.247902870178224,-0.69338757,-0.7665372,-0.76720893,-0.8074614,-0.8083866,-0.74995387,0.08118928,0.07624803,0.07608115,0.049416658,0.0391938,0.04800104,-7.0607705,-6.9486194,-7.7881885,-8.208541,-7.731522,-9.838525,2.2164435,2.1888814,2.1375465,2.0675945,2.094761,1.928033,0.1088214293122291,0.0823802649974823,0.0831884816288948,0.0583861656486988,0.821567943185119,0.7349373939612902,0.6495635929733932,0.5627245646629927,0.4263495975071094,0.4885078642603683,0.4580052382128433,0.6119931570594314,0.5842047273501293,0.5854337618647769,0.7443418909790323,0.7242399197341111,0.1874509173684431,0.2055046002599173,0.1864395977879928,0.1717569723505626,0.1295166727855481,0.1891167817361331,0.1575902028861931,0.209691061893316,0.2182523276124889,0.1697785705797642,0.1884050060786836,0.183962133679794,0.5610647797584534,0.1458219587802887,27.647734,1.9479456,5.9256835,14.7651005,0.62203306,6.69504,3.5193975,10.934687,1.7678834,6.5804553,0.85120314,0.62203306,1.0312654,0.0,0.0,0.24553937,0.4092323,0.0,0.0,0.06547716,0.68751025,0.21280079,14.404976,1.064004,0.0,0.0,0.0,1.0,0.0,0.0,0.0,0.0,0.0,0.0,0.0,0.0,1,0.7668175101280212,Bc4-HJ5wZV0,1,0,0,0,0,0,0,0,0,0
0jaMyZVpvI8,3.307723045349121,-10.531508445739746,5.678890714814029,-0.0449172576832151,54.51639430018197,4.9408983451536646,4.359040619996805,1.0,0.8333333333333334,0.4814814814814814,0.6111111111111112,0.5370370370370371,0.8333333333333334,0.1666666666666666,0.9629629629629628,0.6666666666666666,0.5925925925925926,0.3148148148148148,0.8333333333333334,0.0390361435711383,0.0226395539939403,83.90874481201172,83.0,0.4829396605491638,89.0,0.0125000001862645,1.2481735944747925,4.001614093780518,73.044305581086,22.50689518664101,23.099500589155685,22.39280033520835,13.267845314230916,8.624188667784923,4.46186842878116,-1.467550377876472,-1.177591059645913,1.853235789587201,4.400514781005675,1.9021303572128687,17.6645049847364,17.713970976163,15.404366804734313,11.950944631287063,11.683566934672594,9.489753011872535,8.253622451587805,9.076157000196238,8.425202778471212,7.843628489332473,7.454957129343418,7.0061293550937975,-0.0002694374734252,-0.0002390641277739,-0.0002084370838775,-0.0001767997470177,-0.0001607876190806,-0.0001470106552386,-0.0001261519554851,-0.0001103538254815,-9.256807495099648e-05,-7.805067378572331e-05,-7.434042366601443e-05,-6.640624428177145e-05,1.725102603071365,1.6900082130011411,1.4372702947465126,1.285871548472206,1.2664185452831496,1.1535057636974348,1.0799705314804309,1.1085814006231312,1.065365503189084,1.0113521894377984,0.9782016486291576,0.946064719524558,0.2374988049268722,0.087153285741806,23.53980827331543,40.31670379638672,3.350197553634644,2.12286376953125,20.30844497680664,26.69875717163086,1183.3438720703125,1534.712158203125,15.132535934448242,8.42740535736084,-0.71114135,-0.746092,-0.7704873,-0.7887108,-0.80177397,-0.7779324,0.07874008,0.076538615,0.071056604,0.06243204,0.05626994,0.046852704,-6.717611,-7.461884,-8.1025,-8.231049,-8.36438,-10.799956,3.0854163,3.0007596,2.9280055,2.9021196,2.8754318,2.5908623,0.0779923945665359,0.0527800172567367,0.0573845878243446,0.0771768763661384,0.7733305027720261,0.2998865770800379,0.3862339437446118,0.2579476740058348,0.3213167882307607,0.3951435190365214,0.3246194606817399,0.5618273756134489,0.248032414702279,0.3089452560535703,0.2989756551905441,0.2658041400446854,0.2156812097788195,0.1867319198891096,0.2094524108191661,0.1714225026142199,0.1970874846002219,0.2523740184791437,0.1993028873456922,0.2315923360401784,0.1704602682264487,0.2089477262613155,0.2116232836659757,0.1809906582611969,0.5846165418624878,0.1173520386219024,42.743248,0.048812237,9.892613,2.5382361,0.06508298,0.0,0.0,0.0,0.0,0.0,0.0,0.0,0.0,0.09762447,0.0,1.6108037,0.0,12.02408,0.0,4.8324113,5.304263,3.1077123,12.691181,5.043931,1.0,0.0,0.0,0.0,0.0,0.0,0.0,0.0,0.0,0.0,0.0,0.0,0,0.7840350866317749,0jaMyZVpvI8,1,0,0,0,0,0,0,0,1,0
0nvjLuPzX0Y,0.9049804210662842,-7.939132690429687,3.619306098846158,0.0111524163568773,84.33505487411234,3.284386617100372,3.183218324095028,0.5241935483870968,0.9919354838709676,0.0806451612903225,0.1290322580645161,0.1612903225806451,0.3548387096774194,0.4838709677419355,0.314516129032258,0.0887096774193548,0.1370967741935483,0.0725806451612903,1.0,0.0435609482228755,0.0148030938580632,151.27932739257812,152.0,0.3575419187545776,140.0,0.0910746827721595,1.1715059280395508,2.0196950435638428,39.098461175081134,9.066810939326093,36.08244598433329,13.38837818968772,13.377537558207944,10.28638683211952,31.72364490941872,-6.35888335038718,16.230329701068815,7.390692269485498,-6.172208256827488,9.116010833227897,16.54728861476253,13.493035620110769,16.826045573720616,11.711818667520795,10.253924166152736,9.891217366904634,10.172570117783634,9.282805491008665,7.846286351577343,7.937712998574883,8.007114119801015,8.292373895981715,-8.417852299605181e-05,0.0002179904134555,0.0006628993277633,0.0001454357585848,0.0002931543400515,-0.0001021046401607,2.3321789396300852e-05,0.0001066740496214,0.0002094931630854,0.0001696058881136,-0.0001899271144217,-1.013645975100609e-05,1.9750920354225336,1.7677940350721848,1.7903073358401729,1.5520474735115262,1.459643517921239,1.4495930948076423,1.4832456602223894,1.3696179899847274,1.2427409918000984,1.273515424556472,1.2627993750902509,1.2766831090638906,0.1508501023054123,0.0488661602139472,8.916126251220703,14.310998916625977,2.663832426071167,1.4354557991027832,49.75956726074219,25.272363662719727,2793.755126953125,1285.477783203125,34.43559265136719,8.71022891998291,-0.693965,-0.8127383,-0.7998604,-0.7891242,-0.7662881,-0.66485524,0.07876014,0.057075065,0.050734095,0.042241395,0.039474744,0.05531054,-6.7453957,-7.326553,-7.467664,-7.371641,-6.9848027,-9.623835,2.9843147,2.9317486,2.9179015,2.8814538,2.9284606,2.5727394,0.1163896322250366,0.0376898683607578,0.1098662540316581,0.061404775828123,0.7512362807938825,0.4923240467979464,0.5274968969584767,0.5268337414580554,0.4074290504687414,0.3637327122823506,0.3275923255662823,0.5451803731688525,0.434046448079344,0.3257672784411994,0.5558135786977897,0.6262797867839575,0.2205810267549868,0.1646417924752333,0.2163622893992442,0.2249352710974993,0.149083637769769,0.1613922239817823,0.120668840543075,0.2298830416846836,0.2264669760544654,0.135689308439484,0.2224626773455224,0.2032194651304075,0.5867471694946289,0.0953221246600151,42.181675,0.0,3.8061604,0.66705906,0.0,3.060624,4.5124583,10.810281,0.0,2.2366097,0.019619385,0.0,0.0,0.019619385,0.0,0.0,0.15695508,0.0,0.0,0.058858152,0.6082009,0.03923877,8.828723,22.993917,0.0,0.0,1.0,0.0,0.0,0.0,0.0,0.0,0.0,0.0,0.0,0.0,1,0.6665713787078857,0nvjLuPzX0Y,0,0,0,1,0,1,0,0,0,1
-2NMjKwo6S4,4.961465835571289,-10.618648529052734,10.743644984735123,-0.0367231638418079,67.00111591072714,5.194915254237288,5.863212624573132,0.6027397260273972,0.7808219178082192,0.3835616438356164,0.3013698630136986,0.2465753424657534,0.2191780821917808,0.1506849315068493,0.2191780821917808,0.1780821917808219,0.2602739726027397,0.5068493150684932,1.0,0.1000491231679916,0.0891597270965576,80.21788787841797,81.0,0.0595238804817199,110.0,0.0109890112653374,1.4673709869384766,4.311262607574463,36.35605124799811,21.062282207257585,15.176199804087934,10.883356973842858,10.392504599159722,11.76615091595362,14.808240823854256,14.895901535754124,11.666672138032094,6.481526473482018,3.724942063681913,4.07759337349161,18.649637546643604,14.09325258206094,14.068248403828886,11.757235265557608,10.605277254810456,9.948401225574372,9.094332921133075,9.458737377145154,7.96051274373536,8.373213881251777,7.59668027479272,6.529085503782662,-3.777629661786144e-06,0.0001269426973741,0.0001579502628116,0.0001360556740334,0.0001485648453765,0.0001129973021261,6.969053837519171e-05,1.3485466835297602e-05,3.071030928127368e-05,7.020747498927591e-05,8.091736676667611e-05,7.868885526253776e-05,2.480345887446935,1.6580532625071993,1.5296034498393354,1.2393506523602995,1.2864633494654445,1.353831078629954,1.2584655471845625,1.142056854388389,1.0034836744874018,1.136983609728328,1.083644125976437,0.9581835749903592,0.2861523032188415,0.1300392597913742,92.76243591308594,185.25279235839844,5.468673706054688,5.103787899017334,22.030248641967773,30.73287010192871,1297.211669921875,1018.704833984375,8.417325019836426,8.84445571899414,-0.7072006,-0.77823555,-0.72976154,-0.80135757,-0.80468875,-0.7724504,0.08950077,0.0899818,0.07163684,0.05447893,0.04551413,0.058329135,-7.285427,-7.956441,-8.465542,-8.691237,-8.368221,-10.832018,1.2196989,1.1979979,1.2003495,1.2133917,1.2249687,1.4419773,0.0973213613033294,0.0943788290023803,0.0531996004283428,0.0579226464033126,0.9012100528284814,0.4421168142587762,0.3592597017141166,0.3382655963850861,0.464235378263532,0.4902219300119819,0.4192207034731459,0.5435284734797083,0.4294906783494991,0.3997975496092501,0.5091933340142847,0.6992328264360386,0.1536817768823138,0.2151175403975176,0.1773943966009064,0.1777303287754114,0.1995960295324743,0.2021770629477349,0.1877672166398971,0.2214905365449657,0.2277809440148226,0.2226908773696607,0.2492399035066869,0.2033197212691692,0.3976524174213409,0.1715271025896072,0.4806867,0.0,1.3733906,0.0,0.0,0.034334764,0.034334764,0.41201717,0.8755365,1.665236,19.467812,8.0,15.02146,0.0,0.34334764,0.017167382,0.10300429,22.540773,14.798284,14.351932,0.0,0.17167382,0.051502146,0.25751072,0.0,1.0,0.0,0.0,0.0,0.0,0.0,0.0,0.0,0.0,0.0,0.0,1,0.6243582963943481,-2NMjKwo6S4,0,1,0,0,0,0,1,0,0,0
nwUIP3t7jEQ,2.326310634613037,-7.472329616546631,7.910579944884636,0.0177514792899408,74.45549196361104,4.351479289940828,4.670264826682342,0.6397058823529411,1.0,0.5441176470588235,0.3823529411764705,0.3602941176470588,0.4191176470588235,0.2352941176470588,0.3235294117647059,0.2941176470588235,0.5,0.6764705882352942,0.8382352941176471,0.0373081527650356,0.0208417270332574,99.93218994140624,99.0,0.3258426785469055,136.0,0.1406436264514923,1.1008538007736206,4.085402965545654,56.3439152393172,12.5461060977264,28.433640689052904,6.943581627609531,23.58864894608432,10.939072533746048,10.43346059938986,10.2596580523144,1.3287672820339929,2.2587038509062243,0.0291085520511205,3.778358094769224,12.092883991788796,11.71139775735365,10.013985986333513,9.9778397371056,9.82860016156156,9.112560086857403,8.38941654046392,8.168173849012627,7.864509535658389,7.853130211087068,7.517758176203373,7.534573424778181,1.30049971317117e-05,1.2553318891985944e-05,0.0003186956949372,4.844447110233392e-05,5.194648557603607e-05,-6.8802363233325735e-06,-1.6907598964259944e-05,-5.647105443191078e-05,8.036717326237733e-05,8.546278925099247e-05,8.604805994490596e-05,8.071659672096197e-05,1.587039912386965,1.4879799366555306,1.3783890497608258,1.3133145032318845,1.329690138223396,1.3379829294662915,1.203471595811609,1.2413033235868665,1.1611895273975263,1.141343019095615,1.1231350677450245,1.132596871347171,0.1835482716560363,0.0669345036149025,17.68308448791504,23.75654411315918,3.3498122692108154,1.9240328073501587,29.710166931152344,17.58289337158203,2118.73876953125,659.6702270507812,28.433074951171875,12.17946434020996,-0.74338377,-0.78860396,-0.7799512,-0.79868096,-0.7838565,-0.72571117,0.056347635,0.06207406,0.0645599,0.04538003,0.03276631,0.047968768,-6.1712136,-6.9080157,-7.185991,-7.2989483,-6.772831,-10.0329685,0.7111348,0.8287676,0.9068939,0.75341904,0.8254523,1.350595,0.0995912104845047,0.0456318855285644,0.0685092806816101,0.0282890070229768,0.7062818492700009,0.5983112289944194,0.6827905589843531,0.5200317959955055,0.5034745987413882,0.4175735603794865,0.4041543717845927,0.4987242599471182,0.4474072523581767,0.4643756643470428,0.3470282927586576,0.5799756755462249,0.1848983823803263,0.1838660109868631,0.2133314589737554,0.1815698609274985,0.180760806848064,0.1637214021589406,0.1522131470848516,0.1865097476909356,0.1834699476018555,0.2081672597503193,0.1575793386563914,0.1736915940503262,0.5304380059242249,0.1189551874995231,14.162261,0.84383893,2.8975194,0.21350142,2.1045141,0.45750305,3.7718585,2.9280195,0.17283449,0.3863359,0.0,0.63033754,0.22366816,2.6636844,0.7726718,2.145181,3.782025,20.567305,5.0833673,15.026434,2.7551851,2.795852,5.4188695,10.197235,0.0,0.0,0.0,0.0,0.0,0.0,0.0,0.0,1.0,0.0,0.0,0.0,0,0.5442097783088684,nwUIP3t7jEQ,0,0,0,0,0,0,0,0,0,0
EoYnC9VazZU,5.514497756958008,-12.264037132263184,6.551775259034749,-0.0102714600146735,64.29469920377481,3.508437270726339,3.672452323518376,0.7414634146341463,0.8682926829268293,0.8195121951219512,0.4682926829268293,0.2975609756097561,0.3853658536585366,0.1609756097560975,0.3560975609756097,0.3073170731707317,0.4926829268292683,0.751219512195122,1.0,0.0669245347380638,0.0564124174416065,74.95543670654297,75.0,0.0267952680587768,140.0,0.0202205888926982,1.2028733491897583,3.511194467544556,36.9859134203714,22.13486012984486,17.098066840787265,12.199899440736274,9.544410525495492,7.35887178026661,4.53190006848235,2.451450570795731,1.402177888124536,1.0969774045545513,0.5101247464516663,-0.1717762516366825,14.658294561496978,12.413758825762187,11.06955263708134,9.471541314992416,9.495685878648477,7.883807414027208,7.606220767239472,7.881272020925177,7.474070140292271,7.627396657150165,7.798586594446959,7.500229323757959,-3.532824512278862e-05,-3.05224642363693e-05,-2.3955738835468043e-05,-1.6974472516023603e-05,-1.0426458630709624e-05,-4.535538218436719e-06,7.92171160824722e-07,5.566346834579861e-06,9.558771262605995e-06,1.2466444251272973e-05,1.4166000761330307e-05,1.4782043540533858e-05,1.374108730947016,1.202214803359276,1.0775137871660756,0.93828896612425,0.973343967229001,0.861688432252785,0.8353712943679723,0.8471250323272318,0.8019182772671349,0.8187979330038192,0.8413319445797295,0.7954460487552591,0.2717998623847961,0.1032920703291893,41.29840087890625,71.41341400146484,3.7916412353515625,2.895678997039795,16.424123764038086,21.880882263183597,1032.6019287109375,815.6657104492188,9.442761421203612,8.769301414489746,-0.7093973,-0.74504006,-0.76077956,-0.7952915,-0.7984898,-0.7978921,0.089632735,0.08701332,0.08663495,0.069762185,0.06208568,0.0467543,-7.057698,-7.6244607,-8.585746,-8.880014,-8.619992,-10.818265,1.3117272,1.1385661,1.2452757,1.2537036,1.3108923,1.3675579,0.0694089978933334,0.0645820274949073,0.0503154657781124,0.0481354445219039,0.544418413422378,0.3876126959490016,0.3900952977883541,0.4499696028778481,0.3033595381919474,0.4381329609404019,0.3107613397304416,0.3473296198291646,0.5130995645958508,0.4510470974318387,0.5443342147590341,0.3851675913042067,0.282820236477652,0.2659551814030547,0.2392486817813962,0.2816093687559834,0.1907300349562811,0.2733933559799604,0.1866773848262416,0.2129294105786494,0.2787117548485807,0.2186795346349732,0.2634333490119127,0.2172672882895781,0.4771861732006073,0.1347600668668747,32.70628,20.884258,4.263588,10.532245,1.0813855,4.6522107,0.28724304,2.1684031,1.0532244,1.2616165,0.22528864,0.02816108,0.15206984,0.0,0.23092087,0.16896649,0.6871304,0.40551957,3.435652,0.33230075,2.917488,0.4449451,6.6685443,5.41256,0.0,0.0,0.0,0.0,0.0,0.0,0.0,0.0,0.0,1.0,0.0,0.0,1,0.6683804988861084,EoYnC9VazZU,0,0,0,0,0,1,0,1,0,0
p4wCxU9JztA,3.909857988357544,-10.399537086486816,7.914119455121618,0.0351288056206089,65.10188477476281,5.908665105386417,5.478815479749953,1.0,0.9315068493150684,0.6301369863013698,0.2465753424657534,0.1643835616438356,0.4246575342465753,0.273972602739726,0.4657534246575342,0.3287671232876712,0.3150684931506849,0.3698630136986301,0.6986301369863014,0.119803287088871,0.1163720563054084,89.96756744384766,91.0,0.4666666984558105,117.0,0.0148514853790402,1.2991235256195068,4.355970859527588,47.78278020441454,16.368279903266657,8.849501164237052,6.9936751020503785,5.0134208562772775,4.379326607625352,5.660331616310006,5.835563635547912,3.1581692767470617,2.0585845670601786,2.841044809285152,3.4951474698380665,23.44384975849014,22.892724949107105,16.974770088488786,13.0400784042277,10.753252765360337,11.1004126842179,10.193270122139763,9.103659921540924,8.920666599088072,8.964095087605141,7.935558120652483,7.842787000498573,0.0012541026621573,0.0002645077426839,-1.98131024387285e-06,0.0001484498570425,0.0001941306046414,0.000235365499498,0.0001847832573961,0.0001404727367154,8.562309255882567e-05,-0.0001390750243224,-6.636278500324688e-05,6.609818162549237e-05,2.6712733472279524,2.0277251975109385,1.6887530148466217,1.4017659308759374,1.2846603581093088,1.4023077040831426,1.2727160237986328,1.197746242243612,1.244707163139739,1.1682743460985987,1.0656471682385258,1.051760012671102,0.2177440375089645,0.0975317060947418,34.56037521362305,63.37669372558594,3.5520856380462646,3.1204164028167725,21.79507827758789,23.28997611999512,1374.1082763671875,758.13037109375,14.254149436950684,10.726097106933594,-0.703449,-0.7357391,-0.7450787,-0.7950528,-0.7984604,-0.7731619,0.07605155,0.091858126,0.0828764,0.050736327,0.042190168,0.041580856,-7.209289,-7.1842675,-7.7311926,-7.8580513,-7.804134,-10.138312,1.5361761,1.0893321,1.1418715,1.1296165,1.0334405,1.1451705,0.1086392998695373,0.0916105136275291,0.0646549314260482,0.0515855774283409,0.7372432555211328,0.4219216611936559,0.4300024000067867,0.4535451837633417,0.3706087123721256,0.3360670158743548,0.2696292425082107,0.3146225599067233,0.3282084377350542,0.3578883036109179,0.4731490934934785,0.4940274083784671,0.3187483610261884,0.1995220474274264,0.2289578398067493,0.277383797238357,0.2360742069455735,0.2038348837189802,0.1997227599007351,0.2381580997792784,0.1795101389513917,0.176961995171591,0.3184693675045681,0.2163406679878524,0.4899801313877105,0.1643115580081939,58.789974,16.81936,2.6274848,1.4347451,0.0,0.812446,0.93344855,5.1685395,0.051858254,0.3284356,0.0,0.0,0.0,0.0,0.0,0.12100259,0.53586864,0.70872945,2.7657735,0.017286085,1.1754538,0.0,2.07433,5.6352634,0.0,0.0,0.0,0.0,1.0,0.0,0.0,0.0,0.0,0.0,0.0,0.0,1,0.7037400603294373,p4wCxU9JztA,0,1,0,0,0,0,0,0,0,1
EvA1sDRIifo,2.596498250961304,-7.586188793182373,5.089081394210319,-0.0277777777777777,54.92985183993708,3.8005050505050506,3.6952193723201945,0.9838709677419356,0.4516129032258064,0.8870967741935484,0.3548387096774194,0.3064516129032258,0.5161290322580645,0.064516129032258,0.8870967741935484,0.2580645161290322,0.1935483870967742,1.0,0.4838709677419355,0.0503933206200599,0.0236269365996122,109.97879791259766,110.0,0.1754385828971862,89.0,0.0142857143655419,1.1719926595687866,3.454271078109741,72.43409765855507,26.25816441209441,24.43911062169285,19.79595990821191,17.359299772042817,10.6911245589395,3.663436174309495,-2.170666085230644,-1.7124581932105416,4.75965604637945,1.2177771051605797,-2.421684105391202,15.90246448949814,12.104092517324844,12.105688763939837,9.794786436750702,9.997770595741136,9.734599515763229,8.353436728086988,8.61513229028448,8.107158928642322,7.913504666819231,7.374314045142781,7.309463411023242,-7.320668020124314e-05,1.5640276347427444e-05,3.4489523499383614e-05,2.050840233729773e-05,2.961704532042537e-05,5.162175784732142e-05,6.121663364402496e-05,5.7826939947298846e-05,3.319307688413733e-05,-6.202061316742922e-06,-1.8856917013078465e-05,5.738861907938183e-06,1.683768815754488,1.3560957841640529,1.292067335759095,1.1422596081719438,1.196958807992844,1.1897143394098617,1.107616100585127,1.059748452633556,1.046306819138453,1.0179827067524008,0.9988402185939156,0.9927475088204072,0.2313127219676971,0.0747202187776565,21.02589607238769,18.92231559753418,3.5602903366088867,1.543126106262207,19.72899436950684,25.745943069458008,1296.8658447265625,1627.1708984375,19.54680061340332,10.194778442382812,-0.6828225,-0.73649013,-0.7616136,-0.78061944,-0.78124994,-0.78131944,0.08099311,0.07586958,0.06299135,0.056310646,0.05180097,0.05190053,-6.562084,-7.435161,-7.9543476,-8.190958,-8.126355,-10.704529,3.242496,3.1085148,3.0270586,3.000739,3.0498822,2.8342767,0.0924575999379158,0.0620183013379573,0.0605935528874397,0.0786622986197471,0.6767014299963469,0.3529369200882503,0.6361738921268977,0.3043598136699074,0.3569090058608234,0.3109157516530143,0.2881261363970508,0.3809116434628198,0.1696069233468832,0.4241306884542499,0.2510957925416363,0.268142360235367,0.3140777962880546,0.190832868598601,0.317259866803059,0.1834727213187,0.2145643267623581,0.2103472096741875,0.1634088639904844,0.2333431253188634,0.1125990386310801,0.2636228198146599,0.1299745885964863,0.1402854587091298,0.5867854356765747,0.0995692238211631,23.05539,0.039992,0.819836,0.0,27.354528,1.839632,0.0,0.79984003,0.359928,0.97980404,0.0,0.0,0.0,0.0,0.0,0.719856,0.159968,4.9190164,0.0,0.0,0.0,4.7390523,20.9958,13.217357,0.0,0.0,0.0,1.0,0.0,0.0,0.0,0.0,0.0,0.0,0.0,0.0,0,0.6481971144676208,EvA1sDRIifo,0,1,0,0,0,1,0,0,0,0
ckLN3yxsg7c,6.395603179931641,-10.427581787109377,7.001707315037081,0.0591259640102827,62.165255311596766,4.095115681233933,4.137570266660566,0.3466666666666667,0.64,1.0,0.36,0.2,0.3333333333333333,0.08,0.32,0.2533333333333333,0.3466666666666667,0.76,0.5466666666666666,0.0295107327401638,0.0182504449039697,135.936767578125,136.0,0.1818181872367859,129.0,0.0199275370687246,0.9766597747802734,3.507708072662353,63.883992286910136,26.106348837884457,27.48821101228596,13.072543068534795,8.92736721188047,8.366258187789121,4.39349168367157,4.186759245184623,2.4937074452156884,1.7152214952212308,1.773171085639078,1.380368255110674,17.620827190113754,14.032910039430842,13.3147472770545,11.066668293405998,10.809390299939436,9.306876392035404,9.249322085008748,9.432058041727911,8.220452180395338,7.84744482715995,7.92042775933951,6.719215875457102,-0.0009261273145989,-0.0006065393553191,-0.0004249686342302,-0.0003242590424367,-0.0002100497414914,-9.815869191410266e-05,-0.0001146972477298,-9.022402795316186e-05,-4.567869241143437e-05,9.149574867281113e-08,4.345131240610901e-05,1.8307351511147097e-06,1.6397343883937463,1.3486790386463756,1.3141570411389805,1.134406686777373,1.1249807460544523,1.09930765951256,1.050503333094301,1.0537495569316653,0.9568400789529374,0.9476749331494646,0.9665009441158156,0.8473698214340429,0.219554603099823,0.0738591626286506,31.04931259155273,42.18949508666992,3.895654201507568,2.5272998809814453,20.15404891967773,23.0461368560791,1314.3187255859375,746.2965087890625,14.497961044311523,10.31760597229004,-0.73220927,-0.7289146,-0.75955963,-0.791322,-0.7897637,-0.7755866,0.074641004,0.093158476,0.06874224,0.057254322,0.05351451,0.043143712,-6.6617856,-7.468505,-8.197957,-8.281248,-7.948671,-10.346949,1.61076,1.5801301,1.4739232,1.4507376,1.4598813,1.4828367,0.069537378847599,0.0520522445440292,0.0620944947004318,0.0669072717428207,0.6599372699521648,0.2457363628872376,0.3993642875212657,0.2197782430248467,0.306733782435262,0.4012752051324804,0.3202409308592008,0.608059086772333,0.2996988932968247,0.3758846162499771,0.2657094331676437,0.3823119128304237,0.2632957644827393,0.1558066565387426,0.2318876810242199,0.1669583607009791,0.2053788278745826,0.2676871577641309,0.1936996232384593,0.2539028604953962,0.1895324570829907,0.2428922311612763,0.1757251123655817,0.2322158143192662,0.5040767788887024,0.1197459399700164,50.322334,2.4080393,17.95601,0.37921882,0.39817974,0.0,0.0,0.0,0.07584376,0.0,0.0,0.0,0.0,0.22753128,0.01896094,1.9340159,0.26545316,7.4326887,0.0,1.4979143,0.0,4.493743,11.9833145,0.6067501,0.0,0.0,0.0,0.0,0.0,0.0,0.0,1.0,0.0,0.0,0.0,0.0,0,0.8296207785606384,ckLN3yxsg7c,1,0,0,0,0,0,0,0,1,0
0RUXHz6M0U8,3.782310962677002,-10.41286277770996,6.0323339375713445,-0.0094043887147335,56.888295266313584,3.376175548589342,3.4581505803344266,0.603448275862069,0.293103448275862,1.0,0.6206896551724138,0.3275862068965517,0.3103448275862069,0.0517241379310344,0.2758620689655172,0.1724137931034483,0.3620689655172414,0.9482758620689656,0.5344827586206896,0.0340295322239398,0.0206833723932504,178.20611572265625,178.0,0.0,172.0,0.2000000029802322,0.996523141860962,3.106475591659546,75.54739313894976,30.896063222786584,22.18275554304402,15.454349933695523,3.716846409737754,2.3302314547125573,0.818058762398023,-1.8016644095102297,0.1143826479975433,1.6419736841478734,0.7470324904868051,1.8022891014028068,18.719206641499483,15.890714556334933,14.358236978295986,10.315680700978438,10.575156660137852,9.899039775815774,8.464986170940495,8.982101818688868,9.020627054985107,7.975080016708858,8.46338319408776,7.817644488015459,-0.0007156944393159,0.0001118592885925,-5.754367880973274e-05,-4.543219309814887e-05,0.0002186034613738,0.0001188005232685,4.777520016987319e-05,8.72841798473369e-05,-1.8448801110903147e-05,-6.410775298217043e-05,-5.743993039408482e-05,-0.0001354960561472,1.397350695903344,1.213288290683025,1.1263310779716655,0.9472115260496298,0.982059802688826,0.9939127327368278,0.9172908595613396,0.931163624960284,0.8918438203495768,0.8387207570038505,0.8516244070898986,0.8120301489487587,0.2760237753391266,0.0767707452178001,14.420768737792969,17.135669708251953,2.505623340606689,1.4434913396835327,15.097604751586914,16.96778106689453,852.4675903320312,627.8136596679688,13.250410079956056,6.428635120391846,-0.69812024,-0.6928951,-0.73558503,-0.7530404,-0.7598179,-0.78492224,0.08483981,0.08647722,0.07228771,0.06569603,0.052449152,0.044523552,-6.5492935,-6.9869413,-8.046421,-8.4224825,-8.714048,-11.262594,1.0772556,1.1326519,1.1218137,1.1676277,1.1965855,1.4816068,0.0580840073525905,0.0445359051227569,0.0398596115410327,0.0457114726305007,0.6281299743673989,0.1872977310816068,0.420638884720035,0.1962924321076855,0.3400138197709689,0.335683126385032,0.2029392319074159,0.5139611367805388,0.1404708700853584,0.2334222329599818,0.1215359701484643,0.312222745847443,0.3244476619742681,0.1478773985968795,0.2768023651142826,0.1551456049422516,0.2576157298447431,0.2734724956915207,0.15709347608695,0.3254205342551117,0.1247106232851199,0.2034159160186521,0.1115924778173888,0.2342413741547349,0.5334933400154114,0.1105802208185195,35.609543,7.6603193,32.654846,0.0,0.0,0.0,0.0,0.0,0.35018605,0.021886628,0.0,0.0,0.0,0.0,0.0,0.043773256,0.0,3.9614794,0.0,0.5033924,0.5471657,3.6550667,11.818779,3.1735609,0.0,1.0,0.0,0.0,0.0,0.0,0.0,0.0,0.0,0.0,0.0,0.0,0,0.8725146651268005,0RUXHz6M0U8,1,0,1,0,0,0,0,0,0,0
fqo-HwKN_Ac,5.026559352874756,-12.088544845581056,6.215375712251009,-0.0078125,64.94865633249844,4.01171875,3.665167993543876,0.7105263157894737,1.0,0.5526315789473685,0.5,0.3421052631578947,0.3947368421052631,0.5,0.3684210526315789,0.3684210526315789,0.4736842105263157,0.6052631578947368,0.9210526315789472,0.0270191710442304,0.0185410734266042,97.0965805053711,98.0,0.5733332633972168,92.0,0.1622516512870788,1.0620768070220947,3.025842428207397,80.7211738016846,17.865456960866258,12.27876740179475,8.68839034511226,2.258732828775144,1.428369432189527,1.1489080420307447,4.762312427679902,4.895458464203014,0.2128238157769811,-1.0025092389951795,1.2468647292271409,17.171317682478826,17.494117637105347,15.39687244905136,11.802059968958035,12.932175197862875,10.162111523356636,9.122464097759956,8.5022264691153,7.983141642632023,7.402122001763274,8.056720205347872,7.4120133658958895,-0.0021747607317962,-0.0010195132002366,-0.0003379549090884,-8.944375906683757e-05,-2.782723650276665e-05,-3.150597160780804e-05,9.212089069899713e-06,6.675313130165133e-05,6.295000599251612e-05,-5.363594874354133e-06,-3.220305096453834e-05,3.785209794644274e-05,1.6340059103681055,1.579225150916561,1.3466223178827426,1.227286987273171,1.255610910596498,1.187572990702901,1.1286010576322008,1.1064673547990214,1.0576118774071357,0.991833841429966,1.013517140847514,0.9873005548054968,0.2328905016183853,0.0717088282108306,9.969521522521973,14.486934661865234,2.11828875541687,1.503299117088318,18.50149154663086,18.024940490722656,992.640869140625,950.1381225585938,13.578466415405272,7.08115816116333,-0.7141027,-0.74475515,-0.75413036,-0.7835878,-0.78379756,-0.7963609,0.05978037,0.08656212,0.07546297,0.061173372,0.05562559,0.04088679,-7.1948733,-6.999193,-7.8304353,-8.25071,-8.7166195,-11.245319,1.9568594,1.9719415,1.8926308,1.8837276,1.8988858,1.7481291,0.061874933540821,0.0421441942453384,0.0462411791086196,0.0494016595184803,0.9236906020211044,0.2559818121263866,0.219826681169462,0.3260791747406746,0.3218614251253288,0.3372792370476865,0.2595227132819107,0.4537946878143555,0.2622892124281535,0.301341162218915,0.4334932839626469,0.4656236365467387,0.1326826807564025,0.1424496338341991,0.1429610337651324,0.2223070352364126,0.1818285167761838,0.2196203525397655,0.154646395665492,0.1867088846537598,0.1534619247015379,0.1855973933146301,0.2222793041309939,0.2034823960664529,0.5368027687072754,0.1260204166173935,8.345679,5.2098765,4.567901,5.3333335,0.0,1.1358025,0.024691358,20.098766,3.1851852,44.76543,0.0,0.0,0.0,0.0,0.0,0.0,0.0,0.0,3.2098765,0.5185185,0.9382716,0.0,2.6666667,0.0,0.0,0.0,1.0,0.0,0.0,0.0,0.0,0.0,0.0,0.0,0.0,0.0,1,0.6172962188720703,fqo-HwKN_Ac,0,1,0,0,0,0,0,0,0,0
X5QUzN1ASXY,5.584076881408691,-9.96478271484375,8.699243376148313,0.0,66.82676814101869,4.68986083499006,4.479602166165453,0.953846153846154,0.6615384615384615,1.0,0.4307692307692308,0.3384615384615385,0.7692307692307693,0.1384615384615384,0.8153846153846154,0.4461538461538462,0.6153846153846154,0.7846153846153846,0.7846153846153846,0.0293387342244386,0.0231661330908536,163.2313690185547,161.0,0.0620437860488891,81.0,0.2580311000347137,1.1082581281661987,3.094514846801758,58.1316029921991,15.022409195719158,18.51975118257779,13.182756709973726,8.335030555065847,3.806243252309788,7.49275562953437,4.1285061767535165,4.608770345427904,2.6041533561384016,1.497511370113654,0.3624294026887165,14.932785819297605,12.584862176129322,11.919204382397073,10.16692873504842,8.761272967900135,8.624757985008163,8.213462494436271,8.003368127580314,7.936405802128945,7.161319545403845,7.031981207687746,6.7373107137714445,-0.0001072655126526,-7.796035330700367e-05,-6.760483403765616e-05,-5.726481179951913e-05,-4.2383727349588176e-05,-4.0995793030809365e-05,-4.3681570048465135e-05,-3.360444635320048e-05,-2.172928596652581e-05,-1.860147099314744e-05,-1.6539583972781328e-05,-1.3006273202892831e-05,1.3957261486442565,1.2764032585671492,1.1845398346186118,1.1440802124496492,1.0624512416974132,1.0403017355235318,1.0317508251548784,0.9893915552765196,1.0072078963861542,0.9303633123120122,0.9352425457291909,0.8927981792161798,0.1920259147882461,0.0743702799081802,10.613357543945312,12.20249080657959,2.6116833686828613,1.330145239830017,27.53337860107422,21.42071914672852,1480.755859375,737.722412109375,17.955041885375977,12.640949249267578,-0.73465115,-0.7798528,-0.7798068,-0.79384744,-0.79446375,-0.7527479,0.06532812,0.06330651,0.062564656,0.047567587,0.035843447,0.044033755,-6.865149,-7.0805497,-7.6826296,-7.785769,-7.9194083,-10.798603,1.2233224,1.1646268,1.2206303,1.2976174,1.4789329,2.0895703,0.0612410381436347,0.0507762320339679,0.0659508109092712,0.0444502681493759,0.7465790308570999,0.2591354832704801,0.3840214050527843,0.2077184953475079,0.3340948906860893,0.2617353818978925,0.259802498424343,0.5707082037436348,0.2604609912268393,0.4203694838066757,0.2458293927692883,0.3265573403417481,0.2534840802392687,0.1525850599903143,0.2544404139481866,0.1342890198717458,0.1910598272081913,0.1890945420270453,0.1585134160818901,0.2847392441607395,0.159899460737322,0.2618770358977557,0.1356705843320688,0.1787216657666121,0.5659439563751221,0.1018273457884788,51.112663,0.55882645,10.108771,0.0,3.86189,0.0,0.0,0.0,0.2494761,0.0,0.0,0.019958088,0.0,0.16964374,0.0,0.07983235,0.0,1.606626,0.0,1.0677577,0.029937131,4.9096894,13.641354,12.583574,0.0,0.0,0.0,0.0,0.0,0.0,1.0,0.0,0.0,0.0,0.0,0.0,0,0.8047794103622437,X5QUzN1ASXY,0,1,0,0,0,1,1,0,0,0
9_jewkx64D0,2.879127264022827,-8.321915626525879,6.392865005568249,0.0490566037735849,70.93222948037341,4.369811320754717,4.172578267493901,0.5346534653465347,1.0,0.3267326732673267,0.4158415841584158,0.2376237623762376,0.4356435643564356,0.3069306930693069,0.2277227722772277,0.3267326732673267,0.3267326732673267,0.4257425742574257,0.6831683168316832,0.0299723297357559,0.0238468665629625,119.96864318847656,120.0,0.3788968920707702,115.0,0.041015625,1.319465160369873,4.229275703430176,46.51673997504543,1.83077943017317,-1.169432402029469,-0.0399425371156407,-7.673089087862023,-4.770212294012451,-2.6934067550469734,1.410800094005065,1.4804403259202543,1.5159605366488964,-1.9854472843211408,-2.419716986644448,18.67466203549356,18.9855775766302,16.247581600197293,12.265843267686996,12.518717063578656,11.721779989012,10.94755659491347,11.164982056714972,10.060557244111555,9.559900415574887,9.16271845925047,8.913745935151594,-0.000269973845072,-0.0002166037917158,-0.0001135536243789,2.8806794431844864e-05,-5.737515701005486e-05,-3.066213214027103e-05,9.795567921024074e-05,0.0002285171203067,0.0002237755493976,3.087823468890598e-05,-3.170411452754558e-06,7.680107041160496e-05,2.313333485665809,2.289738143159211,1.8698920703482795,1.6216892298555887,1.6550217702058143,1.6219330863124937,1.443114123013468,1.4589298867035212,1.3863842736998158,1.3560223304586612,1.284837356393284,1.224120341201394,0.1602443754673004,0.0631556659936904,9.321465492248535,28.99216651916504,1.8901458978652956,1.884664535522461,37.26960372924805,27.325857162475582,1852.589111328125,744.3963012695312,18.48166847229004,9.765270233154297,-0.6833274,-0.722844,-0.72786343,-0.75569135,-0.7672225,-0.7720081,0.11924897,0.07696213,0.07046167,0.05821426,0.047639754,0.04075187,-8.208895,-6.878806,-7.4836626,-7.621405,-7.599488,-9.723539,1.7298639,0.95272005,0.89229614,0.9425426,0.9683289,1.3080101,0.0970701500773429,0.061720535159111,0.0960824266076088,0.0578840933740139,0.7040308316899002,0.4632129498266951,0.4975311982870525,0.6503025445553445,0.461417071840451,0.4548988207713988,0.4024932928671701,0.5541564059693284,0.425078929156982,0.3664797763995696,0.6252042950940275,0.5343545691776227,0.250873227324734,0.210422454262919,0.2235128819006009,0.2300893667875948,0.2161381912802617,0.2369110451896078,0.2120448282839029,0.2350848804712675,0.2135458056751524,0.1917411334422354,0.2463833380404105,0.2509668890667482,0.5359500050544739,0.1247838363051414,0.09209799,0.0,0.33155277,0.33155277,0.0,0.0,0.0,0.0184196,0.0,0.81046236,0.0368392,0.0184196,0.0,0.6446859,22.895561,53.601032,17.332842,0.88414073,0.0,0.0,0.2947136,1.3998895,1.3077915,0.0,0.0,0.0,0.0,0.0,0.0,0.0,0.0,0.0,0.0,0.0,1.0,0.0,0,0.6706095933914185,9_jewkx64D0,0,1,0,0,1,0,1,0,0,0
WYm21Vd7lhc,4.4050798416137695,-7.778192520141602,5.081577305353955,-0.034090909090909,66.61238123120322,3.272727272727273,2.9234965291450004,0.3617021276595745,0.4680851063829787,1.0,0.4680851063829787,0.3191489361702128,0.3404255319148936,0.0,0.2978723404255319,0.4042553191489361,0.4042553191489361,0.9787234042553192,0.574468085106383,0.033998142927885,0.0189777091145515,107.6317138671875,108.0,0.3911439180374145,103.0,0.0202020201832056,0.9912001490592957,2.767538070678711,76.29930394905453,1.802780028732791,15.426819425442842,5.150260102111679,-0.3165310660824739,0.6375632623767163,1.7724671381279158,1.6306430682405308,-1.711256126581442,-2.7436255791449464,-3.2395467353059906,0.1732332771866572,13.19436034810304,15.456969679231385,13.947997597455718,13.316224335224522,10.06604343673096,9.678441838128796,9.053409187036598,10.274645012167936,8.35268144067842,8.245565258103719,8.085339968903297,8.517985424193641,-0.0010695277143183,0.0003501048605884,-0.0001583272340575,0.0002063504630135,0.0006031734886082,0.0003753363569211,-0.0001925065096408,-0.0002101148253262,0.0004350592825888,0.0004734994872603,0.0001899868681072,0.0001694321872552,1.1355511296623926,1.2572870834828134,1.2642887334886104,1.218518933906038,1.1046313664460383,1.0718678438852485,1.0519384021380838,1.0671223807530117,0.9997447292558396,0.996628329153693,0.9577432237029828,0.9608967975598012,0.1827106475830078,0.0724424049258232,9.96859073638916,41.531211853027344,1.847054362297058,1.793998122215271,28.68494987487793,16.369413375854492,1439.6204833984375,573.8216552734375,19.97679901123047,9.20826530456543,-0.71895355,-0.7352042,-0.729392,-0.74799615,-0.769787,-0.7858638,0.07035611,0.07132458,0.07892425,0.06643412,0.05840467,0.04359487,-7.0300274,-6.8361115,-7.6247206,-7.863434,-7.855876,-10.559006,1.2581878,1.311049,1.5037959,1.4828873,1.4338033,1.46362,0.0650044977664947,0.0445508398115634,0.0663965716958046,0.038286380469799,0.6286292764721705,0.2590401644201744,0.5024290994019097,0.2708465744083498,0.3979284351863813,0.3208031262486222,0.2217571276636744,0.5429251968470483,0.2294259427769377,0.3979354267161242,0.2227317588419502,0.3857864784030193,0.2933673066846002,0.1760069410412672,0.2989022440650318,0.1798303247735728,0.2369992594778993,0.2513898516176442,0.1362065960635592,0.262782302275851,0.1591460533558608,0.2693213002944684,0.1534367484377701,0.2240419055699697,0.5572515726089478,0.1001225262880325,42.142254,1.5462469,24.82429,0.084340736,2.9238122,0.0,0.534158,0.05622716,3.7109923,0.0,0.0,0.0,0.0,0.0,0.0,1.5462469,0.0,0.7871802,0.0,0.11245432,0.47793084,0.9558617,14.113016,6.1849875,0.0,0.0,0.0,0.0,1.0,0.0,0.0,0.0,0.0,0.0,0.0,0.0,0,0.8805060982704163,WYm21Vd7lhc,0,0,0,1,0,0,0,0,0,0
0J3vgcE5i2o,3.642342567443848,-7.874725818634033,7.106796022813102,0.0507726269315673,62.47616346462127,3.6269315673289184,3.919147380717515,0.7808219178082192,1.0,0.8767123287671232,0.6164383561643836,0.1095890410958904,0.3013698630136986,0.1095890410958904,0.3424657534246575,0.1643835616438356,0.5205479452054794,0.6438356164383562,0.7397260273972602,0.0492322258651256,0.0480452626943588,114.31060028076172,115.0,0.3340807557106018,120.0,0.0130434781312942,1.6163160800933838,4.504026412963867,57.69019839753625,23.91233410199389,16.798859334059255,13.900159494775798,8.255988236539574,6.513141853977618,5.135096200930356,2.5497937836349127,1.9300312062745648,1.94086176212309,0.8316336547475288,-0.2606221928856242,21.754967049519006,13.824758867064538,15.433933228542315,11.318339055144031,9.840308116990707,9.26958544174639,8.350417086855446,8.569199643492597,9.038149988315697,8.336172971607018,8.13287420373049,7.623826687133767,-0.0002241973834616,-0.0001536843962695,-7.550335345670704e-05,-1.864817320813932e-05,-2.830478821130916e-05,-2.298317872898128e-05,1.525702525933668e-05,4.511334873932686e-05,3.9902872514936296e-05,2.9946075083726465e-05,7.15761362198919e-05,9.244900887690982e-05,2.732042347931081,1.8006385788407766,1.7646373558279185,1.4462773418012458,1.3533739296927778,1.3243816554980266,1.228220238794417,1.1457010708334667,1.1966145510905666,1.1487302068938436,1.2048570149306823,1.0687220377109512,0.2264239192008972,0.0800250694155693,25.592342376708984,44.53771209716797,3.500491142272949,2.1544225215911865,22.44901657104492,28.51009559631348,1212.9324951171875,937.8361206054688,15.834959983825684,10.982423782348633,-0.6856727,-0.75361747,-0.77542186,-0.79940206,-0.80883145,-0.78295535,0.100206226,0.08267066,0.06850872,0.05267281,0.03784175,0.03470742,-6.8155675,-7.120566,-7.738325,-7.8176656,-7.8106565,-10.142434,1.6001502,1.4946014,1.5007838,1.4175231,1.4477578,1.6100272,0.1074136793613433,0.0805637091398239,0.0645279213786125,0.0645286068320274,0.6464779521574926,0.5854313058566303,0.5376270659446244,0.3718614467158868,0.5815679175099856,0.600680683497629,0.4072045657790518,0.524658030509405,0.5031856527227827,0.5061781527834066,0.5291707253623498,0.5145996521399809,0.2892832038114821,0.2588247964301103,0.2537136450319017,0.1791009308578322,0.2080883405146366,0.2311622731673898,0.1652125155264823,0.2551384093944986,0.2483667018960084,0.2008562294821829,0.2288246763537607,0.2158977849995494,0.5258374214172363,0.1357911676168441,18.538359,25.138702,10.024871,0.6887316,14.539889,0.2295772,0.09565716,0.0,0.97570306,0.09565716,0.0,1.8366176,0.2295772,0.0,0.6887316,0.0,0.019131433,1.0904917,4.1323895,6.236847,1.0904917,5.567247,0.2295772,8.55175,0.0,0.0,0.0,0.0,0.0,0.0,1.0,0.0,0.0,0.0,0.0,0.0,0,0.5262582302093506,0J3vgcE5i2o,0,0,1,0,0,0,0,0,0,0
RXPZ65dmlLE,3.441859483718872,-13.838953971862791,6.272995242189648,-0.003584229390681,65.16401156629972,3.885304659498208,3.686325476202771,0.3222222222222222,1.0,0.7333333333333333,0.3777777777777777,0.3111111111111111,0.4777777777777778,0.1666666666666666,0.3111111111111111,0.3,0.4555555555555555,0.7444444444444445,1.0,0.0374240912497043,0.0194865204393863,126.29344177246094,126.0,0.4658119678497314,120.0,0.0474308282136917,1.1785366535186768,2.8483564853668213,83.08268145533981,-6.724573144272197,12.917518544168804,10.140542443683003,2.344734105312792,2.3911425489261497,6.566818445979835,4.4219075837917305,3.2450364214961867,-0.435868647492278,-0.1298926975371896,0.6815965678471064,13.04035375191424,13.503420168028608,12.124455238465716,10.506641189545393,10.705341992508114,9.570293700521315,8.663833717350842,8.537017916032228,7.9775551932100175,7.4917859575312,7.463536017256115,7.268928694504966,-0.0015926779592976,0.0001012029683732,-0.0002891128498777,-0.0002132262787159,-7.423738453822762e-05,-4.338571488904232e-05,-0.0001133111446447,-8.773276054600574e-05,-7.839857718175922e-05,5.854835492322277e-05,6.113653790953096e-05,-1.1259618511271703e-05,1.55434829608768,1.5510219711673765,1.3703146513925208,1.3185709260901637,1.2999893457590868,1.2714869295281357,1.1882610611948128,1.1416049740536496,1.114006697088979,1.0879438247150957,1.0681938470133945,1.0383335408732215,0.1555697321891784,0.0435163006186485,3.777222633361816,5.220561981201172,1.5485494136810305,0.9265970587730408,31.040363311767575,16.064359664916992,1476.8856201171875,942.5982666015624,24.491552352905277,9.750035285949709,-0.71429265,-0.771876,-0.76878023,-0.78314775,-0.80460286,-0.7638039,0.06875956,0.07207955,0.06399743,0.04775495,0.034361236,0.034849897,-6.795004,-6.652382,-7.083186,-7.1973724,-7.4515133,-10.219155,2.0454726,2.0489054,1.9971397,1.9921867,1.9622258,1.7939243,0.0890901759266853,0.0461223870515823,0.0710020810365676,0.0481154434382915,0.6480361601685314,0.5265580418948326,0.5905168010997641,0.6351321484248051,0.5679558592421512,0.6097438199409081,0.4939738828204872,0.6393968020223775,0.4682608560414082,0.4651148346511231,0.543801532761371,0.4780479039422426,0.2374519539301162,0.1859853551490934,0.2122216780956281,0.2329518030980578,0.1987385698387306,0.2260483284426081,0.1824915975395062,0.2328226329046479,0.185953792120393,0.2024957729496586,0.2181330804944752,0.1596739644496649,0.6067226529121399,0.0896752700209617,6.4107485,3.6852207,11.59309,1.5547025,4.165067,0.5182342,1.0172745,0.0,0.2303263,0.0,0.019193858,0.0,0.0,0.42226487,0.0,0.24952015,0.0,1.4587332,0.0,5.278311,0.30710173,33.857964,16.007677,13.224568,0.0,0.0,0.0,0.0,0.0,0.0,0.0,0.0,0.0,0.0,0.0,1.0,0,0.6637758612632751,RXPZ65dmlLE,1,0,0,0,0,0,0,0,0,0
bD8Pc8-5F2E,4.14549446105957,-10.116605758666992,5.362249950256636,0.0098280098280098,69.47718823927006,3.9975429975429977,3.5829920179895414,0.2112676056338028,1.0,0.5211267605633803,0.380281690140845,0.2676056338028169,0.4507042253521127,0.1830985915492957,0.4929577464788732,0.2394366197183098,0.5352112676056338,0.5211267605633803,0.9295774647887324,0.0334045179188251,0.0177207421511411,161.7079620361328,161.0,0.199999988079071,167.0,0.0313725508749485,1.1928690671920776,4.266221046447754,74.81542703631277,-4.422920875606059,21.393696959174758,6.932992081677916,-0.206868419387863,-0.1405142430836792,0.7295951212942798,1.2810989338591383,1.774866303898286,5.243154677966985,0.6442175252437706,-2.0294363719632926,14.500436648461138,14.98313649412488,12.451679129945878,9.837117380875158,9.909251731747514,8.4937173536997,8.085945662717732,8.480746233669683,7.954160333843898,7.934545358359094,7.609765615973974,7.514835868463378,-0.0016355370860984,-3.4698851975716686e-05,-0.0003247912906544,4.158761446550219e-05,0.0005543975466716,0.0003357929955209,5.450701168214004e-05,0.0002298833301386,0.0001931083872321,2.750290867498524e-05,-7.65384022637975e-05,-0.0001720561611853,2.090958518782091,1.7029067169863117,1.5360325122999643,1.3803342542822976,1.4009205893604857,1.260240891736672,1.1896810971888163,1.2117872929142235,1.1627766856562405,1.1627989602395352,1.1284322198045162,1.1161948817434575,0.1511109173297882,0.0451655015349388,3.403414487838745,5.123518943786621,1.5183796882629397,0.9348871111869812,36.06779098510742,18.28758811950684,1719.4923095703125,910.0399169921876,24.66759490966797,11.591221809387209,-0.7389445,-0.79342437,-0.7808533,-0.78108555,-0.78167754,-0.7574831,0.07449869,0.058507062,0.06031314,0.05323749,0.04289917,0.04551983,-6.9507346,-6.6015697,-7.383655,-7.4282966,-7.5555263,-10.661664,2.1328611,2.1097126,2.0767894,2.0533123,2.0242164,1.9474285,0.0881252586841583,0.0486631616950035,0.0731167197227478,0.0479981750249862,0.7131272942924327,0.6768359179929604,0.6328743047716247,0.5696538081070358,0.5172114861942605,0.6341618107466306,0.4952431168176345,0.5347655302358904,0.5862238853437183,0.6813877082300936,0.6752449456408087,0.5919645582601937,0.207027252094779,0.1952906047187756,0.2098571576982027,0.1883764920734764,0.1712251709684757,0.2046525380793286,0.1728854410251739,0.1930036136953192,0.1837929540342109,0.206595965015021,0.2097025441786449,0.1769821260080816,0.6289752721786499,0.0839704126119613,39.709442,0.4116223,1.3559322,0.0,0.7748184,0.0,0.0,0.0,0.46004844,0.36319613,0.0,0.024213076,0.024213076,0.26634383,0.31476998,11.815981,0.24213076,3.2929783,0.0968523,1.2106538,9.467313,10.217917,19.564165,0.3874092,0.0,0.0,1.0,0.0,0.0,0.0,0.0,0.0,0.0,0.0,0.0,0.0,0,0.7099327445030212,bD8Pc8-5F2E,1,0,1,0,0,0,0,0,0,0
nykJqeEWXFI,5.482943058013916,-15.911312103271484,7.202942548355417,0.0514705882352941,66.78722573402001,5.610294117647059,5.107193303851595,0.7317073170731707,0.6097560975609756,0.8048780487804879,0.4390243902439024,0.2682926829268293,1.0,0.0975609756097561,0.902439024390244,0.1707317073170731,0.3414634146341463,0.6585365853658537,0.6097560975609756,0.0513013675808906,0.0289230179041624,108.3575439453125,108.0,0.3026316165924072,115.0,0.015424164943397,1.140429139137268,3.3344712257385254,62.74878639294322,16.77228298837763,12.686770630835642,5.489847201530941,3.416830665237081,6.732342474155632,3.7512328915663375,2.416084841666349,3.551182578220007,0.873708842515158,2.377293302578789,3.8912364055456137,15.253751080829325,15.428286160414904,14.880949236977054,9.948565577191422,11.094999026823322,10.952972329094358,9.984134629942467,10.344095576577024,10.074378944802012,7.943821342881698,8.10579429934035,7.905816330013037,-6.308120789800548e-05,1.0126553241306821e-07,-5.369492707903866e-05,-8.642625125222613e-06,5.079049996331399e-05,1.0369396910190871e-05,-8.06119967014372e-06,1.9914152886473277e-05,2.982257772137875e-05,1.0000361098308289e-05,-1.4940796219963402e-06,3.27562730123116e-05,1.591272086122294,1.509993278622965,1.5562944305546536,1.2479535092602854,1.2635885411072474,1.2635148812917725,1.2102431628459638,1.152599244745781,1.1548428361841097,1.0738266395327114,1.0616955401859087,1.032515540884961,0.1801923066377639,0.0575352422893047,12.678913116455078,16.13157844543457,2.6080081462860107,1.7409698963165283,28.51247787475586,25.647859573364254,1517.2684326171875,958.732177734375,16.987991333007812,9.652338981628418,-0.7042053,-0.7373656,-0.72842264,-0.7739698,-0.78989774,-0.7793797,0.07912411,0.08754371,0.073474586,0.06103421,0.045228936,0.058968153,-7.250755,-7.255724,-8.008094,-8.17587,-7.945308,-10.230622,2.2095673,2.0311842,2.0001895,1.955218,1.9922034,2.0525455,0.0759085565805435,0.0571759864687919,0.0881725698709487,0.0678413212299346,0.5957271205670732,0.454266651292264,0.585218977850575,0.391680491791372,0.3360328979305936,0.4065865120717835,0.309231967860791,0.551589162844091,0.288882324309027,0.4923026261583855,0.5312005618252796,0.4590288754690612,0.2914791572701318,0.2248126952604577,0.2556461622836424,0.2417550718139191,0.1445973233734845,0.2483458375120177,0.1312229758336664,0.2486866248558317,0.1505955184366559,0.234435916372085,0.2619217335525282,0.2052548127566074,0.5146487951278687,0.0984910875558853,32.182674,4.095197,17.774443,15.437393,0.0,5.8747854,0.0,2.3370497,1.6295025,2.5943396,1.222127,0.0,0.0,0.0,0.0,0.0,0.0,0.0,0.38593483,0.0,0.9862779,0.0,10.077187,5.4030876,0.0,0.0,0.0,0.0,0.0,0.0,0.0,0.0,0.0,0.0,1.0,0.0,1,0.6326921582221985,nykJqeEWXFI,0,0,0,0,0,0,0,0,1,0
iTTMupW-zao,5.048245906829834,-13.731261253356934,5.944906982457335,-0.0528541226215644,68.72817771838979,2.507399577167019,2.731936291652657,0.5773195876288659,0.5773195876288659,0.6804123711340206,0.3298969072164948,0.134020618556701,0.2474226804123711,0.0515463917525773,0.2164948453608247,0.1443298969072164,0.268041237113402,0.6494845360824743,1.0,0.0412947051227092,0.0338159427046775,107.79801940917967,108.0,0.2104121446609497,126.0,0.021611001342535,0.9607511162757874,2.9459917545318604,58.59039263396026,25.77032153449968,15.230819165449429,13.8165622206526,11.972935605924636,4.750146781391033,-0.1820044474090887,2.554750924744097,1.4035858364936058,1.3217814179000569,5.5911175449398565,7.040912673621778,14.340367436813276,13.330390206743976,12.509082999805216,9.85571467485417,10.483142971212148,8.629157913110385,8.748626535990475,8.669935250618849,8.615988964721536,9.619390934287646,9.8163849274005,10.692714101919831,-0.0008185237389211,-0.0003128732350197,-4.741438153449575e-05,-2.0401281449148655e-05,-3.534187009131004e-05,-1.1236077247294792e-05,4.2104192202591525e-05,5.243084498545133e-05,-1.789273938475875e-05,-8.109286728079445e-05,-4.4266353828601536e-05,6.652989718438067e-05,1.0853291969390848,0.9790547505877542,0.9252676034076506,0.8846005417111884,0.8558123034543766,0.8617938127467489,0.8444888044503969,0.8593310472483335,0.8442826226881238,0.8361728542942051,0.8817362915707344,0.8765581880083765,0.2969198524951935,0.0940814986824989,24.050416946411133,45.48701095581055,2.929758071899414,2.385817527770996,15.248567581176758,16.99010467529297,905.7734375,586.8375244140625,10.42124843597412,5.842334270477295,-0.7382797,-0.6825503,-0.7070861,-0.74548686,-0.77820784,-0.8173475,0.08562774,0.087006696,0.090601094,0.08700462,0.061686218,0.03509351,-6.857569,-7.424196,-8.45384,-9.031371,-8.930326,-10.777061,1.2668326,1.1355188,1.2947788,1.3014109,1.3249058,1.3791,0.0649177134037017,0.0491869151592254,0.0446811728179454,0.0456116497516632,0.4767709089153762,0.3128261779156369,0.2074008945781137,0.4795001130147781,0.1482473700383972,0.2384609906880554,0.1147302643590868,0.2589494919939408,0.4097840666643209,0.1963256056893859,0.3138494716836895,0.2322055473698462,0.3308619385896726,0.2811648265351825,0.1677642329494542,0.2812192164349208,0.1250558694921298,0.1944633215012287,0.1051594239747782,0.184195437494687,0.2739834035846621,0.1483878883589513,0.2206928208694493,0.2083937148473919,0.4391887784004211,0.1194784790277481,36.264282,9.521444,13.313462,0.51333004,0.4470939,0.16559033,7.18662,0.082795165,0.23182645,0.0,0.74515647,0.033118065,0.0,0.21526743,0.0,3.9410498,0.28150356,4.2059946,1.6393442,0.64580226,0.74515647,5.8784566,6.1930785,7.7496276,1.0,0.0,0.0,0.0,0.0,0.0,0.0,0.0,0.0,0.0,0.0,0.0,0,0.8138608932495117,iTTMupW-zao,0,0,0,0,1,0,0,0,1,0
p2ntzbjjmQY,4.462682247161865,-9.675358772277832,7.567927617229984,0.0358306188925081,65.05312430088273,5.465798045602606,6.049306332074742,0.9090909090909092,0.9772727272727272,0.3409090909090909,0.5454545454545454,0.6590909090909091,0.5909090909090909,0.2727272727272727,0.3863636363636363,0.3863636363636363,0.5454545454545454,0.3636363636363636,1.0,0.0487061068415641,0.0151455337181687,124.0476531982422,123.0,0.3366666436195373,129.0,0.0033112582750618,1.254938721656799,4.830992698669434,64.96699268020028,3.0808552785379217,14.787607049127432,6.215761870675724,5.968132850451673,6.88127993802438,4.069850801382824,8.703702489629746,6.120886697808836,2.0936221327311246,0.9578660033082396,-0.3926928462165725,20.2810133315884,18.57589026046838,16.544155538976835,12.702345232718946,11.982809657249812,9.875723491495323,9.565270803617418,9.126352665469598,9.065148834721318,8.071191037362606,7.854191343249392,8.127240671250322,-0.0004999332656955,-0.0003669840828821,-0.0003911402590526,-0.0002844847726189,-0.0001615692736327,-0.0001231388660739,-0.0001050914341137,-7.841697597957941e-05,-1.4105082160928922e-05,-2.910337187606705e-05,-2.4353004175400496e-05,3.949899084132177e-05,2.074882039680819,2.0472981486359214,1.6904898810371034,1.6045771282315278,1.465451135375968,1.4533785441823377,1.3824206506736785,1.258882013904906,1.2874743234175758,1.1976151744861294,1.1893967777745635,1.238888057547479,0.1726958900690078,0.077794000506401,18.665470123291016,79.05492401123047,2.368668556213379,2.5288212299346924,31.148595809936523,23.11371612548828,1650.424072265625,766.4600830078125,20.54998779296875,12.40737533569336,-0.7036043,-0.7420092,-0.7333305,-0.77372175,-0.7884132,-0.8058632,0.08064043,0.097532324,0.09681741,0.067697376,0.04927232,0.039852373,-7.130125,-7.2782693,-7.7078514,-7.7321334,-7.589718,-9.742095,1.4272861,1.429228,1.4285177,1.4089401,1.4188714,1.3669795,0.086564116179943,0.0519704781472682,0.0902067273855209,0.0648079887032508,0.7487787609046294,0.5396966312245107,0.5840974982812172,0.4992143032470478,0.5153114329597245,0.4999994474546553,0.4216677325832375,0.5613836986632865,0.3611611592713644,0.3606259698318924,0.4603456115952914,0.4166310216353337,0.2291042037013541,0.1910137809770826,0.2250655087528695,0.2185653645619827,0.2190428999659801,0.234918774460633,0.189053548044248,0.2407977625200132,0.1639317381850782,0.1845068269632235,0.2637396585255857,0.1956650331169864,0.5434216856956482,0.1334993243217468,39.100838,2.0579388,12.980845,4.084217,0.5698908,0.0474909,0.36409688,0.0,0.2691151,0.158303,0.015830299,0.158303,0.5223999,1.5830299,0.17413329,3.1660597,0.0,3.2135508,0.6173817,4.1000476,19.439608,2.2795632,2.9444356,2.1529207,1.0,0.0,0.0,0.0,0.0,0.0,0.0,0.0,0.0,0.0,0.0,0.0,0,0.7813621163368225,p2ntzbjjmQY,1,0,0,0,0,0,0,1,0,0
cb93e-qovVM,3.55359959602356,-10.2747802734375,6.3605608052603655,-0.0694444444444444,65.8616977061769,3.9444444444444446,3.934494492762729,0.559322033898305,0.7966101694915254,0.4745762711864407,0.4915254237288136,0.4576271186440678,0.5084745762711864,0.0508474576271186,0.2203389830508474,0.3728813559322034,0.3389830508474576,0.8305084745762712,1.0,0.0457819364964962,0.0291554667055606,106.97062683105467,108.0,0.3261339068412781,101.0,0.0106157111003994,1.1403597593307495,3.5174694061279297,64.3232258906702,25.79509281770335,19.56743478115272,10.553636930702917,4.447928158043047,4.968233877569093,4.388169773358562,6.722010941605552,3.448131934019089,2.3961910632657144,4.671821742860366,2.5123730667792605,13.290204434662598,12.866835018454204,11.985282547709405,9.361314584936611,9.472575683323573,8.368983183826444,8.946712502994353,8.645800999092845,8.515647027261556,8.98651584271477,7.745866420852599,7.789331059517159,-0.0004663469019864,-0.0002650326404719,-0.0001964625781896,-9.475889701068676e-05,-6.327232930378431e-05,2.1557376185834534e-07,0.0001457618760204,0.0001455637978329,0.0002636091232989,0.0003261008615339,0.0001274412387662,2.0460773554744657e-05,1.3788721734483769,1.3543610043035827,1.1897692118474203,1.0930887429602998,1.0721928734039428,1.0375958795488454,0.99512509904287,1.0130772284574865,0.9761336325658478,0.9976310966566772,0.9590045238579398,0.9410493754778658,0.2127497941255569,0.0816002935171127,15.041263580322266,21.306678771972656,2.7836146354675293,1.6209073066711426,23.97659492492676,20.486719131469727,1373.6712646484375,1130.2601318359375,17.203218460083008,8.799778938293457,-0.72853076,-0.7101878,-0.7037517,-0.7332944,-0.73658055,-0.76331365,0.082071304,0.08193746,0.09322561,0.0887716,0.08600132,0.07294538,-6.574242,-7.0593567,-8.158286,-8.460924,-8.421727,-10.4608135,2.2130609,2.1055753,2.082369,2.1062822,2.2104754,2.2812753,0.0805913507938385,0.0585771165788173,0.0673799067735672,0.0596211142838001,0.5065305364465302,0.3325513625150306,0.5081693978536693,0.3275934659315155,0.3291333750812225,0.4031966558445047,0.2146953431712276,0.4285264404409438,0.2831376063745244,0.3308547824903406,0.32058450891976,0.2507898582560904,0.3049048763945742,0.2492535291937147,0.3187710175890811,0.2209277594502308,0.2277244009256634,0.2802541189571207,0.1551974351488984,0.2996899713820273,0.2178720989656726,0.2272694856549318,0.259698108987001,0.1912667362550437,0.4959975481033325,0.1004988551139831,7.4838257,7.1341143,8.393076,0.821822,12.502186,0.26228362,0.31474033,0.19234131,2.7627208,0.27976918,2.098269,0.85679317,0.0,0.0,0.05245672,0.69942296,0.15737016,4.3364224,7.1341143,10.788599,1.3463892,7.2739987,12.974297,12.134989,0.0,0.0,0.0,0.0,0.0,1.0,0.0,0.0,0.0,0.0,0.0,0.0,0,0.631264328956604,cb93e-qovVM,0,0,0,0,1,0,0,0,1,0
IahaAyu80Q4,4.786973476409912,-16.056901931762695,5.521103495640584,-0.0338266384778012,65.19422896598756,2.9788583509513744,3.3731274136394416,0.3195876288659793,0.7216494845360825,0.6391752577319587,0.4329896907216495,0.3608247422680412,0.1134020618556701,0.0824742268041237,0.1443298969072164,0.1752577319587628,0.2989690721649484,0.5876288659793815,1.0,0.0307572409510612,0.024540290236473,164.29852294921875,167.0,0.0,161.0,0.4009009003639221,1.2894055843353271,4.491462707519531,47.17779606759368,20.711332203444584,11.036842770627745,4.582340147011972,6.194346858233256,3.4010283562522994,1.935369801533672,3.772456875052114,1.7167804751619626,0.6499194616354079,0.9438333723829684,0.691420510599304,16.83475600262179,13.928352672070124,13.328074486383038,11.971771700862355,10.23985311619628,8.922001374780493,8.622510146697545,8.818874231461654,8.271580715963765,8.202700358013105,8.0118712089232,8.052981037930824,-0.0003158696111757,-0.0003084965118353,-0.0003669047118778,-4.663680563018678e-06,-0.0001689495434893,-5.148170519579579e-05,-5.265721572572007e-05,-0.0001268526126266,3.798929775967828e-05,-0.0001050877541895,-7.638846110399411e-05,-7.304333460947747e-05,1.8589159339520416,1.6321156123396177,1.4444104607409445,1.4329744657558612,1.2595850795375068,1.1508578492862818,1.0596404417621577,1.072967391450231,0.9971991209570568,0.9491511908203898,0.922348963215612,0.9062704579878886,0.2257550507783889,0.1058269813656807,20.507984161376957,56.8501205444336,2.644195556640625,2.659217596054077,29.521642684936523,30.059978485107425,1610.7174072265625,1352.3909912109375,13.904186248779297,11.943373680114746,-0.7209519,-0.72278094,-0.7274521,-0.77242357,-0.78064173,-0.8035645,0.09375573,0.09391182,0.09841785,0.07237529,0.056917503,0.058269933,-7.5357413,-7.5224376,-8.287349,-8.730134,-8.325295,-10.663754,2.5340006,2.3288798,2.299722,2.2623773,2.32259,2.3911576,0.0909499824047088,0.0745959728956222,0.079379104077816,0.0758457705378532,0.6672421306904227,0.6428219904655019,0.5371970218914717,0.3748030751797452,0.4677056204070331,0.4662669793567628,0.546703665840433,0.5797544907123792,0.3580491923838891,0.4796229779588674,0.3385125558156588,0.3847866178362959,0.2452124341070323,0.2421321322779859,0.2336722813005338,0.178759534143901,0.2302912587235689,0.2243258911496836,0.2324683355504556,0.2450632693160019,0.1647393572081788,0.2312371200871396,0.1804954359653564,0.2032726275350141,0.5067695379257202,0.1470222771167755,0.019025875,0.11415525,0.58980215,0.0,0.03805175,4.5662103,0.456621,1.5030441,0.0,1.4079148,1.6362252,3.4817352,5.2321157,6.7922373,17.713089,11.52968,9.684171,4.8325725,21.061644,8.047945,0.0761035,0.34246576,0.83713853,0.03805175,0.0,0.0,0.0,0.0,0.0,0.0,0.0,0.0,0.0,0.0,0.0,1.0,0,0.6384285092353821,IahaAyu80Q4,1,0,1,0,1,0,0,0,0,0
CJcl0tSTNS8,4.131394386291504,-9.738774299621582,7.778588442841394,0.0655737704918032,68.46035320875886,4.155737704918033,4.465295121418653,0.6759259259259259,1.0,0.4629629629629629,0.1851851851851851,0.1481481481481481,0.1851851851851851,0.1203703703703703,0.2222222222222222,0.1759259259259259,0.2685185185185185,0.3611111111111111,0.7129629629629629,0.1160350888967514,0.1059843897819519,85.06051635742188,85.0,0.0625,172.0,0.0226700250059366,1.3055534362792969,4.042065620422363,46.6695255848209,17.226367369051147,17.57195642416637,9.6287688418965,5.349353470091039,5.617846186942859,6.431054333249564,5.751030504767206,4.93042922025418,6.041298682829469,4.24550462001733,1.5110658556270875,18.185299058359806,17.06059646535765,15.582329856150386,12.718915030362332,12.990703842790472,11.9127318378484,10.276330342620277,10.166811272664948,10.287271633386776,8.834865352979826,8.513729599215889,7.982338245201122,-0.0001547196232277,-9.47916036432723e-05,-8.26911020819929e-05,-0.0001380837046732,-0.0002002533414483,-0.0002014764977608,-0.0001898423944008,-0.0001724838494049,-0.000144744763607,-0.0001190483705161,-0.0001120561567291,-0.0001054066540524,2.1644494244752086,1.921536121946898,1.754265938411075,1.4451700329099764,1.4379169507598732,1.4160693738840586,1.2887530649604408,1.3317137785742048,1.3247264600230533,1.1349674581244809,1.1427836671586946,1.0995733378083592,0.248465821146965,0.1027484014630317,33.098392486572266,71.1226806640625,3.6211965084075928,3.087772846221924,21.873619079589844,22.47907257080078,1421.5101318359375,814.3246459960938,15.013642311096191,11.127626419067385,-0.7233657,-0.741807,-0.75365895,-0.7834494,-0.78476965,-0.7538094,0.08190466,0.086108305,0.08352013,0.06560958,0.051611464,0.07265524,-7.0425034,-7.211393,-7.9359756,-8.049897,-7.9328275,-10.721944,1.2708468,0.950467,1.0641613,1.0736885,1.2152795,1.1864185,0.0957330241799354,0.0777593329548835,0.0510953329503536,0.0411310829222202,0.7325565697069919,0.5232534535912429,0.5027437170034701,0.5720526692183845,0.530515578611329,0.5170417968983602,0.4667543000175428,0.4416770669903168,0.3751397862687055,0.3782775863174106,0.3680745248481731,0.5773344600709023,0.2278859881901642,0.2405906404229967,0.2574739705089754,0.2828687370911243,0.2512481730950296,0.2596074637627074,0.2264150714669216,0.2226982673078923,0.2197094655210872,0.212647941747353,0.2039825526714948,0.2572429092699437,0.4946634471416473,0.1565571874380111,24.309393,2.0372927,0.2417127,6.9233427,2.5207183,3.55663,2.054558,24.551105,5.196823,5.3349447,0.5179558,0.034530386,0.05179558,2.589779,1.9337016,4.782459,0.9495856,2.9005525,0.6560773,0.0,1.3639503,0.34530386,3.038674,4.109116,0.0,1.0,0.0,0.0,0.0,0.0,0.0,0.0,0.0,0.0,0.0,0.0,1,0.4666637778282165,CJcl0tSTNS8,0,1,0,0,0,0,0,0,0,0
OkqZJzdNCRM,5.162486553192139,-11.721620559692385,8.147422374846943,0.0245901639344262,70.18828365103602,3.3579234972677594,3.2793908628441657,0.3283582089552239,0.6567164179104478,0.7761194029850746,0.8059701492537313,0.2686567164179104,0.2686567164179104,0.1343283582089552,0.2238805970149253,0.1791044776119403,0.3134328358208955,0.5074626865671642,1.0,0.0333747789263725,0.0230041332542896,150.3870391845703,152.0,0.3804173469543457,144.0,0.0254110619425773,0.9953019618988036,2.990851640701294,66.50653267760985,18.958026206563467,13.975984275552038,7.918522869363029,3.135827837946002,-2.5093852482758146,0.2418846170483743,3.868890391554176,1.7435641948515013,2.2785394099611005,0.9591210065896968,0.9447390009632564,15.481461731468848,14.514318416998131,13.018129049431645,11.170901058648342,11.674655242613747,10.200344104949902,10.097569536822194,9.875967667829409,9.54317645441489,9.393778098310136,9.455854723336907,9.114518973386229,-0.0007713137494017,-0.0004745114748532,0.0002985502013576,-4.878173766456405e-05,-0.0001799294250727,-0.0003668358554699,-5.150372656098583e-05,-0.0002853412351999,-0.0002518976702371,-0.0001739163633249,-2.2267003296719643e-05,1.2877026357675384e-06,1.71675292112892,1.3887599895643563,1.2687191626501817,1.2145731488891978,1.1540142826974116,1.157836184382555,1.0856945554394692,1.061316841264651,1.060571929898761,1.0572678146939605,1.0342273635150705,1.0083319306157243,0.1657585203647613,0.0662263482809066,11.861361503601074,16.832712173461914,2.383305311203003,1.6393471956253052,35.29315948486328,31.18677520751953,2072.69482421875,2381.787109375,15.880866050720217,9.885828018188477,-0.74341106,-0.77401054,-0.743599,-0.75655884,-0.7765027,-0.7977688,0.11044382,0.079055175,0.09955057,0.09887042,0.07845886,0.05531423,-8.093239,-8.013951,-9.066536,-9.414299,-9.260102,-10.7825985,5.1081495,5.109196,4.882707,4.8205867,4.8654118,4.4600058,0.0744465515017509,0.0484003126621246,0.1012689471244812,0.1092962920665741,0.590726227669851,0.2802836975734115,0.4259431220381959,0.3971375968940781,0.3799609577221771,0.5113271920458506,0.2582797586929623,0.5673030465530969,0.4139693323247388,0.5669550371196915,0.5620622783793676,0.3729033218176657,0.2499081472217671,0.1445781509976952,0.2268191615555959,0.2345065496575132,0.2136965060952658,0.2359051411822788,0.1556126544996752,0.2691917090270996,0.2150347512207399,0.242846369649729,0.2577895649759955,0.1980503413358003,0.5283086895942688,0.122733287513256,38.76143,3.5190616,10.091427,5.934104,1.2075211,0.15525271,0.8280145,0.069001205,0.0,0.0,0.0,0.0,0.0,0.7762636,0.034500603,1.0350181,0.10350181,0.41400725,0.8970157,12.144213,7.6073833,4.4333277,5.0025873,6.9863725,0.0,0.0,0.0,0.0,0.0,0.0,0.0,0.0,0.0,0.0,1.0,0.0,0,0.8030412793159485,OkqZJzdNCRM,1,0,0,0,0,0,0,0,0,0
guIFUnXFLT4,3.748621225357056,-9.670958518981934,6.129053773809614,0.0560747663551401,67.3622206965422,4.593457943925234,4.406680803754138,0.5757575757575758,1.0,0.4848484848484848,0.6363636363636364,0.4242424242424242,0.4242424242424242,0.0909090909090909,0.4242424242424242,0.2727272727272727,0.5151515151515151,0.6666666666666666,0.9696969696969696,0.0423316396772861,0.0279591456055641,123.52721405029295,123.0,0.4527687430381775,129.0,0.0687679052352905,1.1071585416793823,3.462684631347656,74.52578539279284,12.44348578301529,16.377500328436888,6.62234881100372,0.0923147355277487,3.482755307186004,7.824779346012678,5.014669437145311,4.1008514825807705,4.935941609707914,1.7250446467718188,2.073299544371665,13.01468083830367,12.654713436718843,12.31944016589716,9.107009106133784,9.813470605010258,9.21957809913085,8.227830672345975,8.445697766849054,7.559592858692949,7.468167659657104,7.134870268140922,6.464851573564083,0.0003843011142803,-0.0007956245018736,2.460254462378684e-06,-0.0001611594341494,-0.0001679150929432,-6.623084671633602e-05,-7.482322244473922e-05,-0.0002482060593481,-0.0002024161293486,-8.301336462983288e-05,-1.919448840252802e-05,-4.848566789200979e-06,1.4016223536183063,1.3048134452891134,1.3061341328179263,1.1675734710701346,1.2296450364420528,1.1927406715822453,1.1427806669905904,1.133947734807521,1.049283227990535,1.0527710198526687,1.0129190559229933,0.971148329782296,0.1891362965106964,0.071376085281372,10.854761123657228,21.38023567199707,2.287182569503784,1.6317520141601562,25.21153259277344,16.680082321166992,1322.6455078125,610.8741455078125,24.15533447265625,14.194071769714355,-0.74895614,-0.7582451,-0.77061814,-0.80278575,-0.8048504,-0.77558935,0.056947615,0.06179764,0.059437014,0.043076172,0.030129934,0.044934697,-6.3601127,-6.494272,-7.1293945,-7.297399,-7.4696403,-10.204729,0.88430744,0.9380486,1.0140593,1.0371547,1.1290593,1.1451414,0.0879615172743797,0.0589345507323741,0.0625014007091522,0.0352470986545085,0.7408689699672272,0.4521287566200224,0.4948861672288469,0.5160634470202842,0.3596974353874247,0.5278604673317622,0.3124729060294833,0.480863280705398,0.35285598000154,0.32964453610008,0.3639702667675866,0.2662493680808369,0.2701043562496398,0.2086102478696296,0.2411305096425259,0.2742391189712513,0.1855185908811183,0.283353394655171,0.1696286422737236,0.225474547931452,0.2182333195583589,0.1582869494950921,0.2359284457256859,0.1406905150114913,0.5783033967018127,0.117712490260601,26.757494,5.1771116,4.2779293,5.3405995,0.24523161,19.700272,0.0,9.482288,0.0,0.1907357,2.7792916,2.561308,0.0,0.0,0.49046323,0.1907357,0.0,0.027247956,1.7983651,0.0,0.0,0.0,9.128065,11.852861,0.0,0.0,0.0,0.0,0.0,1.0,0.0,0.0,0.0,0.0,0.0,0.0,0,0.6053709983825684,guIFUnXFLT4,0,1,0,0,0,0,0,0,0,0
q45sz0BG4f4,3.1184024810791016,-10.842376708984377,5.182580033387728,0.0779944289693593,60.09530950228239,3.543175487465181,3.317498461855417,0.631578947368421,1.0,0.9649122807017544,0.4561403508771929,0.2105263157894736,0.5263157894736842,0.0350877192982456,0.4736842105263157,0.1929824561403508,0.4210526315789473,0.7192982456140351,0.6666666666666666,0.0379716232419014,0.0198118183761835,122.98316192626952,123.0,0.1612150073051452,152.0,0.0130151845514774,1.1237008571624756,4.318736553192139,79.075649590146,32.87305416528341,23.519522011347743,10.382730489249584,5.28093516680847,0.9856970685169232,0.5182303447605341,1.5648238874936151,-0.3837701122154193,-1.8507871294053395,-2.1678931335076466,-2.93737855542198,14.7141786442814,15.27640894552412,12.98160775327392,10.755737551874184,9.936931496534982,9.060986404863998,8.334446514076882,8.776981096298424,7.6698394498783475,7.441382345588819,7.335289836039434,7.018570325262025,-0.001229332623221,-0.0004131103612818,-0.0003457857644913,-0.0001373244535628,-7.938633096443052e-05,-8.152189400647555e-05,2.6038502168557253e-05,8.554531574054698e-05,-5.4593360810911134e-05,-3.169029406758494e-05,-3.1109952806273106e-05,-3.1567630171523434e-05,1.4104359435445168,1.2667984947916096,1.18974030658791,1.08521315978399,1.1601430104703654,1.0914217560215125,1.026072947355095,0.9975154626930176,0.9148570733869068,0.889208781909632,0.9026105339443996,0.8678930956849717,0.2489960342645645,0.0920334234833717,21.85344886779785,25.93763732910156,3.095705270767212,1.6769979000091553,15.026039123535156,19.26693344116211,959.0100708007812,1187.305908203125,15.045870780944824,8.663084030151367,-0.67356926,-0.7448515,-0.7593699,-0.79475296,-0.7986329,-0.7898702,0.071821444,0.07704109,0.08204632,0.0629384,0.059077777,0.04873274,-6.6129284,-6.9391365,-8.048815,-8.422014,-8.392425,-10.658848,2.2966971,2.293959,2.2713075,2.3035147,2.3395581,2.1732585,0.0742558911442756,0.0533635653555393,0.0530965477228164,0.0581920258700847,0.7094881560640268,0.2345693958609153,0.4248802096010158,0.3028836296093637,0.4651667888952696,0.4699319535276108,0.2582968793837155,0.6673953219968324,0.2276244618105629,0.3343192360490867,0.2116632249056912,0.3209490516611167,0.2469180004955747,0.1410310628462943,0.2538272778218933,0.178089942922892,0.2412845170075886,0.2967948315322131,0.1451492881959783,0.2435848532566291,0.1305396900842831,0.2092213445605463,0.1362016775223118,0.1851588005234436,0.5872803926467896,0.1025449484586715,60.045757,3.0574043,14.99584,0.0,0.0,0.0,0.0,0.0,0.0,0.0,0.18718801,0.0,0.0,0.0,0.0,0.062396005,0.0,0.74875206,0.0,0.08319467,0.31198004,1.4559069,18.032446,1.0191348,0.0,0.0,0.0,0.0,0.0,0.0,0.0,0.0,0.0,1.0,0.0,0.0,0,0.844092845916748,q45sz0BG4f4,1,0,0,0,0,0,0,0,0,0
gqZzMmFsNzE,4.920119285583496,-8.144061088562012,6.137887033344358,0.0073529411764705,74.63172572788461,5.981617647058823,4.823696139066134,0.918918918918919,0.5945945945945946,0.4324324324324324,0.5405405405405406,0.2972972972972973,1.0,0.4054054054054054,0.972972972972973,0.6486486486486487,0.4864864864864865,0.4054054054054054,0.6486486486486487,0.0414846390485763,0.0391968265175819,79.0053939819336,80.0,0.4405285716056824,74.0,0.0130434781312942,1.5557163953781128,5.225322246551514,42.53516832633453,5.452882381469127,14.434009280492168,13.534789657365806,5.780876533087977,3.418976431251094,1.9399606481774632,2.217882248807865,4.138448546012685,3.682516487753763,4.717584592118516,0.6838364120146085,21.79333225130663,21.17058775037973,18.70219083268454,15.875671847585089,14.02787849047314,12.1195687509932,11.49312334379141,10.276178278894786,9.672801233283511,8.252453388361575,7.852338010837388,8.0111197310438,-0.0003850529379587,-4.220855389683315e-05,-3.7676989105578607e-05,-3.952479950414792e-05,9.62799347391661e-06,0.0001023600990683,0.0001049992627108,1.5871095014671963e-06,-6.827176267414951e-06,5.438903105158859e-05,5.72869663611561e-05,-7.267820161736093e-06,3.0725102692343857,2.531477384392395,2.0427677139544693,1.7590781081160851,1.7421829703084684,1.5772184349706304,1.5491881140671495,1.3774711693395938,1.3177798937809768,1.213371091451433,1.218646735080374,1.1553045269017712,0.1803931295871734,0.0785930678248405,16.705081939697266,92.2992172241211,2.167266845703125,2.732785701751709,42.42012786865234,33.68854904174805,1924.9478759765625,879.7789306640625,15.426973342895508,9.975539207458496,-0.76052773,-0.7603814,-0.7529487,-0.7465865,-0.7468669,-0.76721716,0.084694475,0.0947924,0.08226917,0.075271405,0.07235528,0.046583433,-7.3147707,-7.5259995,-8.132163,-8.0957775,-8.29301,-10.450605,1.4106125,1.4292413,1.4506351,1.4254057,1.4674968,1.633122,0.093561515212059,0.085893765091896,0.0816925391554832,0.0548371449112892,0.892493361846287,0.4927388793068123,0.4294229252116205,0.42320539885671,0.436017605211183,0.3978176255530447,0.4058997391865777,0.692380228266478,0.3434336732536515,0.5125130699374427,0.6192172846340332,0.5339123239835475,0.1573828428183308,0.2681942208083789,0.2086609720083457,0.1872427537924541,0.1936927992268412,0.2127684455946849,0.2245745280635213,0.1962534462181163,0.2079280221151996,0.2652564834523947,0.2935297069271333,0.2724452675949315,0.5237177014350891,0.1546917408704757,77.58485,0.0,2.4204156,0.1578532,0.1578532,3.0781374,0.0789266,14.127861,0.0,0.36832413,0.0,0.0,0.6314128,0.0,0.0,0.0789266,0.0,0.0,0.0,0.49986845,0.0,0.0,0.8155748,0.0,0.0,0.0,0.0,1.0,0.0,0.0,0.0,0.0,0.0,0.0,0.0,0.0,1,0.7545921802520752,gqZzMmFsNzE,0,0,0,0,0,0,1,0,0,0
UMoyT_4mdUU,2.343775749206543,-15.150761604309082,7.1798843410890525,0.0342465753424657,68.60276274033971,5.107305936073059,4.881227814747278,0.4264705882352941,0.7058823529411765,0.8382352941176471,0.3823529411764705,0.4117647058823529,0.4852941176470588,0.25,0.5147058823529411,0.3823529411764705,0.3088235294117647,1.0,0.7352941176470589,0.0343444757163524,0.0118742724880576,89.89601135253906,91.0,0.4881719946861267,85.0,0.0185950398445129,1.1379979848861694,2.6983072757720947,65.31957903929806,4.688839153033286,26.36309904274493,1.7512048116531092,4.238757228587516,4.812414056335077,1.4480547523361884,1.5972104184771112,-0.4252957071107126,-1.583905319165006,-3.169588717008464,-0.5181882628300447,13.40309752437527,14.39989963869987,10.025433127094246,9.669533359693816,8.788023546921305,9.364633341589634,8.297598751984799,8.111016928532285,7.540685861718752,7.44787174134983,7.367433744928644,7.127891314938354,0.0001358111470052,0.0001032960363508,-0.0003075995946825,3.509389773857325e-06,2.8879475388638867e-05,0.0001362469383597,0.0002816229810704,0.0002013057418881,6.13714317147715e-05,0.0001647836724659,0.0001326454594873,5.960458889604227e-05,1.4164580803792517,1.3785339654348117,1.2230338271390548,1.1976091623538376,1.1817481689863107,1.242142998885943,1.1995687110308884,1.1970353857763054,1.131201776885115,1.090061205696676,1.0810357316479573,1.066092179006901,0.1416332870721817,0.0516023561358451,7.592861175537109,11.640140533447266,2.245033025741577,1.262170433998108,36.35517883300781,20.588024139404297,1882.489990234375,580.338623046875,29.55942726135254,11.121435165405272,-0.6989859,-0.7845965,-0.78709537,-0.8092048,-0.7966936,-0.7447231,0.06647964,0.054884344,0.047468755,0.03679107,0.028848557,0.042419873,-6.639466,-6.482198,-7.0500965,-7.10612,-6.7593117,-10.061723,0.75417495,0.7514942,0.7391154,0.69453716,0.73282164,1.3225347,0.076820783317089,0.0408125072717666,0.0821707025170326,0.0376403629779815,0.7356423940544489,0.3350659477179871,0.4545180121341743,0.3255373446197723,0.3876486798813552,0.4736024124458304,0.3721664113149837,0.5385180607563166,0.3143680475591948,0.4479633002337382,0.4427161713329609,0.4397567086737867,0.257774927239903,0.157883217248212,0.268142657866052,0.1785699172253402,0.1898175745043345,0.2297724470911847,0.175610880831788,0.2421543382692826,0.1426994242378642,0.2144878698779974,0.2279649286919698,0.2132043567022437,0.6312135457992554,0.0941614359617233,18.549313,1.7058486,46.60264,5.232225,5.0315366,2.3795872,5.705275,0.0,0.05733945,0.0,0.0,0.0,0.0,0.0,0.0,1.6771789,0.0,1.2901376,0.0,6.551032,0.15768349,1.3761468,0.8457569,2.8383029,1.0,0.0,0.0,0.0,0.0,0.0,0.0,0.0,0.0,0.0,0.0,0.0,0,0.7971726059913635,UMoyT_4mdUU,0,0,0,1,0,1,0,0,0,0
0-gOHrzN8tY,5.316685199737549,-11.171265602111816,4.107543105882367,0.0063965884861407,64.99691377597397,3.321961620469083,3.2079272131586154,0.5588235294117647,0.7352941176470589,0.8676470588235294,0.5,0.3529411764705882,0.75,0.1617647058823529,0.3970588235294117,0.1617647058823529,0.6470588235294118,0.7647058823529411,1.0,0.017634879797697,0.0144174927845597,123.76639556884766,123.0,0.3542976975440979,148.0,0.0138067062944173,1.0482335090637207,3.490546703338623,70.53825589173168,2.034260898248525,9.52019506742341,5.273871148766479,-1.0568357170229397,-2.9737858105354875,-3.3791133997410685,-0.4073036577081702,-3.5522725598001523,-2.2607630559901537,-2.181532470682676,-0.5939981736109085,16.547763788391933,18.3151959393376,15.05596439894338,12.164289079794685,10.980655387611138,9.666435861164116,9.990203038709272,10.763639883535127,9.822220452059833,8.894656629058101,9.100153897726354,8.923215666855105,-0.0010781303127662,-0.0001005634135406,-7.544419229796987e-05,-0.0001695963811284,3.987811573014466e-05,0.0001488571052703,7.586858235573177e-05,5.6256969469283706e-05,8.395323750368919e-05,4.355481034364164e-05,-1.2727630929870937e-05,-6.536779082316089e-05,1.5707569285878895,1.6875773264638074,1.3310791628782428,1.220255395614987,1.1899356011041344,1.1068781928149578,1.0790891204485829,1.116368513254417,1.0925612266943174,1.0562845045089586,1.0459903219303834,1.044401335191755,0.2134080380201339,0.0516539104282856,4.711087226867676,26.00688743591309,1.4792976379394531,1.2389864921569824,25.53620338439941,18.13043975830078,1279.080322265625,580.1309814453125,13.790521621704102,6.927480697631836,-0.72596747,-0.73539853,-0.75939304,-0.7716441,-0.7583984,-0.76582927,0.075593755,0.08386402,0.07604013,0.061904207,0.060624767,0.04474014,-7.5293126,-7.0990367,-7.6365128,-7.8977237,-8.49955,-12.011114,0.9296538,1.0211275,1.0163039,1.0041615,1.088582,1.2895184,0.0581407025456428,0.0443132184445858,0.058270838111639,0.0446872301399707,0.5210080367041626,0.2923358878026413,0.3226891142113908,0.4383472280690641,0.272375233378149,0.4733439209473501,0.2963749219703066,0.4508663355839774,0.3630061325115283,0.4094348911789282,0.5066651084254946,0.3397562826968197,0.2754656285559279,0.1835091942303719,0.208142076344303,0.2463533829365909,0.1699600500608864,0.2574877628657365,0.1778678917600905,0.2581236778145063,0.2220628716533385,0.2440203275767084,0.2672575249159784,0.2164153062358828,0.580377995967865,0.1030167117714881,5.7240334,0.49279758,31.122063,0.51175135,3.1842306,0.11372252,0.7202426,0.5875663,0.24639879,0.037907507,0.11372252,0.018953754,0.037907507,0.51175135,0.018953754,2.0470054,0.24639879,5.363912,0.37907505,6.3495073,3.5633056,6.292646,29.833206,2.4829416,0.0,0.0,0.0,0.0,0.0,1.0,0.0,0.0,0.0,0.0,0.0,0.0,0,0.6791260838508606,0-gOHrzN8tY,0,0,0,1,0,0,0,0,0,0
X54gNiZtBJw,5.128541469573975,-8.995207786560059,8.63624165913561,0.0073891625615763,66.9711087160589,3.522167487684729,3.509066544161957,0.6617647058823529,0.6029411764705882,0.9558823529411764,0.2941176470588235,0.25,0.4705882352941176,0.0147058823529411,0.4264705882352941,0.3235294117647059,0.2647058823529412,1.0,0.7058823529411765,0.0311691127717494,0.0131688192486763,88.0278549194336,88.0,0.0575916171073913,0.0,0.0,1.106680393218994,3.636133193969727,65.0490748227683,-2.607808748131676,24.99250561677802,6.083963895840492,1.3762669302460848,8.450277253940047,2.61373304656947,6.228190095012446,6.311280560590802,-0.1942877031374938,2.5827780945685346,0.6055153354733769,14.819443417129564,16.819184321069066,15.197953976006511,12.728319978077849,11.575510785880123,10.542933945169906,10.568046565000738,10.43033331421352,10.322199659358304,8.866012071598794,8.46882900955816,8.614970173874934,-0.0010692456674882,0.0001587847083682,-0.0004784167090025,-0.0002368463898223,-0.0001544122538938,-0.0002170971532255,-9.720869702555368e-05,-0.0001505537975123,-0.000114635414206,-6.595093197956926e-05,-0.0001002417577237,-7.2523156601832095e-06,1.4024099906644223,1.6516930006473838,1.5089297749868478,1.301567896334954,1.291741442686016,1.2731049394376237,1.224733932234161,1.1382691671010516,1.1812807613389682,1.1054885574179676,1.0364308624234235,1.0304114804149571,0.1579961329698562,0.0468578077852726,6.620777606964111,10.987997055053713,1.9228352308273315,1.3857938051223757,35.02061462402344,20.93977928161621,1767.4486083984375,584.48974609375,19.101720809936523,10.18773365020752,-0.7281285,-0.7475353,-0.7432557,-0.75924164,-0.7638043,-0.77239466,0.070003234,0.08199964,0.0788934,0.061298758,0.059095874,0.035868842,-7.089269,-7.2500124,-7.859072,-7.786712,-7.6839213,-10.329577,1.467244,1.4115255,1.407601,1.3798119,1.3460753,1.310057,0.0676792338490486,0.0464102067053318,0.077018879354,0.0482784435153007,0.6416622410240653,0.3255201548281879,0.5080102922807767,0.301852998792581,0.4367650546781793,0.4986861844160002,0.2918418565934662,0.6076097528033388,0.3193016171064163,0.3662016386165802,0.2950188642780617,0.4033665547834542,0.2811732419545822,0.1799615531448185,0.266077851131026,0.1835239538829259,0.2532950194889098,0.3153477841728755,0.1796907562818447,0.2775699078457057,0.1817844779690828,0.2035011197723111,0.1690075179106378,0.2081161149930616,0.5514795780181885,0.0889829099178314,45.752792,5.586097,22.237986,0.0,0.0,0.26600462,0.0,0.0,0.6029438,0.0,0.017733641,0.0,0.0,0.0,0.0,2.3940415,0.0,0.93988293,0.088668205,1.330023,0.088668205,2.766448,16.17308,1.7556304,0.0,0.0,0.0,0.0,1.0,0.0,0.0,0.0,0.0,0.0,0.0,0.0,0,0.8814955949783325,X54gNiZtBJw,1,0,0,0,1,0,0,0,1,0
fL-AO7grZ9s,2.2303969860076904,-11.536443710327148,6.14397764935983,0.0171306209850107,60.79113436970906,4.137044967880086,4.059311109701258,0.4318181818181818,1.0,0.4659090909090909,0.2272727272727272,0.2727272727272727,0.3295454545454545,0.2159090909090909,0.3522727272727273,0.2272727272727272,0.3977272727272727,0.4659090909090909,0.9204545454545454,0.0531977005302906,0.0245741251856088,111.90144348144533,112.0,0.2919540405273437,103.0,0.0156599543988704,1.46627938747406,3.971792459487915,86.48694721187508,33.136540543924845,21.86124842877969,5.840996234439683,7.248077911793448,5.2821238380131845,2.196793826597204,4.324821310661471,1.1361148989377514,1.574849011341776,2.7249433796086677,1.695000757323237,16.562516115071407,14.91610120831218,13.486842166638704,10.413033274380703,9.753987140484185,8.515936063969475,8.15676158321335,8.37611339959514,7.509158706646201,7.157775395487593,7.184520719909411,7.227031881476832,-0.0004683902246189,-0.0006602051308213,-0.0003326218584558,-0.0002189452697726,-0.0002617141611556,-8.936916773781091e-05,-6.74635689587787e-05,-9.440376829810549e-05,-0.0001181434934467,-0.0001673828888723,-0.0001224908492978,-5.069701318144464e-05,1.903158415649642,1.6158560202934895,1.444277160500751,1.3429098895410605,1.2595280658018684,1.1572531249317537,1.144542886541758,1.156849881242418,1.0671796617196467,1.0314521571851645,1.049647911863742,1.020004116408597,0.2318699657917022,0.0623297803103923,15.557472229003906,14.543496131896973,2.861556053161621,1.2920154333114624,16.506689071655273,15.113853454589844,1010.5538940429688,620.4541625976562,18.2818546295166,8.283143043518066,-0.7051404,-0.7425688,-0.76069826,-0.80812573,-0.7932856,-0.77979743,0.063036054,0.065814674,0.06645271,0.053302087,0.04774975,0.030813085,-6.0708437,-6.3578506,-7.2325997,-7.7696986,-7.5817895,-10.264454,1.0275501,0.93590015,0.8997969,0.92819226,1.0379152,1.2135271,0.1047194823622703,0.0469346083700656,0.0499693118035793,0.0434699058532714,0.7073668687821456,0.3637143325176163,0.3864851583933252,0.3008436247400973,0.4667580709771372,0.5279774755427756,0.4174150503681846,0.5728411276425105,0.3421281746053039,0.4048741942281063,0.5417964748241075,0.5182556506407554,0.2638244798475206,0.1762386225841691,0.1995901944277474,0.1748267302191602,0.2076089075471866,0.2458705681627859,0.1895969931741848,0.239404917224363,0.1698744786736823,0.210318210047167,0.2584055037235543,0.2115806376183169,0.5819141864776611,0.0940995141863823,14.615385,1.7307693,39.98077,4.6923075,2.7692308,0.90384614,1.1538461,0.9230769,0.40384614,0.0,0.0,0.0,0.0,0.5576923,0.0,1.4038461,0.0,7.076923,0.057692308,5.519231,3.8461537,7.3076925,5.9615383,1.0961539,1.0,0.0,0.0,0.0,0.0,0.0,0.0,0.0,0.0,0.0,0.0,0.0,0,0.7056223750114441,fL-AO7grZ9s,0,0,0,0,1,0,0,0,1,0
